LOCPOST,TIME_MEASURED,I1,I2,I3,I4,I5,Vh1,Vh2,Vh3,Vh4,Vh5,Vht,Bt,BESCH,ingevuld,rec_kl_gaten,rec_geslvak,rec_typed
101802,2026/03/01 00:00:00,0,14921,1324,224,455,0,104,103,95,86,103,1,100,1,0,0,0
101802,2026/03/02 00:00:00,0,18993,3015,1035,6765,0,92,92,81,79,88,6,100,0,0,0,0
101802,2026/03/03 00:00:00,0,20773,3295,1090,7185,0,90,88,82,78,86,6,100,1,0,0,0
101802,2026/03/04 00:00:00,0,20635,3312,1064,7415,0,91,90,83,78,87,6,100,1,0,0,0
101802,2026/03/05 00:00:00,0,20827,3217,1079,7109,0,90,88,81,77,86,6,100,1,0,0,0
101802,2026/03/06 00:00:00,0,21192,3267,1009,6431,0,100,98,88,83,95,5,100,1,0,0,0
101802,2026/03/07 00:00:00,0,17360,1879,398,991,0,105,103,95,86,103,1,100,0,0,0,0
101802,2026/03/08 00:00:00,0,17248,1790,315,510,0,105,103,96,87,104,1,100,1,0,0,0
101802,2026/03/09 00:00:00,0,20350,3320,1063,6947,0,93,93,83,79,89,6,100,1,0,0,0
101802,2026/03/10 00:00:00,0,20001,3215,1026,6874,0,86,87,79,76,83,7,100,1,0,0,0
101802,2026/03/11 00:00:00,0,20258,3297,1058,6977,0,90,90,81,78,86,6,100,0,0,0,0
101802,2026/03/12 00:00:00,0,19940,3206,1081,6367,0,89,89,80,77,86,6,100,1,0,0,0
101802,2026/03/13 00:00:00,0,19302,2954,911,5581,0,86,85,73,73,82,7,100,0,0,0,0
101802,2026/03/14 00:00:00,0,15113,1520,341,861,0,105,104,95,85,103,1,100,1,0,0,0
101802,2026/03/15 00:00:00,0,15855,1473,276,433,0,105,104,93,87,104,1,100,1,0,0,0
101802,2026/03/16 00:00:00,0,19540,3165,1014,6705,0,86,86,79,76,83,7,100,1,0,0,0
101802,2026/03/17 00:00:00,0,20901,3366,1001,7077,0,93,92,83,80,89,6,100,1,0,0,0
101802,2026/03/18 00:00:00,0,19922,3176,1074,7240,0,83,81,75,73,79,7,100,1,0,0,0
101802,2026/03/19 00:00:00,0,20516,3293,1050,6829,0,88,88,79,77,85,6,100,1,0,0,0
101802,2026/03/20 00:00:00,0,22391,3284,1060,6961,0,95,94,84,80,90,6,100,1,0,0,0
101802,2026/03/21 00:00:00,0,18943,1805,472,1066,0,104,104,95,86,103,2,100,1,0,0,0
101802,2026/03/22 00:00:00,0,18943,2009,412,585,0,104,103,95,87,103,2,100,1,0,0,0
101802,2026/03/23 00:00:00,0,20170,3254,1037,7119,0,89,88,79,76,85,7,100,1,0,0,0
101802,2026/03/24 00:00:00,0,20686,3294,1037,7425,0,90,89,80,78,86,6,100,1,0,0,0
101802,2026/03/25 00:00:00,0,20567,3374,1038,7283,0,95,94,85,81,91,5,100,1,0,0,0
101802,2026/03/26 00:00:00,0,21274,3293,1122,7379,0,82,82,74,72,79,7,100,1,0,0,0
101802,2026/03/27 00:00:00,0,22607,3540,1099,7004,0,92,91,82,78,88,6,100,1,0,0,0
101802,2026/03/28 00:00:00,0,17911,1806,442,1065,0,105,104,94,87,103,2,100,1,0,0,0
101802,2026/03/29 00:00:00,0,16228,1543,343,524,0,105,104,94,86,104,1,100,1,0,0,1
101802,2026/03/30 00:00:00,0,20125,3254,1001,7096,0,86,85,78,75,83,7,100,1,0,0,0
101802,2026/03/31 00:00:00,0,21440,3480,1196,7578,0,92,92,82,79,88,6,100,1,0,0,0
101901,2026/03/01 00:00:00,0,4370,490,81,339,0,95,94,82,82,93,0,100,1,0,0,9
101901,2026/03/02 00:00:00,0,11078,2752,1012,8074,0,78,77,60,66,72,4,100,1,4,0,3
101901,2026/03/03 00:00:00,0,11575,2857,1017,8239,0,80,79,65,70,75,4,100,1,1,0,4
101901,2026/03/04 00:00:00,0,10805,2829,1008,7952,0,77,75,63,68,72,4,100,1,0,0,10
101901,2026/03/05 00:00:00,0,11648,2742,991,7614,0,83,82,67,71,77,3,100,1,2,0,8
101901,2026/03/06 00:00:00,0,11276,2692,892,6900,0,84,83,69,72,79,3,100,1,1,0,8
101901,2026/03/07 00:00:00,0,5922,1009,167,810,0,95,94,87,82,93,0,100,1,0,0,16
101901,2026/03/08 00:00:00,0,4995,692,102,396,0,94,94,86,83,93,0,100,1,0,0,14
101901,2026/03/09 00:00:00,0,10549,2669,972,7749,0,78,76,63,70,73,4,100,1,1,0,9
101901,2026/03/10 00:00:00,0,11421,2910,1045,8023,0,77,76,61,68,72,4,100,1,0,0,2
101901,2026/03/11 00:00:00,0,11369,2818,904,7968,0,78,78,64,69,73,4,100,1,1,0,3
101901,2026/03/12 00:00:00,0,11592,2757,979,7257,0,85,82,65,70,78,3,100,1,0,0,10
101901,2026/03/13 00:00:00,0,12909,2970,845,6840,0,81,78,63,66,74,4,100,1,0,0,7
101901,2026/03/14 00:00:00,0,5013,842,148,673,0,94,94,86,81,93,0,100,1,0,0,14
101901,2026/03/15 00:00:00,0,4170,513,104,361,0,94,94,83,81,93,0,100,1,0,0,13
101901,2026/03/16 00:00:00,0,10489,2633,910,7738,0,77,76,61,68,72,4,100,1,3,0,7
101901,2026/03/17 00:00:00,0,9895,2346,990,7412,0,75,74,55,67,70,4,100,1,2,0,10
101901,2026/03/18 00:00:00,0,11149,2673,895,7998,0,82,80,67,71,76,4,100,1,2,0,7
101901,2026/03/19 00:00:00,0,12770,3180,1085,8809,0,82,81,65,69,76,4,100,1,0,0,6
101901,2026/03/20 00:00:00,0,11907,2688,847,7506,0,89,88,74,74,83,3,100,1,0,0,4
101901,2026/03/21 00:00:00,0,1013,235,28,180,0,92,91,76,83,90,0,100,1,0,0,17
101901,2026/03/22 00:00:00,0,4469,591,99,377,0,94,93,87,83,93,0,100,1,0,0,2
101901,2026/03/23 00:00:00,0,10628,2640,943,8262,0,81,79,66,71,75,4,100,1,0,0,1
101901,2026/03/24 00:00:00,0,11452,2753,966,8295,0,83,82,66,72,77,3,100,1,0,0,6
101901,2026/03/25 00:00:00,0,11807,3002,1128,8782,0,71,72,57,65,67,5,100,1,0,0,0
101901,2026/03/26 00:00:00,0,12493,3056,1044,8490,0,77,77,63,67,72,4,100,1,0,0,1
101901,2026/03/27 00:00:00,0,12321,2940,974,7853,0,88,87,74,74,82,3,100,1,1,0,13
101901,2026/03/28 00:00:00,0,5536,1003,200,812,0,94,93,83,80,92,0,100,1,3,0,12
101901,2026/03/29 00:00:00,0,4505,608,110,458,0,94,93,83,82,92,0,100,1,0,0,19
101901,2026/03/30 00:00:00,0,10968,2896,1004,8316,0,77,77,62,68,72,4,100,1,1,0,6
101901,2026/03/31 00:00:00,0,11628,2996,1015,8285,0,82,83,69,72,77,3,100,1,0,0,15
101902,2026/03/01 00:00:00,0,5413,850,101,402,0,91,91,79,74,90,0,100,1,0,8,0
101902,2026/03/02 00:00:00,0,10709,2335,1210,8045,0,78,76,63,63,71,4,100,1,1,3,0
101902,2026/03/03 00:00:00,0,11842,2536,1388,9005,0,74,72,61,60,67,4,100,1,1,5,0
101902,2026/03/04 00:00:00,0,11325,2384,1276,9123,0,75,73,61,61,67,4,100,1,1,11,0
101902,2026/03/05 00:00:00,0,10297,2095,1269,8976,0,72,71,61,60,66,4,100,1,1,11,0
101902,2026/03/06 00:00:00,0,9979,2024,1235,8649,0,75,74,63,62,68,4,100,1,1,8,0
101902,2026/03/07 00:00:00,0,6062,1220,198,1001,0,91,89,78,71,87,0,100,1,0,15,0
101902,2026/03/08 00:00:00,0,5837,994,116,408,0,91,90,80,72,89,0,100,1,0,14,0
101902,2026/03/09 00:00:00,0,10043,2023,1236,7886,0,71,71,59,60,65,4,100,1,1,8,0
101902,2026/03/10 00:00:00,0,11600,2628,1234,8515,0,76,74,62,61,69,4,100,1,0,1,0
101902,2026/03/11 00:00:00,0,12025,2580,1219,8476,0,77,74,62,60,69,4,100,1,1,1,0
101902,2026/03/12 00:00:00,0,10672,2098,1289,8319,0,73,71,60,61,66,4,100,1,0,13,0
101902,2026/03/13 00:00:00,0,11926,2639,1119,7466,0,78,76,63,61,71,3,100,1,0,5,0
101902,2026/03/14 00:00:00,0,5956,1070,189,851,0,91,89,78,72,88,0,100,1,0,14,0
101902,2026/03/15 00:00:00,0,5563,903,123,367,0,91,90,78,73,89,0,100,1,1,12,0
101902,2026/03/16 00:00:00,0,10047,1994,1288,8097,0,69,71,60,61,64,4,100,1,1,11,0
101902,2026/03/17 00:00:00,0,9810,1958,1263,7719,0,72,71,55,58,64,4,100,1,2,11,0
101902,2026/03/18 00:00:00,0,9526,2092,1238,9367,0,73,72,59,60,65,4,100,1,2,8,0
101902,2026/03/19 00:00:00,0,12296,2643,1363,9158,0,75,73,59,59,67,4,100,1,0,5,0
101902,2026/03/20 00:00:00,0,11545,2368,1206,9053,0,77,75,63,61,69,4,100,1,0,6,0
101902,2026/03/21 00:00:00,0,917,168,36,310,0,91,88,73,71,85,0,100,1,0,17,0
101902,2026/03/22 00:00:00,0,5831,986,123,381,0,91,90,80,73,89,0,100,1,0,1,0
101902,2026/03/23 00:00:00,0,11809,2545,1305,8630,0,75,73,61,60,68,4,100,1,0,1,0
101902,2026/03/24 00:00:00,0,11841,2448,1364,9418,0,71,70,60,60,65,5,100,1,0,10,0
101902,2026/03/25 00:00:00,0,12437,2792,1379,8846,0,75,73,60,59,67,4,100,1,0,0,0
101902,2026/03/26 00:00:00,0,13138,2877,1387,9291,0,74,71,59,58,67,4,100,1,1,2,0
101902,2026/03/27 00:00:00,0,12089,2314,1358,9538,0,67,68,59,59,62,5,100,1,1,16,0
101902,2026/03/28 00:00:00,0,5309,1092,231,1016,0,71,69,63,62,69,0,100,1,2,13,0
101902,2026/03/29 00:00:00,0,4766,851,137,393,0,72,70,63,63,70,0,100,1,0,19,0
101902,2026/03/30 00:00:00,0,12410,2623,1406,8780,0,71,68,57,57,64,4,100,1,1,3,0
101902,2026/03/31 00:00:00,0,12811,2438,1579,10001,0,70,68,59,59,64,5,100,1,0,16,0
101905,2026/03/01 00:00:00,0,148,65,12,75,0,69,69,54,56,65,0,100,0,0,0,0
101905,2026/03/02 00:00:00,0,1007,303,238,2442,0,58,59,54,55,56,6,100,1,0,0,0
101905,2026/03/03 00:00:00,0,946,308,246,2559,0,61,60,56,57,58,5,100,1,0,0,0
101905,2026/03/04 00:00:00,0,933,316,239,2374,0,58,57,53,55,55,5,100,0,0,0,0
101905,2026/03/05 00:00:00,0,945,283,255,2297,0,59,60,55,56,57,5,100,1,1,0,0
101905,2026/03/06 00:00:00,0,842,295,193,2215,0,59,57,53,54,55,5,100,1,1,0,0
101905,2026/03/07 00:00:00,0,217,94,19,142,0,67,68,63,58,64,0,100,0,0,0,0
101905,2026/03/08 00:00:00,0,203,85,10,90,0,71,68,57,57,66,0,100,0,0,0,0
101905,2026/03/09 00:00:00,0,979,283,221,2393,0,59,59,56,56,57,5,100,1,0,0,0
101905,2026/03/10 00:00:00,0,1028,307,237,2367,0,57,57,52,54,55,5,100,1,1,0,0
101905,2026/03/11 00:00:00,0,939,274,218,2273,0,58,59,54,55,56,5,100,1,0,0,0
101905,2026/03/12 00:00:00,0,882,272,184,2026,0,62,60,56,57,58,4,100,1,0,0,0
101905,2026/03/13 00:00:00,0,980,300,179,1895,0,54,55,47,52,52,7,100,1,0,0,0
101905,2026/03/14 00:00:00,0,212,56,12,123,0,67,67,55,57,63,0,100,0,0,0,0
101905,2026/03/15 00:00:00,0,145,70,12,73,0,69,70,64,56,65,0,100,0,0,0,0
101905,2026/03/16 00:00:00,0,882,259,207,2387,0,60,60,56,57,57,5,100,1,0,0,0
101905,2026/03/17 00:00:00,0,1042,316,282,2345,0,54,55,39,52,52,9,100,1,0,0,0
101905,2026/03/18 00:00:00,0,1038,290,244,2345,0,56,56,51,53,53,5,100,1,0,0,0
101905,2026/03/19 00:00:00,0,992,292,236,2434,0,60,60,56,56,57,5,100,0,0,0,0
101905,2026/03/20 00:00:00,0,848,275,187,2335,0,61,60,56,56,57,5,100,1,0,0,0
101905,2026/03/21 00:00:00,0,51,16,3,48,0,55,51,62,59,55,0,100,0,0,0,0
101905,2026/03/22 00:00:00,0,184,53,10,79,0,68,68,61,56,65,0,100,0,0,0,0
101905,2026/03/23 00:00:00,0,934,297,218,2609,0,60,61,57,57,58,5,100,1,0,0,0
101905,2026/03/24 00:00:00,0,954,282,236,2583,0,62,61,56,58,58,5,100,1,0,0,0
101905,2026/03/25 00:00:00,0,1027,312,264,2588,0,56,58,52,54,54,6,100,1,0,0,0
101905,2026/03/26 00:00:00,0,1005,293,209,2457,0,58,57,54,54,55,5,100,0,0,0,0
101905,2026/03/27 00:00:00,0,824,284,189,2538,0,61,60,56,56,57,5,100,1,0,0,0
101905,2026/03/28 00:00:00,0,239,86,21,150,0,69,65,57,57,63,0,100,0,0,0,0
101905,2026/03/29 00:00:00,0,178,67,17,128,0,68,65,60,59,63,0,100,1,0,0,0
101905,2026/03/30 00:00:00,0,888,284,238,2476,0,58,58,54,55,56,5,100,1,0,0,0
101905,2026/03/31 00:00:00,0,848,303,220,2272,0,59,58,54,55,56,5,100,0,0,0,0
101906,2026/03/01 00:00:00,0,186,30,4,27,0,77,73,60,61,74,0,100,0,0,0,0
101906,2026/03/02 00:00:00,0,492,120,49,636,0,72,65,54,60,64,1,100,1,0,0,0
101906,2026/03/03 00:00:00,0,527,106,41,531,0,72,68,60,60,65,1,100,0,0,0,0
101906,2026/03/04 00:00:00,0,542,99,35,609,0,72,70,58,60,65,1,100,1,0,0,0
101906,2026/03/05 00:00:00,0,522,97,39,547,0,72,70,53,59,64,1,100,1,0,0,0
101906,2026/03/06 00:00:00,0,540,102,47,541,0,72,65,58,60,65,1,100,0,0,0,0
101906,2026/03/07 00:00:00,0,217,42,7,32,0,74,75,60,58,71,0,100,0,0,0,0
101906,2026/03/08 00:00:00,0,196,24,3,41,0,76,69,66,64,73,0,100,0,0,0,0
101906,2026/03/09 00:00:00,0,502,92,60,610,0,70,66,56,59,63,1,100,1,1,0,0
101906,2026/03/10 00:00:00,0,535,91,43,606,0,69,67,54,59,63,1,100,1,0,0,0
101906,2026/03/11 00:00:00,0,495,89,50,605,0,71,70,54,59,64,1,100,0,0,0,0
101906,2026/03/12 00:00:00,0,453,99,42,510,0,71,64,54,61,64,1,100,0,0,0,0
101906,2026/03/13 00:00:00,0,435,84,23,482,0,70,69,57,58,63,1,100,1,0,0,0
101906,2026/03/14 00:00:00,0,196,46,5,36,0,76,74,62,59,73,0,100,0,0,0,0
101906,2026/03/15 00:00:00,0,201,36,4,29,0,74,76,67,66,73,0,100,0,0,0,0
101906,2026/03/16 00:00:00,0,460,113,40,591,0,69,67,51,60,63,1,100,1,0,0,0
101906,2026/03/17 00:00:00,0,539,109,50,614,0,71,67,55,60,64,1,100,0,0,0,0
101906,2026/03/18 00:00:00,0,476,91,29,507,0,70,69,61,59,64,1,100,0,0,0,0
101906,2026/03/19 00:00:00,0,474,101,26,488,0,71,69,62,59,65,1,100,1,0,0,0
101906,2026/03/20 00:00:00,0,460,110,38,531,0,70,69,60,59,63,1,100,1,0,0,0
101906,2026/03/21 00:00:00,0,677,95,26,154,0,71,70,64,61,69,0,100,1,1,0,0
101906,2026/03/22 00:00:00,0,199,42,3,28,0,74,65,61,62,71,0,100,1,0,0,0
101906,2026/03/23 00:00:00,0,461,86,48,584,0,72,68,59,60,65,1,100,1,0,0,0
101906,2026/03/24 00:00:00,0,489,113,42,629,0,73,65,51,60,64,1,100,0,0,0,0
101906,2026/03/25 00:00:00,0,577,99,40,584,0,71,68,57,59,64,1,100,0,0,0,0
101906,2026/03/26 00:00:00,0,477,100,41,536,0,70,66,59,58,62,1,100,0,0,0,0
101906,2026/03/27 00:00:00,0,469,97,43,532,0,68,67,47,57,61,1,100,1,0,0,0
101906,2026/03/28 00:00:00,0,14,3,22,8,0,27,22,22,21,23,0,100,0,0,0,0
101906,2026/03/29 00:00:00,0,7,3,2,0,0,38,31,19,0,33,0,100,1,0,0,0
101906,2026/03/30 00:00:00,0,491,99,37,524,0,68,64,54,57,61,1,100,0,0,0,0
101906,2026/03/31 00:00:00,0,551,105,41,590,0,69,68,57,57,62,1,100,0,0,0,0
101907,2026/03/01 00:00:00,0,351,65,10,36,0,71,68,49,58,68,0,100,0,0,0,0
101907,2026/03/02 00:00:00,0,1711,302,108,1093,0,62,62,57,57,60,1,100,1,1,0,0
101907,2026/03/03 00:00:00,0,1575,277,96,1039,0,65,63,56,57,61,1,100,0,0,0,0
101907,2026/03/04 00:00:00,0,1517,255,108,1129,0,63,62,54,56,60,1,100,0,0,0,0
101907,2026/03/05 00:00:00,0,1639,241,92,1152,0,64,62,58,56,60,1,100,0,0,0,0
101907,2026/03/06 00:00:00,0,1349,241,104,1006,0,64,61,55,55,60,1,100,0,0,0,0
101907,2026/03/07 00:00:00,0,393,80,8,89,0,70,70,68,57,68,0,100,0,0,0,0
101907,2026/03/08 00:00:00,0,353,57,9,44,0,71,67,68,58,69,0,100,0,0,0,0
101907,2026/03/09 00:00:00,0,1554,255,102,1145,0,63,61,56,56,59,1,100,0,0,0,0
101907,2026/03/10 00:00:00,0,1695,274,101,1030,0,60,58,53,54,56,1,100,1,0,0,0
101907,2026/03/11 00:00:00,0,1566,226,119,1013,0,61,60,56,55,58,1,100,0,0,0,0
101907,2026/03/12 00:00:00,0,1558,253,106,1014,0,65,63,58,57,61,1,100,0,0,0,0
101907,2026/03/13 00:00:00,0,1522,265,92,910,0,62,60,54,54,58,1,100,0,0,0,0
101907,2026/03/14 00:00:00,0,388,83,18,76,0,69,67,56,53,66,0,100,0,0,0,0
101907,2026/03/15 00:00:00,0,318,68,6,38,0,70,71,47,55,68,0,100,0,0,0,0
101907,2026/03/16 00:00:00,0,1591,288,124,991,0,64,63,58,57,61,1,100,0,0,0,0
101907,2026/03/17 00:00:00,0,1254,212,113,1069,0,62,63,58,56,59,1,100,0,0,0,0
101907,2026/03/18 00:00:00,0,1769,320,137,1052,0,62,61,50,53,58,1,100,1,0,0,0
101907,2026/03/19 00:00:00,0,1651,279,110,1112,0,66,65,60,58,62,1,100,0,0,0,0
101907,2026/03/20 00:00:00,0,1345,235,88,1019,0,67,66,59,59,63,1,100,0,0,0,0
101907,2026/03/21 00:00:00,0,1482,222,55,296,0,62,61,57,52,60,0,100,1,0,0,0
101907,2026/03/22 00:00:00,0,385,59,6,34,0,71,69,66,58,70,0,100,0,0,0,0
101907,2026/03/23 00:00:00,0,1598,267,113,1167,0,65,64,59,58,61,1,100,0,0,0,0
101907,2026/03/24 00:00:00,0,1628,254,125,1114,0,65,63,55,57,61,1,100,0,0,0,0
101907,2026/03/25 00:00:00,0,1662,268,99,1180,0,60,60,56,55,58,1,100,0,0,0,0
101907,2026/03/26 00:00:00,0,1689,268,114,1141,0,63,62,56,55,60,1,100,0,0,0,0
101907,2026/03/27 00:00:00,0,1435,241,94,1078,0,66,63,57,57,61,1,100,0,0,0,0
101907,2026/03/28 00:00:00,0,496,104,30,141,0,70,69,59,58,67,0,100,0,0,0,0
101907,2026/03/29 00:00:00,0,384,90,11,48,0,71,65,64,56,68,0,100,1,0,0,0
101907,2026/03/30 00:00:00,0,1747,277,91,1076,0,64,63,58,56,61,1,100,0,0,0,0
101907,2026/03/31 00:00:00,0,1569,263,112,933,0,64,62,56,55,60,1,100,1,0,0,0
101908,2026/03/01 00:00:00,0,188,65,14,85,0,72,72,65,57,68,0,100,0,0,0,0
101908,2026/03/02 00:00:00,0,725,280,313,2644,0,48,50,30,46,44,12,100,1,0,0,0
101908,2026/03/03 00:00:00,0,686,268,354,2900,0,47,50,32,45,44,12,100,1,0,0,0
101908,2026/03/04 00:00:00,0,761,314,292,2952,0,51,51,36,47,47,9,100,1,1,0,0
101908,2026/03/05 00:00:00,0,738,292,313,2698,0,49,51,34,46,45,11,100,1,1,0,0
101908,2026/03/06 00:00:00,0,727,288,256,3015,0,54,51,41,49,49,9,100,1,0,0,0
101908,2026/03/07 00:00:00,0,237,98,18,217,0,72,70,63,57,65,0,100,0,0,0,0
101908,2026/03/08 00:00:00,0,198,85,11,83,0,72,71,66,61,69,0,100,0,0,0,0
101908,2026/03/09 00:00:00,0,738,260,305,2727,0,47,49,33,45,44,12,100,1,1,0,0
101908,2026/03/10 00:00:00,0,699,257,319,2823,0,47,47,28,44,43,12,100,1,1,0,0
101908,2026/03/11 00:00:00,0,692,288,229,2833,0,52,53,43,49,49,8,100,1,0,0,0
101908,2026/03/12 00:00:00,0,829,255,226,2720,0,53,56,44,51,51,8,100,1,1,0,0
101908,2026/03/13 00:00:00,0,787,297,198,2616,0,56,54,43,49,50,7,100,1,0,0,0
101908,2026/03/14 00:00:00,0,235,91,13,150,0,72,69,61,58,66,0,100,0,0,0,0
101908,2026/03/15 00:00:00,0,195,71,16,78,0,70,72,58,58,67,0,100,0,0,0,0
101908,2026/03/16 00:00:00,0,732,260,265,2616,0,47,49,36,46,45,10,100,1,1,0,0
101908,2026/03/17 00:00:00,0,802,305,258,2770,0,53,54,40,49,49,8,100,0,0,0,0
101908,2026/03/18 00:00:00,0,679,250,331,2662,0,47,50,28,42,41,13,100,1,0,0,0
101908,2026/03/19 00:00:00,0,720,240,361,2761,0,51,54,33,45,45,11,100,1,0,0,0
101908,2026/03/20 00:00:00,0,684,227,329,2961,0,52,52,32,46,46,11,100,1,1,0,0
101908,2026/03/21 00:00:00,0,80,37,7,88,0,73,72,49,58,65,0,100,0,0,0,0
101908,2026/03/22 00:00:00,0,218,73,8,73,0,74,71,61,60,70,0,100,0,0,0,0
101908,2026/03/23 00:00:00,0,808,313,313,2853,0,49,50,34,46,45,11,100,1,0,0,0
101908,2026/03/24 00:00:00,0,770,307,312,3043,0,51,51,35,47,46,11,100,1,1,0,0
101908,2026/03/25 00:00:00,0,725,291,327,3012,0,44,45,31,42,41,13,100,1,0,0,0
101908,2026/03/26 00:00:00,0,773,282,298,2932,0,44,42,27,41,40,14,100,1,0,0,0
101908,2026/03/27 00:00:00,0,687,292,368,3181,0,51,45,28,41,42,13,100,1,0,0,0
101908,2026/03/28 00:00:00,0,368,128,167,349,0,61,60,42,50,53,1,100,1,0,0,0
101908,2026/03/29 00:00:00,0,275,90,31,131,0,65,66,47,56,61,0,100,1,0,0,0
101908,2026/03/30 00:00:00,0,794,328,374,3003,0,45,46,31,43,42,12,100,1,1,0,0
101908,2026/03/31 00:00:00,0,810,297,317,3204,0,49,49,33,46,45,11,100,0,0,0,0
102103,2026/03/01 00:00:00,0,3112,294,57,172,0,94,93,85,79,93,0,100,1,0,0,0
102103,2026/03/02 00:00:00,0,10994,1783,997,7277,0,83,84,74,72,78,4,100,1,0,0,0
102103,2026/03/03 00:00:00,0,11140,1814,1024,7601,0,85,85,75,73,80,3,100,1,0,0,0
102103,2026/03/04 00:00:00,0,10452,1850,966,7342,0,85,84,74,73,79,3,100,1,0,0,0
102103,2026/03/05 00:00:00,0,11652,1853,1063,7184,0,84,84,74,72,79,4,100,0,0,0,0
102103,2026/03/06 00:00:00,0,11464,1758,970,6424,0,87,86,76,74,82,3,100,1,0,0,0
102103,2026/03/07 00:00:00,0,5111,648,164,706,0,94,91,85,77,91,0,100,0,0,0,0
102103,2026/03/08 00:00:00,0,4187,435,102,247,0,94,93,86,78,93,0,100,1,0,0,0
102103,2026/03/09 00:00:00,0,10787,1834,989,7175,0,83,84,75,73,79,4,100,1,0,0,0
102103,2026/03/10 00:00:00,0,11096,1824,996,7198,0,85,84,74,73,79,4,100,1,0,0,0
102103,2026/03/11 00:00:00,0,10613,1737,913,6755,0,85,86,75,73,80,3,100,1,0,0,0
102103,2026/03/12 00:00:00,0,10501,1745,893,6077,0,88,87,76,74,82,3,100,0,0,0,0
102103,2026/03/13 00:00:00,0,12075,1777,819,5911,0,82,83,73,72,78,4,100,1,0,0,0
102103,2026/03/14 00:00:00,0,4245,510,139,548,0,94,92,85,76,91,0,100,0,0,0,0
102103,2026/03/15 00:00:00,0,3551,351,84,215,0,94,92,84,78,92,0,100,0,0,0,0
102103,2026/03/16 00:00:00,0,9380,1588,826,6676,0,88,86,77,74,81,3,100,1,0,0,0
102103,2026/03/17 00:00:00,0,9647,1508,835,6729,0,87,86,76,74,81,3,100,1,0,0,0
102103,2026/03/18 00:00:00,0,9940,1637,829,7004,0,89,88,76,75,82,3,100,1,0,0,0
102103,2026/03/19 00:00:00,0,11844,1988,944,7528,0,86,84,76,73,80,4,100,1,0,0,2
102103,2026/03/20 00:00:00,0,11069,1611,806,6136,0,88,88,77,75,83,3,100,1,0,0,3
102103,2026/03/21 00:00:00,0,2454,303,61,379,0,94,91,84,77,91,0,100,1,0,0,3
102103,2026/03/22 00:00:00,0,4013,409,84,247,0,94,92,87,79,93,0,100,1,0,0,0
102103,2026/03/23 00:00:00,0,10481,1748,947,7315,0,86,85,76,74,81,3,100,1,0,0,0
102103,2026/03/24 00:00:00,0,11790,1832,951,7887,0,83,83,75,72,78,4,100,1,0,0,3
102103,2026/03/25 00:00:00,0,12298,1979,1026,8345,0,84,84,74,72,78,4,100,1,0,0,4
102103,2026/03/26 00:00:00,0,12722,1953,1054,7923,0,83,83,74,71,78,4,100,1,0,0,1
102103,2026/03/27 00:00:00,0,12650,1978,1067,7244,0,84,83,75,72,79,4,100,1,0,0,0
102103,2026/03/28 00:00:00,0,5354,698,183,874,0,94,91,84,77,91,0,100,0,0,0,0
102103,2026/03/29 00:00:00,0,4259,384,96,337,0,94,92,85,78,92,0,100,1,0,0,10
102103,2026/03/30 00:00:00,0,10759,1832,965,7675,0,84,84,74,72,78,4,100,1,0,0,7
102103,2026/03/31 00:00:00,0,11513,1880,1053,7636,0,84,84,75,73,79,4,100,1,0,0,1
102104,2026/03/01 00:00:00,0,4726,388,76,280,0,93,93,87,83,93,0,100,0,0,0,0
102104,2026/03/02 00:00:00,0,10514,1723,858,7919,0,68,68,56,61,64,5,100,1,0,0,0
102104,2026/03/03 00:00:00,0,12338,2002,982,8773,0,67,68,57,62,65,5,100,1,0,0,0
102104,2026/03/04 00:00:00,0,11771,2048,818,8749,0,70,70,63,65,67,5,100,1,0,0,0
102104,2026/03/05 00:00:00,0,12201,2040,961,8828,0,73,72,65,66,69,5,100,1,0,0,0
102104,2026/03/06 00:00:00,0,11904,2012,921,7967,0,76,75,68,68,73,4,100,1,0,0,0
102104,2026/03/07 00:00:00,0,4873,683,162,857,0,92,90,86,82,90,0,100,1,0,0,0
102104,2026/03/08 00:00:00,0,5062,496,102,292,0,93,91,86,83,92,0,100,0,0,0,0
102104,2026/03/09 00:00:00,0,11696,1880,927,7892,0,70,70,63,66,68,5,100,1,0,0,0
102104,2026/03/10 00:00:00,0,12211,2034,844,7949,0,75,76,68,70,73,4,100,1,0,1,0
102104,2026/03/11 00:00:00,0,11838,1916,783,8022,0,81,80,72,72,77,4,100,0,0,0,0
102104,2026/03/12 00:00:00,0,11887,2055,859,7752,0,85,83,76,74,80,4,100,0,0,0,0
102104,2026/03/13 00:00:00,0,11395,1933,674,6788,0,85,84,76,74,81,3,100,0,0,0,0
102104,2026/03/14 00:00:00,0,5108,664,153,702,0,91,89,87,81,90,0,100,0,0,0,0
102104,2026/03/15 00:00:00,0,5485,492,106,281,0,93,91,87,84,93,0,100,0,0,0,0
102104,2026/03/16 00:00:00,0,11408,1909,766,7812,0,81,80,72,72,77,4,100,1,0,0,0
102104,2026/03/17 00:00:00,0,11974,1948,751,7802,0,83,81,68,72,78,4,100,1,0,0,0
102104,2026/03/18 00:00:00,0,12259,2141,842,8981,0,83,81,71,71,77,4,100,1,0,0,0
102104,2026/03/19 00:00:00,0,12062,2040,803,8469,0,84,83,74,73,80,4,100,1,0,1,0
102104,2026/03/20 00:00:00,0,11568,1871,751,7713,0,82,82,69,71,77,4,100,1,0,2,0
102104,2026/03/21 00:00:00,0,2953,421,79,515,0,91,89,86,81,89,0,100,1,0,4,0
102104,2026/03/22 00:00:00,0,5657,559,113,326,0,92,90,87,82,91,0,100,1,0,0,0
102104,2026/03/23 00:00:00,0,11916,1920,854,8586,0,68,68,57,62,65,6,100,1,0,1,0
102104,2026/03/24 00:00:00,0,11818,1957,876,8901,0,72,72,64,67,69,5,100,1,0,2,0
102104,2026/03/25 00:00:00,0,11573,1882,898,8725,0,73,74,65,66,69,5,100,1,0,4,0
102104,2026/03/26 00:00:00,0,12533,2096,957,9024,0,66,66,58,60,63,6,100,1,0,1,0
102104,2026/03/27 00:00:00,0,12546,2091,882,8467,0,75,74,66,69,72,5,100,1,0,0,0
102104,2026/03/28 00:00:00,0,5730,763,190,979,0,91,89,86,80,89,0,100,0,0,0,0
102104,2026/03/29 00:00:00,0,5029,450,108,345,0,93,92,86,83,92,0,100,1,0,10,0
102104,2026/03/30 00:00:00,0,11662,1854,917,8660,0,64,63,52,57,60,6,100,1,1,4,0
102104,2026/03/31 00:00:00,0,12630,2160,998,9252,0,67,67,60,62,64,6,100,1,0,1,0
107006,2026/03/01 00:00:00,0,2217,180,36,177,0,71,67,56,56,69,0,100,1,1,0,0
107006,2026/03/02 00:00:00,0,5912,866,522,4340,0,59,55,44,52,55,11,100,1,2,0,0
107006,2026/03/03 00:00:00,0,6725,1008,534,4476,0,69,62,56,56,62,6,100,1,2,0,0
107006,2026/03/04 00:00:00,0,6967,1021,494,4752,0,72,66,59,57,65,6,100,1,2,0,0
107006,2026/03/05 00:00:00,0,6994,991,548,4843,0,71,66,57,56,64,6,100,1,3,0,0
107006,2026/03/06 00:00:00,0,7009,1076,556,4229,0,71,65,58,57,65,6,100,1,3,0,0
107006,2026/03/07 00:00:00,0,2450,337,79,472,0,72,67,61,57,69,1,100,1,0,0,0
107006,2026/03/08 00:00:00,0,2158,223,34,164,0,72,68,64,57,70,0,100,1,0,0,0
107006,2026/03/09 00:00:00,0,6297,895,527,4106,0,63,56,49,53,57,9,100,1,3,0,0
107006,2026/03/10 00:00:00,0,7588,1025,597,4706,0,69,63,56,54,62,6,100,1,1,0,0
107006,2026/03/11 00:00:00,0,7313,964,506,4614,0,68,63,55,54,62,6,100,1,0,0,0
107006,2026/03/12 00:00:00,0,7376,1102,595,4369,0,70,64,56,55,63,6,100,1,1,0,0
107006,2026/03/13 00:00:00,0,7601,1071,479,3954,0,69,64,56,54,63,6,100,1,0,0,0
107006,2026/03/14 00:00:00,0,2933,344,73,527,0,69,64,58,55,66,1,100,1,0,0,0
107006,2026/03/15 00:00:00,0,2866,207,46,153,0,71,67,60,56,70,0,100,1,0,0,0
107006,2026/03/16 00:00:00,0,7432,1068,591,4704,0,69,63,56,55,62,7,100,1,1,0,0
107006,2026/03/17 00:00:00,0,7723,1164,540,4893,0,70,65,57,56,64,6,100,1,2,0,0
107006,2026/03/18 00:00:00,0,8028,1232,611,5499,0,71,65,58,56,64,7,100,1,2,0,0
107006,2026/03/19 00:00:00,0,7564,1131,529,4861,0,71,65,57,56,64,6,100,1,3,0,0
107006,2026/03/20 00:00:00,0,7710,1118,506,4672,0,71,65,58,56,64,6,100,1,2,0,0
107006,2026/03/21 00:00:00,0,2088,285,37,433,0,73,66,61,56,69,1,100,1,1,0,0
107006,2026/03/22 00:00:00,0,2618,251,49,167,0,73,67,62,57,71,0,100,1,0,0,0
107006,2026/03/23 00:00:00,0,6969,1012,560,4774,0,64,58,46,52,57,10,100,1,1,0,0
107006,2026/03/24 00:00:00,0,6882,1036,549,4934,0,64,58,49,54,58,9,100,1,3,0,0
107006,2026/03/25 00:00:00,0,7181,963,512,5035,0,66,59,54,54,60,7,100,1,1,0,0
107006,2026/03/26 00:00:00,0,7290,1005,576,4860,0,61,58,47,50,56,8,100,1,1,0,0
107006,2026/03/27 00:00:00,0,7468,1040,513,4625,0,66,62,52,54,61,7,100,1,1,0,0
107006,2026/03/28 00:00:00,0,3299,356,76,598,0,70,65,59,56,67,1,100,1,1,0,0
107006,2026/03/29 00:00:00,0,2654,235,66,199,0,70,67,58,55,68,0,100,1,0,0,0
107006,2026/03/30 00:00:00,0,7285,1020,557,4877,0,66,60,50,52,59,8,100,1,1,0,0
107006,2026/03/31 00:00:00,0,7302,1034,604,4848,0,70,63,56,55,63,6,100,1,1,0,0
107081,2026/03/01 00:00:00,0,1350,153,17,134,0,98,98,85,80,96,0,100,0,0,0,0
107081,2026/03/02 00:00:00,0,5529,810,405,4005,0,77,79,76,74,76,10,100,1,0,0,0
107081,2026/03/03 00:00:00,0,4867,731,387,3841,0,86,86,81,79,83,7,100,0,0,0,0
107081,2026/03/04 00:00:00,0,5305,848,376,4102,0,84,84,80,77,81,8,100,0,0,0,0
107081,2026/03/05 00:00:00,0,5807,843,422,3994,0,79,79,78,75,77,9,100,1,0,0,0
107081,2026/03/06 00:00:00,0,5297,842,366,3476,0,86,86,80,79,83,7,100,1,0,0,0
107081,2026/03/07 00:00:00,0,2232,333,63,443,0,98,97,88,77,94,1,100,0,0,0,0
107081,2026/03/08 00:00:00,0,1786,210,41,155,0,99,97,91,82,97,0,100,0,0,0,0
107081,2026/03/09 00:00:00,0,5619,864,397,3840,0,77,78,78,76,77,10,100,1,0,0,0
107081,2026/03/10 00:00:00,0,6104,859,464,3872,0,73,75,74,72,73,10,100,1,0,0,0
107081,2026/03/11 00:00:00,0,6301,925,433,3870,0,75,78,75,73,74,10,100,1,0,0,0
107081,2026/03/12 00:00:00,0,6077,974,463,3261,0,81,82,77,75,79,8,100,0,0,0,0
107081,2026/03/13 00:00:00,0,6870,996,381,3196,0,70,70,70,69,69,11,100,0,0,0,0
107081,2026/03/14 00:00:00,0,2105,306,53,363,0,97,96,86,77,93,1,100,0,0,0,0
107081,2026/03/15 00:00:00,0,1702,178,29,98,0,97,97,90,81,96,0,100,0,0,0,0
107081,2026/03/16 00:00:00,0,5624,859,433,3653,0,80,81,77,76,78,8,100,1,0,0,0
107081,2026/03/17 00:00:00,0,5986,877,404,3996,0,77,78,76,75,76,10,100,1,0,0,0
107081,2026/03/18 00:00:00,0,5624,867,391,3998,0,83,84,80,77,81,8,100,1,0,0,0
107081,2026/03/19 00:00:00,0,6794,1130,450,4400,0,75,75,74,73,74,11,100,1,0,0,0
107081,2026/03/20 00:00:00,0,6341,1004,386,3753,0,81,82,79,77,80,9,100,1,0,0,0
107081,2026/03/21 00:00:00,0,1866,287,38,416,0,99,96,88,78,94,1,100,1,0,0,0
107081,2026/03/22 00:00:00,0,1938,237,32,145,0,99,97,91,80,97,0,100,0,0,0,0
107081,2026/03/23 00:00:00,0,4968,732,341,3724,0,86,86,82,79,83,6,100,1,0,0,0
107081,2026/03/24 00:00:00,0,6134,963,381,4083,0,77,78,77,75,76,9,100,0,0,0,0
107081,2026/03/25 00:00:00,0,6727,948,427,4573,0,77,76,75,74,75,10,100,0,0,0,0
107081,2026/03/26 00:00:00,0,5743,806,416,3760,0,83,82,80,77,81,7,100,0,0,0,0
107081,2026/03/27 00:00:00,0,6545,981,398,3780,0,81,82,78,76,79,8,100,1,0,0,0
107081,2026/03/28 00:00:00,0,2476,355,51,513,0,97,96,90,79,94,1,100,0,0,0,0
107081,2026/03/29 00:00:00,0,1930,210,47,172,0,97,97,86,80,95,1,100,1,0,0,0
107081,2026/03/30 00:00:00,0,5022,744,350,3515,0,85,84,78,78,82,6,100,0,0,0,0
107081,2026/03/31 00:00:00,0,5697,843,396,3681,0,84,84,81,78,82,7,100,1,0,0,0
107082,2026/03/01 00:00:00,0,2018,178,37,141,0,97,96,88,80,96,0,100,0,0,0,0
107082,2026/03/02 00:00:00,0,5301,914,306,2794,0,95,91,83,79,89,3,100,0,0,0,0
107082,2026/03/03 00:00:00,0,6111,1040,351,3075,0,95,93,83,80,90,3,100,0,0,0,0
107082,2026/03/04 00:00:00,0,5047,895,306,2727,0,98,94,84,81,91,3,100,1,0,0,0
107082,2026/03/05 00:00:00,0,5739,986,362,2721,0,95,92,83,79,89,3,100,1,0,0,0
107082,2026/03/06 00:00:00,0,6061,936,337,2428,0,97,94,84,80,91,3,100,0,0,0,0
107082,2026/03/07 00:00:00,0,2884,331,90,280,0,99,96,87,80,96,0,100,0,0,0,0
107082,2026/03/08 00:00:00,0,2395,231,54,119,0,99,98,89,82,98,0,100,0,0,0,0
107082,2026/03/09 00:00:00,0,5102,878,332,2785,0,95,93,83,80,89,3,100,1,0,0,0
107082,2026/03/10 00:00:00,0,6303,1051,390,3073,0,85,83,78,75,81,4,100,1,1,0,0
107082,2026/03/11 00:00:00,0,5807,977,350,2979,0,93,89,80,77,87,3,100,1,0,0,0
107082,2026/03/12 00:00:00,0,6016,1017,389,2818,0,94,90,81,78,88,3,100,0,0,0,0
107082,2026/03/13 00:00:00,0,6666,1013,375,2794,0,90,87,79,76,85,3,100,1,0,0,0
107082,2026/03/14 00:00:00,0,2655,322,95,316,0,96,92,87,78,93,0,100,1,0,0,0
107082,2026/03/15 00:00:00,0,2232,219,61,157,0,97,94,83,79,95,0,100,0,0,0,0
107082,2026/03/16 00:00:00,0,5333,914,318,3167,0,95,91,81,78,88,3,100,1,0,0,0
107082,2026/03/17 00:00:00,0,5452,907,336,2916,0,94,91,81,79,88,3,100,0,0,0,0
107082,2026/03/18 00:00:00,0,6037,1013,363,3172,0,95,93,82,80,89,3,100,1,0,0,0
107082,2026/03/19 00:00:00,0,6713,1120,410,3181,0,95,91,83,80,89,3,100,0,0,0,0
107082,2026/03/20 00:00:00,0,6117,870,348,2564,0,96,93,83,80,91,3,100,0,0,0,0
107082,2026/03/21 00:00:00,0,1248,164,45,158,0,100,97,89,80,97,0,100,0,0,0,0
107082,2026/03/22 00:00:00,0,2413,244,65,146,0,98,96,89,81,97,0,100,0,0,0,0
107082,2026/03/23 00:00:00,0,5592,1002,383,3044,0,97,93,84,80,90,3,100,1,0,0,0
107082,2026/03/24 00:00:00,0,5644,929,332,3003,0,95,92,83,79,89,3,100,0,0,0,0
107082,2026/03/25 00:00:00,0,5705,957,362,3071,0,94,89,80,77,87,3,100,0,0,0,0
107082,2026/03/26 00:00:00,0,7243,1129,399,3404,0,92,89,81,77,87,4,100,1,0,0,0
107082,2026/03/27 00:00:00,0,6124,1001,372,2806,0,94,91,82,79,89,3,100,0,0,0,0
107082,2026/03/28 00:00:00,0,2862,347,114,363,0,96,94,85,78,93,0,100,0,0,0,0
107082,2026/03/29 00:00:00,0,2299,233,44,159,0,96,95,88,81,95,0,100,1,0,0,0
107082,2026/03/30 00:00:00,0,5796,1035,381,3258,0,94,90,81,78,87,3,100,1,0,0,0
107082,2026/03/31 00:00:00,0,5873,1038,372,3166,0,95,91,83,80,89,3,100,1,0,0,0
107083,2026/03/01 00:00:00,0,2691,84,44,170,0,72,67,62,58,71,1,100,0,0,0,0
107083,2026/03/02 00:00:00,0,4108,455,412,2503,0,54,54,48,53,53,12,100,1,0,0,0
107083,2026/03/03 00:00:00,0,5278,580,438,3002,0,60,56,55,55,58,10,100,1,0,0,0
107083,2026/03/04 00:00:00,0,5255,574,429,2777,0,63,61,58,57,60,8,100,1,1,0,0
107083,2026/03/05 00:00:00,0,5655,559,481,2902,0,63,60,58,57,61,9,100,1,0,0,0
107083,2026/03/06 00:00:00,0,5195,548,411,2454,0,66,63,59,58,63,7,100,1,1,0,0
107083,2026/03/07 00:00:00,0,2573,157,87,279,0,73,68,63,59,70,1,100,0,0,0,0
107083,2026/03/08 00:00:00,0,2955,116,51,124,0,73,68,64,60,72,1,100,0,0,0,0
107083,2026/03/09 00:00:00,0,5121,549,433,2666,0,57,55,50,54,55,11,100,1,0,0,0
107083,2026/03/10 00:00:00,0,5792,626,445,2778,0,62,60,56,56,59,9,100,1,0,0,0
107083,2026/03/11 00:00:00,0,5876,632,444,3127,0,62,61,56,56,59,9,100,0,0,0,0
107083,2026/03/12 00:00:00,0,6021,629,431,2963,0,64,61,58,56,61,8,100,1,0,0,0
107083,2026/03/13 00:00:00,0,5250,518,375,2545,0,64,61,57,55,61,7,100,1,0,0,0
107083,2026/03/14 00:00:00,0,2742,157,84,332,0,72,67,61,56,69,1,100,0,0,0,0
107083,2026/03/15 00:00:00,0,3016,103,56,140,0,73,68,62,59,72,1,100,0,0,0,0
107083,2026/03/16 00:00:00,0,5437,639,408,2894,0,64,62,58,57,61,8,100,1,0,0,0
107083,2026/03/17 00:00:00,0,5940,621,420,2724,0,64,63,58,57,62,8,100,0,0,0,0
107083,2026/03/18 00:00:00,0,5908,635,510,3099,0,64,62,58,57,61,8,100,1,0,0,0
107083,2026/03/19 00:00:00,0,6119,672,473,3034,0,64,63,59,58,62,8,100,1,0,0,0
107083,2026/03/20 00:00:00,0,5277,531,422,2570,0,66,63,59,58,63,7,100,1,0,0,0
107083,2026/03/21 00:00:00,0,1394,82,55,220,0,74,68,62,58,71,1,100,0,0,0,0
107083,2026/03/22 00:00:00,0,3369,136,66,158,0,72,69,62,60,71,1,100,1,0,0,0
107083,2026/03/23 00:00:00,0,4937,524,452,2797,0,58,57,52,55,56,10,100,1,1,0,0
107083,2026/03/24 00:00:00,0,4850,575,418,2746,0,58,56,52,55,56,10,100,1,0,0,0
107083,2026/03/25 00:00:00,0,5256,626,428,2862,0,61,59,56,56,59,9,100,1,0,0,0
107083,2026/03/26 00:00:00,0,5892,703,501,3281,0,57,57,53,54,56,11,100,1,0,0,0
107083,2026/03/27 00:00:00,0,5440,580,440,2761,0,62,60,56,56,59,8,100,1,0,0,0
107083,2026/03/28 00:00:00,0,2638,159,115,330,0,72,66,62,57,70,1,100,0,0,0,0
107083,2026/03/29 00:00:00,0,2528,95,43,134,0,73,68,62,58,72,1,100,1,0,0,0
107083,2026/03/30 00:00:00,0,5182,604,492,2905,0,55,56,48,51,53,12,100,1,0,0,0
107083,2026/03/31 00:00:00,0,5874,698,562,3052,0,58,58,56,56,57,10,100,1,2,0,0
107091,2026/03/01 00:00:00,0,9332,1912,258,106,0,102,102,82,73,101,3,100,1,0,0,0
107091,2026/03/02 00:00:00,0,5078,1575,1375,1540,0,96,90,64,69,84,4,100,1,1,0,0
107091,2026/03/03 00:00:00,0,4809,1508,1259,1539,0,97,91,67,70,85,4,100,1,0,0,0
107091,2026/03/04 00:00:00,0,5116,1606,1399,1607,0,99,94,68,71,87,4,100,1,1,0,0
107091,2026/03/05 00:00:00,0,5140,1614,1406,1687,0,99,93,67,71,87,4,100,1,1,0,0
107091,2026/03/06 00:00:00,0,5908,1785,1240,1388,0,101,96,68,71,90,4,100,1,0,0,0
107091,2026/03/07 00:00:00,0,8891,1915,517,382,0,102,101,78,73,99,3,100,1,0,0,0
107091,2026/03/08 00:00:00,0,9638,1906,307,113,0,101,102,82,74,100,3,100,1,0,0,0
107091,2026/03/09 00:00:00,0,5367,1648,1404,1540,0,98,91,67,70,86,4,100,1,0,0,0
107091,2026/03/10 00:00:00,0,4886,1524,1256,1576,0,98,93,68,70,87,4,100,1,0,0,0
107091,2026/03/11 00:00:00,0,4971,1520,1329,1711,0,98,93,67,70,86,4,100,1,0,0,0
107091,2026/03/12 00:00:00,0,5127,1657,1403,1576,0,99,93,67,71,87,4,100,1,0,0,0
107091,2026/03/13 00:00:00,0,5464,1599,1246,1436,0,98,92,68,70,87,4,100,1,0,0,0
107091,2026/03/14 00:00:00,0,8684,1899,455,388,0,102,101,78,72,99,3,100,1,0,0,0
107091,2026/03/15 00:00:00,0,9545,1732,268,113,0,102,102,79,73,101,3,100,1,0,0,0
107091,2026/03/16 00:00:00,0,5208,1650,1237,1601,0,100,94,67,71,88,4,100,1,0,0,0
107091,2026/03/17 00:00:00,0,5022,1657,1426,1663,0,99,94,67,70,86,4,100,1,1,0,0
107091,2026/03/18 00:00:00,0,4986,1507,1265,1610,0,99,93,68,70,87,4,100,1,0,0,0
107091,2026/03/19 00:00:00,0,5162,1724,1334,1651,0,99,94,68,71,87,4,100,1,0,0,0
107091,2026/03/20 00:00:00,0,5957,1876,1153,1437,0,99,95,68,71,89,4,100,1,0,0,0
107091,2026/03/21 00:00:00,0,9583,2110,605,432,0,101,100,77,72,98,3,100,1,0,0,0
107091,2026/03/22 00:00:00,0,10063,1978,368,129,0,100,100,81,73,99,3,100,1,0,0,0
107091,2026/03/23 00:00:00,0,5039,1534,1294,1451,0,96,91,66,70,85,4,100,1,0,0,0
107091,2026/03/24 00:00:00,0,4911,1571,1386,1654,0,97,91,66,70,85,4,100,1,0,0,0
107091,2026/03/25 00:00:00,0,4923,1600,1309,1788,0,98,93,67,71,86,4,100,1,1,0,0
107091,2026/03/26 00:00:00,0,4905,1640,1221,1582,0,96,91,67,70,85,4,100,1,0,0,0
107091,2026/03/27 00:00:00,0,5915,1728,1252,1558,0,98,93,68,70,88,4,100,1,1,0,0
107091,2026/03/28 00:00:00,0,8809,1945,550,458,0,100,100,77,73,97,3,100,1,0,0,0
107091,2026/03/29 00:00:00,0,9499,1856,349,134,0,101,101,81,74,100,3,100,1,0,0,1
107091,2026/03/30 00:00:00,0,4804,1572,1256,1599,0,97,92,66,70,85,4,100,1,0,0,0
107091,2026/03/31 00:00:00,0,5006,1626,1307,1713,0,98,94,67,71,86,4,100,1,0,0,0
107092,2026/03/01 00:00:00,0,11790,1514,34,0,0,110,115,95,0,110,1,100,1,0,0,50
107092,2026/03/02 00:00:00,0,11265,2730,827,2006,0,109,110,81,80,103,3,100,1,0,0,50
107092,2026/03/03 00:00:00,0,11371,2598,813,1993,0,110,111,81,80,104,3,100,1,0,0,50
107092,2026/03/04 00:00:00,0,11180,2590,843,1996,0,110,111,82,80,104,3,100,1,0,0,50
107092,2026/03/05 00:00:00,0,11523,2822,836,2016,0,110,111,82,80,104,3,100,1,0,0,50
107092,2026/03/06 00:00:00,0,11927,2859,831,2005,0,110,112,82,80,104,3,100,1,0,0,50
107092,2026/03/07 00:00:00,0,12884,1837,272,420,0,110,114,90,81,109,2,100,1,0,0,50
107092,2026/03/08 00:00:00,0,11668,1497,39,2,0,110,115,97,106,110,1,100,1,0,0,50
107092,2026/03/09 00:00:00,0,11032,2483,816,2003,0,109,110,81,80,103,3,100,1,0,0,50
107092,2026/03/10 00:00:00,0,11693,2599,844,2027,0,92,100,77,79,89,5,100,1,0,0,50
107092,2026/03/11 00:00:00,0,11039,2581,811,2010,0,109,110,81,80,103,3,100,1,0,0,50
107092,2026/03/12 00:00:00,0,11047,2641,831,2000,0,109,111,82,80,103,3,100,1,0,0,50
107092,2026/03/13 00:00:00,0,11418,2785,819,1999,0,109,111,82,80,104,3,100,1,0,0,50
107092,2026/03/14 00:00:00,0,12827,1912,275,417,0,109,114,89,81,109,2,100,1,0,0,50
107092,2026/03/15 00:00:00,0,11687,1527,38,1,0,110,115,96,93,110,1,100,1,0,0,50
107092,2026/03/16 00:00:00,0,11052,2486,811,1981,0,109,110,81,80,103,3,100,1,0,0,50
107092,2026/03/17 00:00:00,0,11276,2671,842,2005,0,106,108,80,80,101,3,100,1,0,0,50
107092,2026/03/18 00:00:00,0,11256,2733,833,1994,0,110,112,82,80,104,3,100,1,0,0,50
107092,2026/03/19 00:00:00,0,12487,2738,856,2100,0,105,109,81,80,100,3,100,1,0,0,48
107092,2026/03/20 00:00:00,0,13299,3003,981,1644,0,110,111,80,79,104,3,100,1,1,0,0
107092,2026/03/21 00:00:00,0,14400,2234,499,489,0,110,115,87,80,108,2,100,1,0,0,0
107092,2026/03/22 00:00:00,0,11961,1588,273,100,0,110,115,88,81,110,1,100,1,0,0,0
107092,2026/03/23 00:00:00,0,10743,2578,1111,1796,0,109,108,78,78,102,3,100,1,0,0,0
107092,2026/03/24 00:00:00,0,10609,2804,1148,2191,0,108,107,77,78,101,3,100,1,0,0,0
107092,2026/03/25 00:00:00,0,10514,2513,1074,2004,0,108,107,77,78,100,3,100,1,1,0,0
107092,2026/03/26 00:00:00,0,11920,2765,1100,2007,0,97,104,75,76,93,4,100,1,0,0,0
107092,2026/03/27 00:00:00,0,13188,3386,1099,1794,0,108,109,80,78,103,3,100,1,0,0,0
107092,2026/03/28 00:00:00,0,12962,2065,571,464,0,108,111,85,80,106,2,100,1,1,0,0
107092,2026/03/29 00:00:00,0,11743,1545,330,107,0,109,113,89,80,108,1,100,1,0,0,1
107092,2026/03/30 00:00:00,0,11383,2622,996,1839,0,108,107,79,78,101,3,100,1,0,0,0
107092,2026/03/31 00:00:00,0,11590,2924,1052,2085,0,109,109,79,79,102,3,100,1,0,0,0
107093,2026/03/01 00:00:00,0,13153,2384,221,146,0,107,114,91,82,108,2,100,1,0,0,0
107093,2026/03/02 00:00:00,0,11141,2891,1098,2039,0,100,102,75,77,95,3,100,1,0,0,0
107093,2026/03/03 00:00:00,0,11001,2842,1075,1930,0,101,103,76,78,96,4,100,1,0,0,0
107093,2026/03/04 00:00:00,0,10606,2719,1207,2011,0,106,107,78,79,99,3,100,1,1,0,0
107093,2026/03/05 00:00:00,0,11064,2929,1188,2113,0,106,108,77,79,100,3,100,1,0,0,0
107093,2026/03/06 00:00:00,0,10972,2844,1041,1770,0,108,109,79,80,102,2,100,1,0,0,0
107093,2026/03/07 00:00:00,0,12483,2358,434,481,0,107,113,88,81,106,2,100,1,0,0,0
107093,2026/03/08 00:00:00,0,13973,2555,269,148,0,107,115,90,81,107,2,100,1,0,0,0
107093,2026/03/09 00:00:00,0,11442,3005,1145,1987,0,103,104,76,78,97,3,100,1,0,0,0
107093,2026/03/10 00:00:00,0,10757,2792,1055,1956,0,106,107,78,79,100,3,100,1,0,0,0
107093,2026/03/11 00:00:00,0,10904,2704,1066,2147,0,105,107,76,78,99,3,100,1,0,0,0
107093,2026/03/12 00:00:00,0,10681,2942,1143,2034,0,106,107,78,79,100,3,100,1,0,0,0
107093,2026/03/13 00:00:00,0,10813,2707,1041,1820,0,105,106,78,79,99,3,100,1,0,0,0
107093,2026/03/14 00:00:00,0,12411,2202,368,481,0,107,113,87,81,106,2,100,1,0,0,0
107093,2026/03/15 00:00:00,0,13187,2285,224,151,0,107,115,89,83,107,2,100,1,0,0,0
107093,2026/03/16 00:00:00,0,10573,2828,1041,2001,0,107,108,77,79,100,3,100,1,0,0,0
107093,2026/03/17 00:00:00,0,10943,2907,1139,2165,0,106,107,77,79,100,3,100,1,0,0,0
107093,2026/03/18 00:00:00,0,10050,2670,1060,2008,0,106,107,77,79,99,3,100,1,0,0,0
107093,2026/03/19 00:00:00,0,11278,2882,1103,2076,0,106,107,78,79,100,3,100,1,0,0,0
107093,2026/03/20 00:00:00,0,11304,2737,959,1796,0,106,108,79,79,101,3,100,1,0,0,0
107093,2026/03/21 00:00:00,0,14237,2557,488,576,0,106,111,88,80,105,2,100,1,0,0,0
107093,2026/03/22 00:00:00,0,15169,2669,309,164,0,105,112,89,81,106,2,100,1,0,0,0
107093,2026/03/23 00:00:00,0,10494,2708,1069,1848,0,102,103,76,78,96,3,100,1,0,0,0
107093,2026/03/24 00:00:00,0,10707,2915,1088,2166,0,103,104,77,78,97,3,100,1,0,0,0
107093,2026/03/25 00:00:00,0,10516,2810,1060,2222,0,105,107,77,79,98,3,100,1,0,0,0
107093,2026/03/26 00:00:00,0,10637,2910,1003,1973,0,103,105,77,78,98,3,100,1,0,0,0
107093,2026/03/27 00:00:00,0,11588,3087,1036,1939,0,106,107,77,79,100,3,100,1,0,0,0
107093,2026/03/28 00:00:00,0,12678,2368,467,557,0,105,112,85,81,104,2,100,1,0,0,0
107093,2026/03/29 00:00:00,0,13460,2376,292,187,0,106,112,89,82,106,2,100,1,0,0,0
107093,2026/03/30 00:00:00,0,10632,2679,1018,2023,0,102,104,76,78,96,3,100,1,0,0,0
107093,2026/03/31 00:00:00,0,10750,2801,1070,2112,0,105,106,77,79,99,3,100,1,0,0,0
107095,2026/03/01 00:00:00,0,10648,636,200,136,0,104,99,86,77,103,3,100,1,0,0,0
107095,2026/03/02 00:00:00,0,5685,958,1007,1935,0,98,89,71,75,88,4,100,1,0,0,0
107095,2026/03/03 00:00:00,0,5406,941,976,1868,0,99,92,73,76,90,4,100,1,0,0,0
107095,2026/03/04 00:00:00,0,5786,930,1066,1978,0,102,94,75,77,91,4,100,1,0,0,0
107095,2026/03/05 00:00:00,0,5787,952,1057,2064,0,102,93,75,76,91,4,100,1,0,0,0
107095,2026/03/06 00:00:00,0,6694,1030,950,1684,0,103,95,75,77,94,4,100,1,0,0,0
107095,2026/03/07 00:00:00,0,10071,767,420,450,0,104,99,83,77,102,3,100,1,0,0,0
107095,2026/03/08 00:00:00,0,11008,614,250,140,0,104,98,86,78,103,3,100,0,0,0,0
107095,2026/03/09 00:00:00,0,6057,992,1051,1907,0,100,91,73,75,90,4,100,1,0,0,0
107095,2026/03/10 00:00:00,0,5558,887,934,1916,0,101,92,75,76,91,4,100,1,0,0,0
107095,2026/03/11 00:00:00,0,5625,878,1005,2064,0,101,93,74,76,90,4,100,1,0,0,0
107095,2026/03/12 00:00:00,0,5805,1025,1063,1932,0,101,92,75,76,91,4,100,1,0,0,0
107095,2026/03/13 00:00:00,0,6143,948,971,1741,0,100,92,74,75,91,4,100,1,0,0,0
107095,2026/03/14 00:00:00,0,9887,737,375,449,0,104,100,84,77,102,3,100,1,0,0,0
107095,2026/03/15 00:00:00,0,10778,541,207,147,0,104,100,84,78,103,3,100,0,0,0,0
107095,2026/03/16 00:00:00,0,5889,974,939,1932,0,102,93,74,76,92,4,100,1,0,0,0
107095,2026/03/17 00:00:00,0,5735,955,1051,2074,0,101,93,74,76,91,4,100,1,0,0,0
107095,2026/03/18 00:00:00,0,5602,897,946,1952,0,101,93,75,76,91,4,100,1,0,0,0
107095,2026/03/19 00:00:00,0,5902,1005,1001,2002,0,102,93,75,76,92,4,100,1,0,0,0
107095,2026/03/20 00:00:00,0,6774,1070,856,1749,0,102,94,75,77,94,4,100,1,0,0,0
107095,2026/03/21 00:00:00,0,10898,850,493,509,0,103,98,82,77,101,3,100,1,0,0,0
107095,2026/03/22 00:00:00,0,11425,694,303,152,0,103,97,84,78,101,3,100,0,0,0,0
107095,2026/03/23 00:00:00,0,5693,899,986,1786,0,99,91,73,75,90,4,100,1,0,0,0
107095,2026/03/24 00:00:00,0,5541,950,1015,2046,0,99,91,73,75,89,4,100,0,0,0,0
107095,2026/03/25 00:00:00,0,5614,913,1022,2112,0,101,93,74,76,90,4,100,1,0,0,0
107095,2026/03/26 00:00:00,0,5614,959,919,1896,0,99,91,73,76,90,4,100,1,0,0,0
107095,2026/03/27 00:00:00,0,6724,960,924,1901,0,100,93,74,76,92,4,100,1,0,0,0
107095,2026/03/28 00:00:00,0,9974,829,440,531,0,103,98,82,78,100,3,100,0,0,0,0
107095,2026/03/29 00:00:00,0,10749,645,280,164,0,103,97,85,78,102,3,100,1,0,0,1
107095,2026/03/30 00:00:00,0,5495,918,929,1938,0,99,92,73,75,89,4,100,1,0,0,0
107095,2026/03/31 00:00:00,0,5704,961,982,2062,0,101,94,75,76,91,4,100,1,0,0,0
107097,2026/03/01 00:00:00,0,11026,224,170,80,0,114,102,96,89,113,2,100,1,1,0,0
107097,2026/03/02 00:00:00,0,6668,460,818,1334,0,105,91,81,86,98,3,100,1,12,0,0
107097,2026/03/03 00:00:00,0,6358,517,723,1373,0,106,94,83,87,100,3,100,1,13,0,0
107097,2026/03/04 00:00:00,0,6751,486,765,1476,0,109,94,84,88,102,3,100,1,12,0,0
107097,2026/03/05 00:00:00,0,6790,508,820,1492,0,108,92,84,88,101,3,100,1,13,0,0
107097,2026/03/06 00:00:00,0,7659,540,728,1215,0,111,97,86,88,105,3,100,1,11,0,0
107097,2026/03/07 00:00:00,0,10523,317,338,358,0,114,103,94,88,112,2,100,1,2,0,0
107097,2026/03/08 00:00:00,0,11358,250,193,88,0,114,101,95,89,113,2,100,1,1,0,0
107097,2026/03/09 00:00:00,0,7073,518,803,1369,0,107,93,83,87,101,3,100,1,11,0,0
107097,2026/03/10 00:00:00,0,6418,433,752,1401,0,109,93,85,88,101,3,100,1,12,0,0
107097,2026/03/11 00:00:00,0,6498,482,761,1557,0,108,92,83,87,100,3,100,1,10,0,0
107097,2026/03/12 00:00:00,0,6749,530,806,1426,0,109,93,85,88,102,3,100,1,12,0,0
107097,2026/03/13 00:00:00,0,7083,458,771,1250,0,108,93,83,87,101,3,100,1,10,0,0
107097,2026/03/14 00:00:00,0,10377,307,307,331,0,114,104,92,88,112,2,100,1,3,0,0
107097,2026/03/15 00:00:00,0,11099,198,167,90,0,114,102,93,90,113,2,100,1,1,0,0
107097,2026/03/16 00:00:00,0,6818,500,765,1419,0,109,95,84,88,102,3,100,1,12,0,0
107097,2026/03/17 00:00:00,0,6713,527,817,1524,0,109,93,84,88,101,3,100,1,13,0,0
107097,2026/03/18 00:00:00,0,6529,492,733,1464,0,109,93,84,87,101,3,100,1,13,0,0
107097,2026/03/19 00:00:00,0,6869,563,790,1451,0,109,93,84,88,102,3,100,1,10,0,0
107097,2026/03/20 00:00:00,0,7731,543,616,1312,0,110,94,86,88,104,3,100,1,9,0,0
107097,2026/03/21 00:00:00,0,11444,346,413,389,0,113,102,91,88,111,2,100,1,3,0,0
107097,2026/03/22 00:00:00,0,11820,321,224,103,0,112,101,93,90,111,2,100,1,2,0,0
107097,2026/03/23 00:00:00,0,6534,502,766,1296,0,106,92,83,87,100,3,100,1,12,0,0
107097,2026/03/24 00:00:00,0,6550,470,755,1504,0,107,92,83,87,100,3,100,1,12,0,0
107097,2026/03/25 00:00:00,0,6541,487,782,1614,0,108,94,83,87,101,3,100,1,12,0,0
107097,2026/03/26 00:00:00,0,6512,499,694,1385,0,106,91,82,87,99,3,100,1,10,0,0
107097,2026/03/27 00:00:00,0,7616,513,741,1352,0,108,93,84,87,102,3,100,1,9,0,0
107097,2026/03/28 00:00:00,0,10521,349,339,410,0,112,102,91,89,110,2,100,1,2,0,0
107097,2026/03/29 00:00:00,0,11129,287,236,102,0,113,101,95,92,112,2,100,1,1,0,1
107097,2026/03/30 00:00:00,0,6360,487,724,1411,0,107,92,82,87,100,3,100,1,12,0,0
107097,2026/03/31 00:00:00,0,6628,496,796,1479,0,108,92,83,88,101,3,100,1,11,0,0
111705,2026/03/01 00:00:00,0,4423,337,66,37,0,84,81,76,68,83,1,100,0,0,0,0
111705,2026/03/02 00:00:00,0,5278,762,309,743,0,74,73,67,64,72,4,100,0,0,0,0
111705,2026/03/03 00:00:00,0,5509,771,316,716,0,74,73,68,64,72,4,100,0,0,0,0
111705,2026/03/04 00:00:00,0,5785,792,322,736,0,79,76,69,64,76,3,100,1,0,0,0
111705,2026/03/05 00:00:00,0,5822,834,323,769,0,79,76,70,64,76,4,100,1,0,0,0
111705,2026/03/06 00:00:00,0,5752,803,322,672,0,80,77,69,65,78,3,100,0,0,0,0
111705,2026/03/07 00:00:00,0,5121,476,171,140,0,83,80,74,65,82,2,100,0,0,0,0
111705,2026/03/08 00:00:00,0,4377,299,57,38,0,83,81,73,68,83,1,100,0,0,0,0
111705,2026/03/09 00:00:00,0,5548,799,336,703,0,77,76,69,64,75,3,100,0,0,0,0
111705,2026/03/10 00:00:00,0,5858,758,314,808,0,75,75,67,64,73,4,100,0,0,0,0
111705,2026/03/11 00:00:00,0,5845,801,298,864,0,78,76,69,64,75,4,100,1,0,0,0
111705,2026/03/12 00:00:00,0,5909,798,353,875,0,77,75,68,64,75,4,100,0,0,0,0
111705,2026/03/13 00:00:00,0,5713,754,291,835,0,77,75,67,64,75,4,100,0,0,0,0
111705,2026/03/14 00:00:00,0,5350,440,145,150,0,83,80,72,64,81,2,100,0,0,0,0
111705,2026/03/15 00:00:00,0,4358,284,64,44,0,84,82,73,69,83,1,100,1,0,0,0
111705,2026/03/16 00:00:00,0,5531,764,296,770,0,79,76,69,64,76,4,100,0,0,0,0
111705,2026/03/17 00:00:00,0,5861,808,326,834,0,78,76,67,64,75,4,100,0,0,0,0
111705,2026/03/18 00:00:00,0,5402,721,312,854,0,77,75,68,64,75,4,100,0,0,0,0
111705,2026/03/19 00:00:00,0,5895,760,325,772,0,79,76,69,63,76,4,100,1,0,0,0
111705,2026/03/20 00:00:00,0,5817,760,299,717,0,79,76,70,64,77,3,100,0,0,0,0
111705,2026/03/21 00:00:00,0,5166,458,142,158,0,82,80,73,64,81,2,100,0,0,0,0
111705,2026/03/22 00:00:00,0,4308,307,69,55,0,82,80,72,68,82,1,100,0,0,0,0
111705,2026/03/23 00:00:00,0,5092,680,276,692,0,75,74,68,63,73,3,100,1,0,0,0
111705,2026/03/24 00:00:00,0,5450,759,265,802,0,75,74,68,63,73,4,100,1,0,0,0
111705,2026/03/25 00:00:00,0,5751,738,276,841,0,78,76,68,64,75,4,100,1,0,0,0
111705,2026/03/26 00:00:00,0,5745,780,314,793,0,76,74,67,63,74,4,100,0,0,0,0
111705,2026/03/27 00:00:00,0,5922,801,309,790,0,79,76,68,64,76,3,100,1,0,0,0
111705,2026/03/28 00:00:00,0,5282,470,138,189,0,82,79,72,65,80,2,100,0,0,0,0
111705,2026/03/29 00:00:00,0,4230,306,74,63,0,83,80,75,69,83,1,100,1,0,0,0
111705,2026/03/30 00:00:00,0,5174,695,271,708,0,77,76,68,64,75,3,100,1,0,0,0
111705,2026/03/31 00:00:00,0,5668,788,296,852,0,74,73,67,63,72,4,100,1,0,0,0
111708,2026/03/01 00:00:00,0,4116,299,70,41,0,88,88,80,76,87,1,100,0,0,0,0
111708,2026/03/02 00:00:00,0,5280,708,303,695,0,76,76,70,68,74,4,100,1,1,0,0
111708,2026/03/03 00:00:00,0,5661,763,340,787,0,71,73,71,67,70,7,100,1,0,0,0
111708,2026/03/04 00:00:00,0,5743,818,336,828,0,80,80,74,72,79,4,100,1,0,0,0
111708,2026/03/05 00:00:00,0,5860,811,351,813,0,80,79,75,72,79,3,100,1,1,0,0
111708,2026/03/06 00:00:00,0,5788,780,325,676,0,83,82,76,73,82,3,100,1,0,0,0
111708,2026/03/07 00:00:00,0,4662,517,180,115,0,88,86,80,75,87,1,100,0,0,0,0
111708,2026/03/08 00:00:00,0,3970,327,72,45,0,90,89,83,76,89,1,100,0,0,0,0
111708,2026/03/09 00:00:00,0,5507,750,351,716,0,78,77,70,68,76,4,100,1,0,0,0
111708,2026/03/10 00:00:00,0,5704,749,302,864,0,77,77,71,68,75,4,100,1,0,0,0
111708,2026/03/11 00:00:00,0,5985,799,324,904,0,79,77,71,68,77,4,100,1,0,0,0
111708,2026/03/12 00:00:00,0,5809,777,358,837,0,79,79,71,69,78,4,100,1,1,0,0
111708,2026/03/13 00:00:00,0,5722,734,316,792,0,79,77,69,68,77,3,100,1,0,0,0
111708,2026/03/14 00:00:00,0,4853,453,136,121,0,87,86,79,75,87,1,100,0,0,0,0
111708,2026/03/15 00:00:00,0,4155,276,64,42,0,88,89,80,77,88,1,100,0,0,0,0
111708,2026/03/16 00:00:00,0,5615,713,312,883,0,77,76,70,69,75,5,100,1,0,0,0
111708,2026/03/17 00:00:00,0,5576,746,390,868,0,79,78,72,71,77,4,100,1,1,0,0
111708,2026/03/18 00:00:00,0,5502,709,326,748,0,72,74,65,66,71,5,100,1,1,0,0
111708,2026/03/19 00:00:00,0,6037,770,337,848,0,79,79,73,70,77,5,100,1,0,0,0
111708,2026/03/20 00:00:00,0,5755,785,339,710,0,83,82,75,72,81,3,100,1,0,0,0
111708,2026/03/21 00:00:00,0,4662,422,163,121,0,89,89,80,76,88,1,100,1,0,0,0
111708,2026/03/22 00:00:00,0,4157,311,74,45,0,89,88,80,76,88,1,100,1,0,0,0
111708,2026/03/23 00:00:00,0,5392,692,318,824,0,73,75,65,67,71,7,100,1,0,0,0
111708,2026/03/24 00:00:00,0,5676,733,300,898,0,75,76,66,67,73,5,100,1,0,0,0
111708,2026/03/25 00:00:00,0,5734,717,290,973,0,77,76,68,67,75,4,100,1,1,0,0
111708,2026/03/26 00:00:00,0,5763,777,353,865,0,65,67,58,61,64,9,100,1,0,0,0
111708,2026/03/27 00:00:00,0,6080,800,351,800,0,74,73,66,66,73,5,100,1,0,0,0
111708,2026/03/28 00:00:00,0,4866,455,151,155,0,85,84,77,73,84,1,100,0,0,0,0
111708,2026/03/29 00:00:00,0,4253,288,77,55,0,86,85,76,73,85,1,100,1,0,0,1
111708,2026/03/30 00:00:00,0,5569,727,320,924,0,69,68,60,62,67,7,100,1,1,0,0
111708,2026/03/31 00:00:00,0,5865,821,336,926,0,80,79,72,70,78,4,100,1,0,0,0
111791,2026/03/01 00:00:00,0,9452,4205,220,312,0,115,121,98,85,115,2,100,1,1,0,0
111791,2026/03/02 00:00:00,0,6845,5657,1035,4239,0,95,105,80,79,92,6,100,1,0,0,0
111791,2026/03/03 00:00:00,0,7426,5962,1071,4665,0,92,101,80,79,89,7,100,1,1,0,0
111791,2026/03/04 00:00:00,0,6581,5916,1202,4490,0,112,116,87,84,103,4,100,1,1,0,0
111791,2026/03/05 00:00:00,0,6846,6624,1175,4768,0,111,115,87,83,103,5,100,1,1,0,0
111791,2026/03/06 00:00:00,0,7275,5664,1054,3950,0,113,117,89,84,105,4,100,1,1,0,0
111791,2026/03/07 00:00:00,0,8548,3470,352,718,0,114,120,97,85,113,1,100,1,1,0,0
111791,2026/03/08 00:00:00,0,10277,4753,293,285,0,114,121,98,86,115,2,100,1,0,0,0
111791,2026/03/09 00:00:00,0,7158,6532,1136,4368,0,111,114,86,83,102,4,100,1,1,0,0
111791,2026/03/10 00:00:00,0,6972,6313,1051,4339,0,102,109,84,81,96,5,100,1,1,0,0
111791,2026/03/11 00:00:00,0,6755,6596,1105,4815,0,111,114,87,83,102,5,100,1,1,0,0
111791,2026/03/12 00:00:00,0,6692,6719,1176,4540,0,112,116,89,83,103,5,100,1,1,0,0
111791,2026/03/13 00:00:00,0,6895,5801,1021,3911,0,112,116,89,83,104,4,100,1,1,0,0
111791,2026/03/14 00:00:00,0,8428,3323,343,724,0,114,119,96,84,113,1,100,1,0,0,0
111791,2026/03/15 00:00:00,0,9712,4356,212,308,0,114,121,100,86,115,2,100,1,1,0,0
111791,2026/03/16 00:00:00,0,6988,6116,1114,4437,0,112,115,87,83,103,4,100,1,1,0,0
111791,2026/03/17 00:00:00,0,7096,6587,1077,4487,0,111,115,88,83,103,5,100,1,1,0,0
111791,2026/03/18 00:00:00,0,6799,6288,1132,4711,0,111,114,87,83,102,4,100,1,1,0,0
111791,2026/03/19 00:00:00,0,7488,6835,1135,4746,0,112,116,87,83,103,4,100,1,1,0,0
111791,2026/03/20 00:00:00,0,7532,5640,1011,3997,0,112,116,88,83,104,4,100,1,1,0,0
111791,2026/03/21 00:00:00,0,8986,3722,386,741,0,113,119,94,84,112,1,100,1,1,0,0
111791,2026/03/22 00:00:00,0,11318,5571,337,330,0,113,120,96,85,114,2,100,1,0,0,0
111791,2026/03/23 00:00:00,0,7050,5757,1144,4372,0,99,107,81,79,94,6,100,1,1,0,0
111791,2026/03/24 00:00:00,0,6718,6046,1161,4489,0,100,109,83,81,95,6,100,1,1,0,0
111791,2026/03/25 00:00:00,0,6615,6078,1092,4627,0,111,115,87,83,102,4,100,1,1,0,0
111791,2026/03/26 00:00:00,0,7078,6437,1127,4853,0,107,110,85,82,99,5,100,1,1,0,0
111791,2026/03/27 00:00:00,0,7558,6303,1093,4316,0,111,116,89,83,103,4,100,1,1,0,0
111791,2026/03/28 00:00:00,0,8568,3567,430,818,0,112,119,96,84,111,1,100,1,1,0,0
111791,2026/03/29 00:00:00,0,9771,4261,282,313,0,113,120,98,86,114,2,100,1,0,0,0
111791,2026/03/30 00:00:00,0,7028,6196,1131,4549,0,105,109,83,81,97,5,100,1,1,0,0
111791,2026/03/31 00:00:00,0,6984,6586,1330,4609,0,105,110,85,82,98,5,100,1,1,0,0
111792,2026/03/01 00:00:00,0,9542,1376,219,185,0,114,117,90,80,113,1,100,1,0,0,0
111792,2026/03/02 00:00:00,0,10024,3585,1870,3126,0,111,111,74,79,99,4,100,1,2,0,0
111792,2026/03/03 00:00:00,0,10458,3573,1856,3431,0,111,110,74,79,99,4,100,1,1,0,0
111792,2026/03/04 00:00:00,0,9557,3081,1886,3229,0,112,111,75,79,99,4,100,1,1,0,0
111792,2026/03/05 00:00:00,0,10875,3636,2001,3269,0,112,111,75,79,100,4,100,1,2,0,0
111792,2026/03/06 00:00:00,0,12385,3902,1770,2822,0,112,112,75,79,102,4,100,1,1,0,0
111792,2026/03/07 00:00:00,0,10647,1790,389,537,0,114,117,84,79,111,1,100,1,1,0,0
111792,2026/03/08 00:00:00,0,9687,1431,237,144,0,115,119,89,80,114,1,100,1,1,0,0
111792,2026/03/09 00:00:00,0,9573,3120,1782,3097,0,112,111,74,79,99,4,100,1,1,0,0
111792,2026/03/10 00:00:00,0,10427,3828,1949,3493,0,108,108,73,78,97,5,100,1,1,0,0
111792,2026/03/11 00:00:00,0,9789,3376,1881,3335,0,110,110,73,78,98,4,100,1,1,0,0
111792,2026/03/12 00:00:00,0,10425,3686,1980,3048,0,111,110,74,78,99,4,100,1,1,0,0
111792,2026/03/13 00:00:00,0,11918,3994,1803,2941,0,110,110,74,78,100,4,100,1,1,0,0
111792,2026/03/14 00:00:00,0,10314,1761,408,555,0,113,116,84,80,111,1,100,1,1,0,0
111792,2026/03/15 00:00:00,0,9549,1430,241,177,0,115,118,89,79,114,1,100,1,1,0,0
111792,2026/03/16 00:00:00,0,9588,3333,1851,3284,0,111,110,73,78,98,4,100,1,1,0,0
111792,2026/03/17 00:00:00,0,10033,3426,1979,3306,0,106,106,73,77,95,5,100,1,1,0,0
111792,2026/03/18 00:00:00,0,10739,3781,2005,3523,0,111,110,74,78,99,4,100,1,1,0,0
111792,2026/03/19 00:00:00,0,11599,3960,1971,3397,0,111,111,74,79,100,4,100,1,1,0,0
111792,2026/03/20 00:00:00,0,12830,3864,1740,2838,0,111,112,75,79,102,4,100,1,1,0,0
111792,2026/03/21 00:00:00,0,11096,1941,472,480,0,115,117,86,79,112,1,100,1,0,0,0
111792,2026/03/22 00:00:00,0,10185,1660,294,184,0,115,117,89,81,113,1,100,1,0,0,0
111792,2026/03/23 00:00:00,0,9980,3441,1990,3168,0,110,110,74,78,98,4,100,1,1,0,0
111792,2026/03/24 00:00:00,0,9873,3478,1969,3449,0,111,109,74,78,98,4,100,1,1,0,0
111792,2026/03/25 00:00:00,0,9852,3213,1962,3308,0,108,108,73,78,97,4,100,1,1,0,0
111792,2026/03/26 00:00:00,0,11941,4054,2104,3602,0,108,108,73,78,97,5,100,1,1,0,0
111792,2026/03/27 00:00:00,0,12437,4179,1941,2993,0,109,110,75,78,100,4,100,1,1,0,0
111792,2026/03/28 00:00:00,0,10834,2072,606,621,0,111,113,83,80,108,1,100,1,0,0,0
111792,2026/03/29 00:00:00,0,9760,1594,323,182,0,113,115,88,82,112,1,100,1,0,0,1
111792,2026/03/30 00:00:00,0,10641,3519,1945,3266,0,108,108,73,78,97,4,100,1,1,0,0
111792,2026/03/31 00:00:00,0,10984,3693,2134,3357,0,110,110,74,78,98,4,100,1,1,0,0
112806,2026/03/01 00:00:00,0,1150,95,15,26,0,54,50,47,40,53,0,100,0,0,0,0
112806,2026/03/02 00:00:00,0,2649,276,234,1108,0,53,49,42,40,48,4,100,0,0,0,0
112806,2026/03/03 00:00:00,0,2690,279,248,1152,0,53,49,43,40,48,4,100,0,0,0,0
112806,2026/03/04 00:00:00,0,2848,293,206,1184,0,53,50,42,39,48,5,100,1,0,0,0
112806,2026/03/05 00:00:00,0,2657,309,229,1286,0,53,49,42,40,48,5,100,0,0,0,0
112806,2026/03/06 00:00:00,0,2777,288,235,1282,0,53,50,42,40,48,5,100,0,0,0,0
112806,2026/03/07 00:00:00,0,1627,127,40,68,0,54,50,47,39,53,1,100,0,0,0,0
112806,2026/03/08 00:00:00,0,1321,99,22,46,0,54,51,43,38,53,0,100,0,0,0,0
112806,2026/03/09 00:00:00,0,1868,224,197,1130,0,54,51,41,40,48,4,100,0,0,0,0
112806,2026/03/10 00:00:00,0,1901,246,228,1052,0,54,50,41,40,47,4,100,0,0,0,0
112806,2026/03/11 00:00:00,0,1922,240,208,1064,0,54,50,41,39,47,4,100,0,0,0,0
112806,2026/03/12 00:00:00,0,1901,232,195,1008,0,54,50,42,40,48,4,100,0,0,0,0
112806,2026/03/13 00:00:00,0,2226,276,219,1084,0,53,49,41,39,47,4,100,0,0,0,0
112806,2026/03/14 00:00:00,0,1540,149,31,81,0,53,50,46,38,52,1,100,0,0,0,0
112806,2026/03/15 00:00:00,0,1345,101,12,52,0,54,50,46,38,53,1,100,1,0,0,0
112806,2026/03/16 00:00:00,0,2043,237,214,1153,0,53,50,40,39,47,4,100,0,0,0,0
112806,2026/03/17 00:00:00,0,2108,256,232,1195,0,54,50,41,39,47,4,100,0,0,0,0
112806,2026/03/18 00:00:00,0,1998,268,223,1209,0,54,50,41,39,47,4,100,0,0,0,0
112806,2026/03/19 00:00:00,0,2010,241,196,1273,0,53,49,42,39,47,4,100,0,0,0,0
112806,2026/03/20 00:00:00,0,1967,239,191,1257,0,53,49,42,39,47,4,100,0,0,0,0
112806,2026/03/21 00:00:00,0,2031,205,63,124,0,54,51,45,39,53,1,100,0,0,0,0
112806,2026/03/22 00:00:00,0,1375,98,22,43,0,54,50,44,37,53,1,100,0,0,0,0
112806,2026/03/23 00:00:00,0,1903,271,221,1206,0,53,49,42,40,47,4,100,0,0,0,0
112806,2026/03/24 00:00:00,0,1993,247,233,1290,0,53,49,42,39,47,5,100,0,0,0,0
112806,2026/03/25 00:00:00,0,1893,247,220,1346,0,53,49,41,39,46,4,100,0,0,0,0
112806,2026/03/26 00:00:00,0,1940,249,252,1389,0,52,49,41,39,46,5,100,0,0,0,0
112806,2026/03/27 00:00:00,0,1929,276,253,1282,0,53,49,42,40,47,4,100,0,0,0,0
112806,2026/03/28 00:00:00,0,1531,149,38,97,0,53,50,44,39,52,1,100,0,0,0,0
112806,2026/03/29 00:00:00,0,1307,117,22,50,0,54,51,45,39,53,1,100,1,0,0,0
112806,2026/03/30 00:00:00,0,1879,243,218,1184,0,53,48,40,39,46,4,100,0,0,0,0
112806,2026/03/31 00:00:00,0,1866,233,220,1174,0,53,49,42,39,47,4,100,0,0,0,0
112807,2026/03/01 00:00:00,0,1061,0,0,4,0,88,0,0,80,88,0,100,1,0,0,100
112807,2026/03/02 00:00:00,0,1126,0,0,699,0,86,0,0,73,81,1,100,1,0,0,100
112807,2026/03/03 00:00:00,0,1126,0,0,699,0,86,0,0,73,81,1,100,1,0,0,100
112807,2026/03/04 00:00:00,0,1126,0,0,699,0,86,0,0,73,81,1,100,1,0,0,100
112807,2026/03/05 00:00:00,0,1126,0,0,699,0,86,0,0,73,81,1,100,1,0,0,100
112807,2026/03/06 00:00:00,0,1126,0,0,699,0,86,0,0,73,81,1,100,1,0,0,100
112807,2026/03/07 00:00:00,0,1215,1,0,5,0,89,88,0,80,88,0,100,1,0,0,100
112807,2026/03/08 00:00:00,0,1061,0,0,4,0,88,0,0,80,88,0,100,1,0,0,100
112807,2026/03/09 00:00:00,0,1126,0,0,699,0,86,0,0,73,81,1,100,1,0,0,100
112807,2026/03/10 00:00:00,0,1126,0,0,699,0,86,0,0,73,81,1,100,1,0,0,100
112807,2026/03/11 00:00:00,0,1126,0,0,699,0,86,0,0,73,81,1,100,1,0,0,100
112807,2026/03/12 00:00:00,0,1126,0,0,699,0,86,0,0,73,81,1,100,1,0,0,100
112807,2026/03/13 00:00:00,0,1126,0,0,699,0,86,0,0,73,81,1,100,1,0,0,100
112807,2026/03/14 00:00:00,0,1215,1,0,5,0,89,88,0,80,88,0,100,1,0,0,100
112807,2026/03/15 00:00:00,0,1061,0,0,4,0,88,0,0,80,88,0,100,1,0,0,100
112807,2026/03/16 00:00:00,0,1126,0,0,699,0,86,0,0,73,81,1,100,1,0,0,100
112807,2026/03/17 00:00:00,0,1126,0,0,699,0,86,0,0,73,81,1,100,1,0,0,100
112807,2026/03/18 00:00:00,0,1126,0,0,699,0,86,0,0,73,81,1,100,1,0,0,100
112807,2026/03/19 00:00:00,0,1126,0,0,699,0,86,0,0,73,81,1,100,1,0,0,100
112807,2026/03/20 00:00:00,0,1126,0,0,699,0,86,0,0,73,81,1,100,1,0,0,100
112807,2026/03/21 00:00:00,0,1215,1,0,5,0,89,88,0,80,88,0,100,1,0,0,100
112807,2026/03/22 00:00:00,0,1061,0,0,4,0,88,0,0,80,88,0,100,1,0,0,100
112807,2026/03/23 00:00:00,0,1126,0,0,699,0,86,0,0,73,81,1,100,1,0,0,100
112807,2026/03/24 00:00:00,0,1126,0,0,699,0,86,0,0,73,81,1,100,1,0,0,100
112807,2026/03/25 00:00:00,0,1126,0,0,699,0,86,0,0,73,81,1,100,1,0,0,100
112807,2026/03/26 00:00:00,0,1126,0,0,699,0,86,0,0,73,81,1,100,1,0,0,100
112807,2026/03/27 00:00:00,0,1126,0,0,699,0,86,0,0,73,81,1,100,1,0,0,100
112807,2026/03/28 00:00:00,0,1215,1,0,5,0,89,88,0,80,88,0,100,1,0,0,100
112807,2026/03/29 00:00:00,0,1061,0,0,4,0,88,0,0,80,88,0,100,1,0,0,100
112807,2026/03/30 00:00:00,0,1126,0,0,699,0,86,0,0,73,81,1,100,1,0,0,100
112807,2026/03/31 00:00:00,0,1126,0,0,699,0,86,0,0,73,81,1,100,1,0,0,100
112808,2026/03/01 00:00:00,0,4902,320,54,55,0,81,79,72,69,81,0,100,0,0,0,0
112808,2026/03/02 00:00:00,0,5461,793,326,1195,0,69,67,54,54,64,3,100,1,0,0,0
112808,2026/03/03 00:00:00,0,5581,807,337,1118,0,65,62,48,51,61,4,100,1,0,0,0
112808,2026/03/04 00:00:00,0,5264,731,321,1060,0,67,64,49,52,62,3,100,1,1,0,0
112808,2026/03/05 00:00:00,0,5674,818,371,1170,0,69,65,51,54,64,3,100,1,1,0,0
112808,2026/03/06 00:00:00,0,5861,778,303,1033,0,70,68,49,54,65,3,100,1,0,0,0
112808,2026/03/07 00:00:00,0,5327,427,106,197,0,81,79,74,68,80,1,100,1,0,0,0
112808,2026/03/08 00:00:00,0,5024,318,54,50,0,81,81,72,69,81,0,100,0,0,0,0
112808,2026/03/09 00:00:00,0,5555,870,342,1136,0,71,67,58,56,66,3,100,1,0,0,0
112808,2026/03/10 00:00:00,0,5561,795,334,1153,0,68,66,58,56,65,3,100,1,0,0,0
112808,2026/03/11 00:00:00,0,5444,764,343,1111,0,71,69,59,56,67,2,100,1,0,0,0
112808,2026/03/12 00:00:00,0,5553,777,326,1105,0,75,71,63,61,71,2,100,1,0,0,0
112808,2026/03/13 00:00:00,0,5586,772,316,964,0,75,72,61,60,71,2,100,1,0,0,0
112808,2026/03/14 00:00:00,0,5077,467,81,168,0,79,79,73,67,79,1,100,0,0,0,0
112808,2026/03/15 00:00:00,0,5109,369,67,60,0,81,80,72,69,81,0,100,0,0,0,0
112808,2026/03/16 00:00:00,0,5346,773,326,1159,0,69,66,58,56,65,3,100,1,0,0,0
112808,2026/03/17 00:00:00,0,5707,775,325,1092,0,65,63,50,55,61,5,100,1,0,0,0
112808,2026/03/18 00:00:00,0,5742,817,351,1250,0,66,62,47,50,61,4,100,1,1,0,0
112808,2026/03/19 00:00:00,0,5612,815,380,1205,0,70,66,52,53,65,4,100,1,0,0,0
112808,2026/03/20 00:00:00,0,5789,783,295,1187,0,73,69,54,57,68,2,100,1,0,0,0
112808,2026/03/21 00:00:00,0,4495,378,86,154,0,80,78,73,66,79,0,100,0,0,0,0
112808,2026/03/22 00:00:00,0,5108,322,66,54,0,80,79,72,69,80,0,100,0,0,0,0
112808,2026/03/23 00:00:00,0,5475,753,362,1259,0,67,64,47,52,62,3,100,1,0,0,0
112808,2026/03/24 00:00:00,0,5557,777,333,1170,0,70,68,59,56,66,3,100,1,0,0,0
112808,2026/03/25 00:00:00,0,5555,834,342,1227,0,66,63,51,52,61,4,100,1,0,0,0
112808,2026/03/26 00:00:00,0,5488,817,374,1221,0,66,66,50,50,61,3,100,1,0,0,0
112808,2026/03/27 00:00:00,0,6180,915,392,1299,0,69,69,54,54,65,3,100,1,1,0,0
112808,2026/03/28 00:00:00,0,6921,761,173,452,0,75,73,69,65,74,1,100,1,0,0,0
112808,2026/03/29 00:00:00,0,5835,482,97,131,0,78,78,72,67,78,1,100,1,0,0,1
112808,2026/03/30 00:00:00,0,5551,874,348,1179,0,68,66,50,54,63,3,100,1,0,0,0
112808,2026/03/31 00:00:00,0,5603,837,337,1138,0,71,70,59,58,67,2,100,1,1,0,0
112891,2026/03/01 00:00:00,0,13658,1437,250,355,0,110,106,94,88,108,2,100,1,0,0,100
112891,2026/03/02 00:00:00,0,12978,1974,693,5140,0,107,104,88,84,99,5,100,1,0,0,100
112891,2026/03/03 00:00:00,0,12978,1974,693,5140,0,107,104,88,84,99,5,100,1,0,0,100
112891,2026/03/04 00:00:00,0,12978,1974,693,5140,0,107,104,88,84,99,5,100,1,0,0,100
112891,2026/03/05 00:00:00,0,12978,1974,693,5140,0,107,104,88,84,99,5,100,1,0,0,100
112891,2026/03/06 00:00:00,0,12978,1974,693,5140,0,107,104,88,84,99,5,100,1,0,0,100
112891,2026/03/07 00:00:00,0,12885,1230,296,652,0,110,107,93,87,108,2,100,1,0,0,100
112891,2026/03/08 00:00:00,0,13658,1437,250,355,0,110,106,94,88,108,2,100,1,0,0,100
112891,2026/03/09 00:00:00,0,12978,1974,693,5140,0,107,104,88,84,99,5,100,1,0,0,100
112891,2026/03/10 00:00:00,0,12978,1974,693,5140,0,107,104,88,84,99,5,100,1,0,0,100
112891,2026/03/11 00:00:00,0,12978,1974,693,5140,0,107,104,88,84,99,5,100,1,0,0,100
112891,2026/03/12 00:00:00,0,12978,1974,693,5140,0,107,104,88,84,99,5,100,1,0,0,100
112891,2026/03/13 00:00:00,0,12978,1974,693,5140,0,107,104,88,84,99,5,100,1,0,0,100
112891,2026/03/14 00:00:00,0,12885,1230,296,652,0,110,107,93,87,108,2,100,1,0,0,100
112891,2026/03/15 00:00:00,0,13658,1437,250,355,0,110,106,94,88,108,2,100,1,0,0,100
112891,2026/03/16 00:00:00,0,12978,1974,693,5140,0,107,104,88,84,99,5,100,1,0,0,100
112891,2026/03/17 00:00:00,0,12978,1974,693,5140,0,107,104,88,84,99,5,100,1,0,0,100
112891,2026/03/18 00:00:00,0,12978,1974,693,5140,0,107,104,88,84,99,5,100,1,0,0,100
112891,2026/03/19 00:00:00,0,12978,1974,693,5140,0,107,104,88,84,99,5,100,1,0,0,100
112891,2026/03/20 00:00:00,0,12978,1974,693,5140,0,107,104,88,84,99,5,100,1,0,0,100
112891,2026/03/21 00:00:00,0,12885,1230,296,652,0,110,107,93,87,108,2,100,1,0,0,100
112891,2026/03/22 00:00:00,0,13658,1437,250,355,0,110,106,94,88,108,2,100,1,0,0,100
112891,2026/03/23 00:00:00,0,12978,1974,693,5140,0,107,104,88,84,99,5,100,1,0,0,100
112891,2026/03/24 00:00:00,0,12978,1974,693,5140,0,107,104,88,84,99,5,100,1,0,0,100
112891,2026/03/25 00:00:00,0,12978,1974,693,5140,0,107,104,88,84,99,5,100,1,0,0,100
112891,2026/03/26 00:00:00,0,12978,1974,693,5140,0,107,104,88,84,99,5,100,1,0,0,100
112891,2026/03/27 00:00:00,0,12978,1974,693,5140,0,107,104,88,84,99,5,100,1,0,0,100
112891,2026/03/28 00:00:00,0,12885,1230,296,652,0,110,107,93,87,108,2,100,1,0,0,100
112891,2026/03/29 00:00:00,0,13658,1437,250,355,0,110,106,94,88,108,2,100,1,0,0,100
112891,2026/03/30 00:00:00,0,12978,1974,693,5140,0,107,104,88,84,99,5,100,1,0,0,100
112891,2026/03/31 00:00:00,0,12978,1974,693,5140,0,107,104,88,84,99,5,100,1,0,0,100
112892,2026/03/01 00:00:00,0,12777,1263,235,427,0,112,111,99,88,111,1,100,1,0,0,0
112892,2026/03/02 00:00:00,0,12484,1914,568,5008,0,112,109,93,87,103,4,100,1,0,0,0
112892,2026/03/03 00:00:00,0,12826,1976,650,5059,0,111,108,93,86,103,4,100,1,0,0,0
112892,2026/03/04 00:00:00,0,12905,2033,601,5141,0,111,108,93,87,103,4,100,1,0,0,0
112892,2026/03/05 00:00:00,0,13549,2100,669,5320,0,111,108,94,87,103,4,100,1,0,0,0
112892,2026/03/06 00:00:00,0,16084,2368,767,5110,0,110,107,94,87,104,5,100,1,0,0,0
112892,2026/03/07 00:00:00,0,14092,1648,416,873,0,111,109,100,88,109,2,100,0,0,0,0
112892,2026/03/08 00:00:00,0,13836,1414,295,415,0,111,109,98,88,110,2,100,0,0,0,0
112892,2026/03/09 00:00:00,0,12546,1908,585,4900,0,112,109,94,87,104,4,100,0,0,0,0
112892,2026/03/10 00:00:00,0,12822,2033,604,5193,0,111,108,93,86,103,4,100,1,0,0,0
112892,2026/03/11 00:00:00,0,12771,1912,631,5110,0,110,107,93,86,102,4,100,1,0,0,0
112892,2026/03/12 00:00:00,0,13291,2134,659,4966,0,112,109,94,87,104,4,100,1,0,0,0
112892,2026/03/13 00:00:00,0,14557,2225,678,4692,0,110,107,94,86,103,4,100,1,0,0,0
112892,2026/03/14 00:00:00,0,13202,1545,375,928,0,110,108,98,87,108,2,100,1,0,0,0
112892,2026/03/15 00:00:00,0,12848,1271,235,425,0,112,110,100,88,110,2,100,0,0,0,0
112892,2026/03/16 00:00:00,0,12621,2026,606,5291,0,111,107,92,86,102,4,100,1,0,0,0
112892,2026/03/17 00:00:00,0,13392,2086,617,5350,0,110,108,93,86,103,5,100,1,0,0,0
112892,2026/03/18 00:00:00,0,13777,2211,675,5676,0,110,106,93,86,102,5,100,1,0,0,0
112892,2026/03/19 00:00:00,0,13817,2207,688,5406,0,110,106,92,86,102,5,100,1,0,0,0
112892,2026/03/20 00:00:00,0,16371,2301,733,4964,0,109,107,94,86,103,5,100,1,0,0,0
112892,2026/03/21 00:00:00,0,13535,1475,370,776,0,111,109,100,88,109,2,100,1,0,0,0
112892,2026/03/22 00:00:00,0,13680,1451,300,426,0,111,109,100,88,110,2,100,1,0,0,0
112892,2026/03/23 00:00:00,0,13193,1891,661,5155,0,111,106,93,86,103,4,100,1,0,0,0
112892,2026/03/24 00:00:00,0,12811,1933,642,5240,0,112,108,93,87,103,4,100,1,0,0,0
112892,2026/03/25 00:00:00,0,12880,1971,605,5203,0,109,106,92,86,102,4,100,0,0,0,0
112892,2026/03/26 00:00:00,0,13616,2080,671,5426,0,109,105,91,85,101,5,100,0,0,0,0
112892,2026/03/27 00:00:00,0,17068,2636,886,5226,0,109,106,93,86,103,5,100,1,0,0,0
112892,2026/03/28 00:00:00,0,15226,1869,668,1242,0,108,105,94,87,106,2,100,1,0,0,0
112892,2026/03/29 00:00:00,0,14084,1418,380,477,0,110,108,96,88,109,2,100,1,0,0,1
112892,2026/03/30 00:00:00,0,13956,2129,647,5257,0,108,105,91,85,101,5,100,1,0,0,0
112892,2026/03/31 00:00:00,0,13243,2088,684,5545,0,111,107,93,86,102,4,100,1,0,0,0
112905,2026/03/01 00:00:00,0,2111,200,24,160,0,66,66,65,64,66,0,100,0,0,0,0
112905,2026/03/02 00:00:00,0,6349,1120,459,3454,0,65,64,64,63,64,5,100,0,0,0,0
112905,2026/03/03 00:00:00,0,7595,1345,521,3995,0,64,64,63,63,64,6,100,1,0,0,0
112905,2026/03/04 00:00:00,0,7216,1294,442,4010,0,65,64,63,63,64,6,100,0,0,0,0
112905,2026/03/05 00:00:00,0,7089,1262,460,3920,0,65,64,63,63,64,5,100,0,0,0,0
112905,2026/03/06 00:00:00,0,7084,1257,455,3722,0,65,64,64,64,64,5,100,1,0,0,0
112905,2026/03/07 00:00:00,0,3061,466,64,436,0,65,65,66,65,65,1,100,0,0,0,0
112905,2026/03/08 00:00:00,0,2696,296,34,187,0,66,65,67,64,66,0,100,0,0,0,0
112905,2026/03/09 00:00:00,0,6840,1203,456,3567,0,64,64,64,63,64,5,100,1,0,0,0
112905,2026/03/10 00:00:00,0,6957,1242,465,3640,0,64,64,63,63,64,5,100,1,0,0,0
112905,2026/03/11 00:00:00,0,7007,1222,443,3669,0,65,64,64,63,64,5,100,0,0,0,0
112905,2026/03/12 00:00:00,0,6871,1241,468,3392,0,64,63,64,63,64,5,100,0,0,0,0
112905,2026/03/13 00:00:00,0,6164,1142,334,2890,0,65,64,63,64,64,4,100,0,0,0,0
112905,2026/03/14 00:00:00,0,2705,365,64,343,0,66,66,67,65,66,1,100,0,0,0,0
112905,2026/03/15 00:00:00,0,2248,231,40,128,0,66,66,66,64,66,0,100,1,0,0,0
112905,2026/03/16 00:00:00,0,6816,1238,400,3340,0,64,64,63,64,64,5,100,0,0,0,0
112905,2026/03/17 00:00:00,0,7284,1268,410,3621,0,64,63,64,63,64,5,100,1,0,0,0
112905,2026/03/18 00:00:00,0,6929,1269,534,3917,0,57,56,52,59,57,8,100,1,0,0,0
112905,2026/03/19 00:00:00,0,6924,1266,481,3798,0,59,58,57,60,59,7,100,1,0,0,0
112905,2026/03/20 00:00:00,0,6643,1202,396,3876,0,65,64,63,63,64,5,100,0,0,0,0
112905,2026/03/21 00:00:00,0,1039,143,33,276,0,66,64,66,65,65,0,100,0,0,0,0
112905,2026/03/22 00:00:00,0,2605,273,46,155,0,67,67,67,65,66,0,100,0,0,0,0
112905,2026/03/23 00:00:00,0,6721,1188,452,3716,0,59,57,56,60,59,8,100,1,0,0,0
112905,2026/03/24 00:00:00,0,7090,1289,430,4037,0,64,64,64,64,64,5,100,1,0,0,0
112905,2026/03/25 00:00:00,0,7229,1295,439,3909,0,64,64,64,63,64,5,100,1,0,0,0
112905,2026/03/26 00:00:00,0,7501,1297,513,4056,0,58,57,56,59,58,8,100,0,0,0,0
112905,2026/03/27 00:00:00,0,6620,1246,417,3813,0,64,64,60,63,64,5,100,1,0,0,0
112905,2026/03/28 00:00:00,0,2962,60,10,331,0,67,66,64,66,67,1,100,1,0,0,100
112905,2026/03/29 00:00:00,0,3141,18,15,7,0,67,66,64,66,67,0,100,1,0,0,100
112905,2026/03/30 00:00:00,0,7011,1227,409,3760,0,63,62,62,62,62,6,100,1,0,0,0
112905,2026/03/31 00:00:00,0,7621,1512,564,4203,0,64,64,64,64,64,6,100,1,0,0,0
112906,2026/03/01 00:00:00,0,3624,344,57,196,0,68,69,73,69,68,1,100,0,0,0,0
112906,2026/03/02 00:00:00,0,4794,868,252,3016,0,68,68,68,68,68,3,100,0,0,0,0
112906,2026/03/03 00:00:00,0,5119,899,294,3161,0,68,67,68,68,68,4,100,0,0,0,0
112906,2026/03/04 00:00:00,0,4786,902,296,3103,0,69,69,67,68,68,3,100,1,1,16,0
112906,2026/03/05 00:00:00,0,5226,923,325,3252,0,68,68,67,68,68,4,100,0,0,0,0
112906,2026/03/06 00:00:00,0,5231,907,291,2912,0,68,69,69,68,68,3,100,1,0,6,0
112906,2026/03/07 00:00:00,0,3157,416,94,416,0,68,69,69,70,69,1,100,0,0,0,0
112906,2026/03/08 00:00:00,0,3472,337,71,189,0,69,70,70,70,69,1,100,0,0,0,0
112906,2026/03/09 00:00:00,0,4422,731,299,2824,0,65,68,67,67,66,3,100,1,2,4,0
112906,2026/03/10 00:00:00,0,5329,963,287,3122,0,68,68,68,68,68,4,100,1,0,0,0
112906,2026/03/11 00:00:00,0,5104,903,303,3095,0,68,68,69,68,68,3,100,0,0,0,0
112906,2026/03/12 00:00:00,0,5247,983,325,3121,0,68,68,68,68,68,4,100,0,0,0,0
112906,2026/03/13 00:00:00,0,5594,985,304,2903,0,68,68,68,68,68,4,100,1,0,0,0
112906,2026/03/14 00:00:00,0,3519,426,103,429,0,69,70,71,70,70,1,100,1,0,42,0
112906,2026/03/15 00:00:00,0,3724,344,81,201,0,69,70,70,70,69,1,100,1,0,35,0
112906,2026/03/16 00:00:00,0,4920,867,332,3079,0,68,68,68,68,68,3,100,0,0,0,0
112906,2026/03/17 00:00:00,0,5033,848,274,2932,0,68,69,67,68,68,3,100,1,0,7,0
112906,2026/03/18 00:00:00,0,5849,1091,307,3655,0,68,68,67,67,68,4,100,1,0,3,0
112906,2026/03/19 00:00:00,0,5516,1023,341,3478,0,71,70,68,67,70,4,100,1,0,40,0
112906,2026/03/20 00:00:00,0,5711,923,284,3095,0,69,69,67,68,68,3,100,1,0,17,0
112906,2026/03/21 00:00:00,0,436,59,4,127,0,68,71,68,69,68,0,100,0,0,0,0
112906,2026/03/22 00:00:00,0,3513,319,73,194,0,69,68,69,70,69,1,100,1,1,42,0
112906,2026/03/23 00:00:00,0,4822,820,284,3188,0,67,68,67,67,67,4,100,1,0,7,0
112906,2026/03/24 00:00:00,0,4816,815,301,3213,0,68,69,68,68,67,3,100,1,1,7,0
112906,2026/03/25 00:00:00,0,4693,875,322,3174,0,68,69,68,68,67,3,100,1,0,14,0
112906,2026/03/26 00:00:00,0,5524,1004,342,3434,0,68,68,67,67,67,4,100,1,0,6,0
112906,2026/03/27 00:00:00,0,6161,1038,333,3307,0,68,68,68,68,68,4,100,0,0,0,0
112906,2026/03/28 00:00:00,0,5606,728,166,806,0,68,68,68,68,68,2,100,1,0,0,0
112906,2026/03/29 00:00:00,0,4916,462,80,310,0,68,69,67,69,68,1,100,1,0,14,0
112906,2026/03/30 00:00:00,0,5313,912,259,3160,0,68,67,68,67,67,4,100,0,0,0,0
112906,2026/03/31 00:00:00,0,5164,932,301,3325,0,68,68,70,68,68,4,100,0,0,0,0
112908,2026/03/01 00:00:00,0,1950,232,29,135,0,96,93,70,81,94,0,100,1,1,0,0
112908,2026/03/02 00:00:00,0,7695,1146,368,3154,0,89,84,74,77,84,5,100,1,0,0,5
112908,2026/03/03 00:00:00,0,8061,1219,368,3183,0,96,93,81,81,91,3,100,1,0,0,3
112908,2026/03/04 00:00:00,0,7447,1206,320,3188,0,90,88,77,80,86,5,100,1,1,0,14
112908,2026/03/05 00:00:00,0,7543,1125,346,3077,0,95,91,79,80,90,4,100,1,0,0,14
112908,2026/03/06 00:00:00,0,7644,1143,383,2795,0,96,92,80,80,91,3,100,1,1,0,5
112908,2026/03/07 00:00:00,0,2625,218,10,62,0,99,98,91,82,98,0,100,1,1,0,36
112908,2026/03/08 00:00:00,0,2240,195,31,87,0,99,95,89,81,98,0,100,1,1,0,9
112908,2026/03/09 00:00:00,0,6160,865,473,2701,0,86,84,75,77,82,4,100,1,2,0,32
112908,2026/03/10 00:00:00,0,7865,1333,433,3170,0,90,87,78,78,86,5,100,0,0,0,0
112908,2026/03/11 00:00:00,0,7335,1215,376,3072,0,86,83,72,76,82,6,100,0,0,0,0
112908,2026/03/12 00:00:00,0,7857,1358,391,2941,0,97,93,83,80,92,3,100,0,0,0,0
112908,2026/03/13 00:00:00,0,8283,1376,348,2772,0,93,90,75,76,88,4,100,1,0,0,0
112908,2026/03/14 00:00:00,0,2651,419,68,285,0,98,96,88,80,95,0,100,1,0,0,0
112908,2026/03/15 00:00:00,0,2051,268,37,136,0,99,97,85,80,97,0,100,0,0,0,0
112908,2026/03/16 00:00:00,0,7406,1291,343,2784,0,95,92,82,80,90,4,100,1,0,0,0
112908,2026/03/17 00:00:00,0,6315,1073,366,2869,0,85,86,67,75,81,7,100,1,0,0,0
112908,2026/03/18 00:00:00,0,7372,1345,361,3075,0,95,92,82,81,90,4,100,1,0,0,0
112908,2026/03/19 00:00:00,0,8534,1458,461,3534,0,98,95,85,81,92,4,100,0,0,0,0
112908,2026/03/20 00:00:00,0,7352,1227,329,2906,0,99,96,85,82,93,3,100,1,0,0,0
112908,2026/03/21 00:00:00,0,1331,255,42,194,0,93,91,81,77,91,0,100,0,0,0,0
112908,2026/03/22 00:00:00,0,2252,282,36,151,0,100,97,90,82,98,0,100,0,0,0,0
112908,2026/03/23 00:00:00,0,7230,1264,340,3063,0,97,94,84,81,91,4,100,0,0,0,0
112908,2026/03/24 00:00:00,0,7875,1286,354,3224,0,97,94,84,81,92,4,100,1,0,0,0
112908,2026/03/25 00:00:00,0,7974,1425,409,3512,0,80,78,72,76,78,7,100,1,0,0,0
112908,2026/03/26 00:00:00,0,8344,1426,398,3357,0,95,92,82,80,90,4,100,1,0,0,0
112908,2026/03/27 00:00:00,0,8012,1380,387,3078,0,97,94,84,81,92,3,100,1,0,0,0
112908,2026/03/28 00:00:00,0,2742,442,95,384,0,98,95,87,80,95,0,100,1,0,0,0
112908,2026/03/29 00:00:00,0,2023,244,50,164,0,97,94,86,81,96,0,100,1,0,0,0
112908,2026/03/30 00:00:00,0,7883,1385,382,3184,0,95,91,81,79,89,4,100,0,0,0,0
112908,2026/03/31 00:00:00,0,8153,1448,435,3291,0,97,94,84,81,92,4,100,1,0,0,0
112951,2026/03/01 00:00:00,0,3668,202,33,81,0,73,70,64,63,73,1,100,1,0,0,0
112951,2026/03/02 00:00:00,0,4120,507,210,748,0,74,71,65,61,71,3,100,1,0,0,0
112951,2026/03/03 00:00:00,0,4297,521,211,766,0,74,71,65,62,72,3,100,1,0,0,0
112951,2026/03/04 00:00:00,0,4385,538,217,789,0,74,71,66,61,71,3,100,1,0,0,0
112951,2026/03/05 00:00:00,0,4537,541,244,756,0,74,71,65,62,72,3,100,1,0,0,0
112951,2026/03/06 00:00:00,0,4768,547,215,703,0,75,71,66,62,73,3,100,0,0,0,0
112951,2026/03/07 00:00:00,0,4302,295,62,104,0,75,72,68,62,75,1,100,0,0,0,0
112951,2026/03/08 00:00:00,0,3832,222,30,87,0,74,72,68,65,74,1,100,0,0,0,0
112951,2026/03/09 00:00:00,0,4270,531,224,762,0,75,70,67,62,72,3,100,0,0,0,0
112951,2026/03/10 00:00:00,0,4186,489,207,744,0,74,70,64,61,71,3,100,1,0,0,0
112951,2026/03/11 00:00:00,0,4178,531,205,767,0,73,69,64,60,70,3,100,0,0,0,0
112951,2026/03/12 00:00:00,0,4132,491,206,659,0,74,71,65,60,71,3,100,0,0,0,0
112951,2026/03/13 00:00:00,0,4037,469,186,608,0,73,69,64,59,70,2,100,1,0,0,0
112951,2026/03/14 00:00:00,0,4066,298,54,95,0,74,71,65,60,73,1,100,0,0,0,0
112951,2026/03/15 00:00:00,0,4214,224,36,84,0,74,72,69,62,73,1,100,0,0,0,0
112951,2026/03/16 00:00:00,0,4157,512,213,751,0,74,70,66,61,71,3,100,0,0,0,0
112951,2026/03/17 00:00:00,0,4558,581,206,776,0,73,70,64,61,71,3,100,1,0,0,0
112951,2026/03/18 00:00:00,0,4172,486,213,785,0,74,71,66,62,71,3,100,0,0,0,0
112951,2026/03/19 00:00:00,0,4315,481,190,744,0,75,71,66,62,72,3,100,0,0,0,0
112951,2026/03/20 00:00:00,0,4520,530,206,745,0,75,71,66,62,72,3,100,1,0,0,0
112951,2026/03/21 00:00:00,0,4506,326,91,113,0,75,71,67,62,74,1,100,0,0,0,0
112951,2026/03/22 00:00:00,0,4270,243,47,107,0,73,71,68,64,73,2,100,1,0,0,0
112951,2026/03/23 00:00:00,0,4147,452,213,796,0,74,71,66,61,71,3,100,1,0,0,0
112951,2026/03/24 00:00:00,0,4311,503,223,745,0,74,71,66,61,72,3,100,1,0,0,0
112951,2026/03/25 00:00:00,0,4137,511,213,753,0,73,70,63,60,70,3,100,0,0,0,0
112951,2026/03/26 00:00:00,0,4023,462,205,795,0,72,70,63,60,70,3,100,0,0,0,0
112951,2026/03/27 00:00:00,0,4830,596,241,810,0,74,70,66,61,71,3,100,1,0,0,0
112951,2026/03/28 00:00:00,0,6240,531,158,445,0,72,69,65,60,70,3,100,0,0,0,0
112951,2026/03/29 00:00:00,0,4969,287,65,193,0,73,70,67,61,72,2,100,1,0,0,0
112951,2026/03/30 00:00:00,0,4241,535,206,777,0,73,69,65,61,70,3,100,0,0,0,0
112951,2026/03/31 00:00:00,0,4326,555,258,838,0,75,71,66,62,72,3,100,1,0,0,0
112952,2026/03/01 00:00:00,0,957,114,14,11,0,84,84,62,68,83,0,100,0,0,0,0
112952,2026/03/02 00:00:00,0,1768,304,116,642,0,83,80,73,69,79,1,100,0,0,0,0
112952,2026/03/03 00:00:00,0,1822,317,91,585,0,84,83,74,70,80,1,100,1,0,0,0
112952,2026/03/04 00:00:00,0,1726,310,122,657,0,83,82,75,70,79,2,100,1,0,0,0
112952,2026/03/05 00:00:00,0,1890,307,125,575,0,84,83,73,71,80,2,100,1,0,0,0
112952,2026/03/06 00:00:00,0,1788,286,106,661,0,85,83,76,71,80,1,100,1,0,0,0
112952,2026/03/07 00:00:00,0,928,128,29,55,0,86,87,78,67,85,0,100,0,0,0,0
112952,2026/03/08 00:00:00,0,869,104,17,28,0,84,87,74,65,83,0,100,0,0,0,0
112952,2026/03/09 00:00:00,0,1709,283,120,621,0,84,82,72,70,79,1,100,1,0,0,0
112952,2026/03/10 00:00:00,0,1727,330,123,640,0,82,80,74,69,78,2,100,0,0,0,0
112952,2026/03/11 00:00:00,0,1721,317,119,584,0,81,79,72,68,77,2,100,0,0,0,0
112952,2026/03/12 00:00:00,0,1795,303,120,629,0,82,79,72,69,78,2,100,0,0,0,0
112952,2026/03/13 00:00:00,0,1873,312,104,523,0,82,78,69,67,78,1,100,0,0,0,0
112952,2026/03/14 00:00:00,0,935,149,21,45,0,84,82,73,65,82,0,100,0,0,0,0
112952,2026/03/15 00:00:00,0,821,91,20,16,0,85,86,74,64,84,0,100,0,0,0,0
112952,2026/03/16 00:00:00,0,1728,301,104,598,0,83,80,73,70,79,1,100,1,0,0,0
112952,2026/03/17 00:00:00,0,1773,274,112,612,0,78,79,70,67,75,2,100,1,0,0,0
112952,2026/03/18 00:00:00,0,1898,333,96,660,0,84,82,73,70,80,1,100,0,0,0,0
112952,2026/03/19 00:00:00,0,2008,353,121,755,0,84,82,74,69,79,2,100,1,0,0,0
112952,2026/03/20 00:00:00,0,1842,312,92,659,0,84,82,75,70,80,2,100,1,0,0,0
112952,2026/03/21 00:00:00,0,506,83,17,37,0,85,85,69,64,83,0,100,0,0,0,0
112952,2026/03/22 00:00:00,0,916,107,24,14,0,84,84,77,72,84,0,100,0,0,0,0
112952,2026/03/23 00:00:00,0,1706,323,112,689,0,84,82,74,70,79,2,100,0,0,0,0
112952,2026/03/24 00:00:00,0,1790,373,98,617,0,83,80,73,70,79,2,100,0,0,0,0
112952,2026/03/25 00:00:00,0,1762,337,117,766,0,81,78,72,68,76,2,100,0,0,0,0
112952,2026/03/26 00:00:00,0,1942,333,126,789,0,81,78,73,68,77,2,100,0,0,0,0
112952,2026/03/27 00:00:00,0,1808,348,128,696,0,82,80,71,69,78,2,100,1,0,0,0
112952,2026/03/28 00:00:00,0,1003,133,33,63,0,82,81,73,67,81,0,100,1,0,0,0
112952,2026/03/29 00:00:00,0,877,120,12,24,0,83,82,70,67,82,0,100,1,0,0,0
112952,2026/03/30 00:00:00,0,1788,337,107,687,0,81,79,73,69,77,2,100,1,0,0,0
112952,2026/03/31 00:00:00,0,1875,345,97,741,0,83,81,72,69,78,2,100,0,0,0,0
112991,2026/03/01 00:00:00,0,9228,785,147,205,0,101,99,94,85,101,1,100,0,0,0,0
112991,2026/03/02 00:00:00,0,8348,1165,424,2579,0,107,104,89,84,100,2,100,1,0,0,0
112991,2026/03/03 00:00:00,0,8738,1171,409,2540,0,107,105,91,84,101,2,100,0,0,0,0
112991,2026/03/04 00:00:00,0,8918,1244,419,2601,0,107,104,91,85,101,2,100,1,0,0,0
112991,2026/03/05 00:00:00,0,9074,1195,429,2483,0,107,104,92,84,101,2,100,0,0,0,0
112991,2026/03/06 00:00:00,0,9148,1212,372,2046,0,107,105,92,85,102,2,100,1,0,0,0
112991,2026/03/07 00:00:00,0,10086,973,250,444,0,105,102,93,85,103,1,100,0,0,0,0
112991,2026/03/08 00:00:00,0,10864,1081,267,216,0,104,100,93,86,103,1,100,0,0,0,0
112991,2026/03/09 00:00:00,0,9177,1318,477,2622,0,107,104,90,84,101,2,100,1,0,0,0
112991,2026/03/10 00:00:00,0,8717,1253,423,2524,0,106,103,90,84,100,2,100,0,0,0,0
112991,2026/03/11 00:00:00,0,8977,1283,434,2518,0,106,102,90,84,100,2,100,0,0,0,0
112991,2026/03/12 00:00:00,0,8866,1243,406,2313,0,107,103,89,84,101,2,100,1,0,0,0
112991,2026/03/13 00:00:00,0,8942,1147,397,2129,0,104,101,89,83,99,2,100,1,0,0,0
112991,2026/03/14 00:00:00,0,8404,755,204,417,0,103,101,91,83,101,1,100,1,0,0,0
112991,2026/03/15 00:00:00,0,9514,874,195,208,0,103,100,90,84,102,1,100,0,0,0,0
112991,2026/03/16 00:00:00,0,8467,1190,416,2654,0,106,103,90,84,100,2,100,0,0,0,0
112991,2026/03/17 00:00:00,0,8960,1280,408,2686,0,103,101,88,82,97,2,100,1,0,0,0
112991,2026/03/18 00:00:00,0,8550,1204,443,2552,0,105,103,89,83,99,2,100,1,0,0,0
112991,2026/03/19 00:00:00,0,9206,1280,426,2324,0,107,104,92,84,101,2,100,0,0,0,0
112991,2026/03/20 00:00:00,0,11251,1309,469,2370,0,106,104,91,84,101,2,100,1,0,0,0
112991,2026/03/21 00:00:00,0,13409,1171,344,665,0,104,102,94,84,103,2,100,1,0,0,0
112991,2026/03/22 00:00:00,0,12226,1310,318,309,0,105,101,93,86,104,2,100,1,0,0,0
112991,2026/03/23 00:00:00,0,9109,1304,439,2572,0,107,104,90,84,101,2,100,0,0,0,0
112991,2026/03/24 00:00:00,0,9159,1242,405,2613,0,107,104,91,84,101,2,100,0,0,0,0
112991,2026/03/25 00:00:00,0,9243,1231,460,2578,0,106,103,90,84,100,2,100,1,0,0,0
112991,2026/03/26 00:00:00,0,9499,1258,462,2551,0,105,102,90,83,99,2,100,0,0,0,0
112991,2026/03/27 00:00:00,0,11135,1443,472,2459,0,105,103,91,84,100,2,100,1,0,0,0
112991,2026/03/28 00:00:00,0,11757,1057,268,573,0,103,100,92,84,102,1,100,1,0,0,0
112991,2026/03/29 00:00:00,0,11304,1034,270,307,0,104,100,92,84,103,1,100,1,0,0,0
112991,2026/03/30 00:00:00,0,8813,1270,406,2670,0,106,102,90,84,100,2,100,1,0,0,0
112991,2026/03/31 00:00:00,0,9329,1295,434,2596,0,108,104,91,84,101,2,100,1,0,0,0
127401,2026/03/01 00:00:00,0,3427,1224,96,303,0,95,97,84,75,93,1,100,1,0,0,0
127401,2026/03/02 00:00:00,0,6692,1783,1185,6676,0,83,83,59,62,71,8,100,1,0,0,0
127401,2026/03/03 00:00:00,0,8147,1964,1440,7422,0,68,72,48,54,59,15,100,1,0,0,0
127401,2026/03/04 00:00:00,0,7626,1958,1251,7453,0,76,78,55,59,66,11,100,1,0,0,0
127401,2026/03/05 00:00:00,0,7811,1947,1265,7354,0,78,77,54,57,66,11,100,1,0,0,0
127401,2026/03/06 00:00:00,0,7944,2023,1279,7128,0,79,80,59,61,69,10,100,1,0,0,0
127401,2026/03/07 00:00:00,0,3177,1257,198,781,0,94,95,81,72,90,1,100,1,0,0,0
127401,2026/03/08 00:00:00,0,3409,1360,116,280,0,94,96,83,75,93,1,100,1,0,0,0
127401,2026/03/09 00:00:00,0,7255,1777,1167,6537,0,77,78,55,59,66,10,100,1,0,0,0
127401,2026/03/10 00:00:00,0,7545,1925,1234,6909,0,80,79,59,61,69,9,100,1,0,0,0
127401,2026/03/11 00:00:00,0,7389,1923,1177,7143,0,79,80,57,60,68,10,100,1,0,0,0
127401,2026/03/12 00:00:00,0,7851,1939,1247,6937,0,75,76,55,58,65,12,100,1,0,0,0
127401,2026/03/13 00:00:00,0,7547,2049,1039,6264,0,83,82,63,63,73,7,100,1,0,0,0
127401,2026/03/14 00:00:00,0,3566,1450,211,704,0,94,95,82,73,91,1,100,1,0,0,0
127401,2026/03/15 00:00:00,0,3958,1505,132,292,0,95,97,83,75,94,1,100,1,0,0,0
127401,2026/03/16 00:00:00,0,7324,1881,1172,6440,0,77,79,55,60,67,10,100,1,0,0,0
127401,2026/03/17 00:00:00,0,7750,1792,1261,6372,0,69,72,43,51,59,15,100,1,0,0,0
127401,2026/03/18 00:00:00,0,8400,2108,1225,7941,0,79,78,57,59,67,11,100,1,0,0,0
127401,2026/03/19 00:00:00,0,8192,2041,1234,7663,0,78,78,57,59,67,11,100,1,0,0,0
127401,2026/03/20 00:00:00,0,8335,2091,1128,7553,0,81,81,61,61,71,9,100,1,0,0,0
127401,2026/03/21 00:00:00,0,554,199,40,274,0,94,93,74,70,86,0,100,1,0,0,0
127401,2026/03/22 00:00:00,0,4088,1515,145,305,0,94,96,85,75,93,1,100,1,0,0,0
127401,2026/03/23 00:00:00,0,7680,1742,1287,7183,0,69,71,46,54,59,15,100,1,0,0,0
127401,2026/03/24 00:00:00,0,7712,1850,1261,7550,0,77,77,55,59,66,12,100,1,0,0,0
127401,2026/03/25 00:00:00,0,7597,1905,1253,7438,0,74,75,53,57,64,12,100,1,0,0,0
127401,2026/03/26 00:00:00,0,8635,2028,1352,7761,0,67,70,45,51,58,16,100,1,1,0,0
127401,2026/03/27 00:00:00,0,8521,2064,1275,7667,0,74,76,54,58,65,12,100,1,0,0,0
127401,2026/03/28 00:00:00,0,3660,1577,260,862,0,92,93,78,72,89,1,100,0,0,0,0
127401,2026/03/29 00:00:00,0,3347,1305,162,309,0,93,96,79,73,92,1,100,1,0,0,0
127401,2026/03/30 00:00:00,0,8253,1826,1337,7448,0,65,70,43,50,56,17,100,1,0,0,0
127401,2026/03/31 00:00:00,0,8512,1986,1379,7934,0,73,75,52,56,63,14,100,1,0,0,0
127402,2026/03/01 00:00:00,0,1340,333,22,101,0,50,49,38,39,49,1,100,0,0,0,0
127402,2026/03/02 00:00:00,0,3846,1104,269,1457,0,40,41,37,37,39,13,100,0,0,0,0
127402,2026/03/03 00:00:00,0,3906,1093,280,1649,0,33,36,34,35,34,17,100,0,0,0,0
127402,2026/03/04 00:00:00,0,3855,1163,261,1614,0,38,39,36,36,37,14,100,0,0,0,0
127402,2026/03/05 00:00:00,0,3909,1148,270,1624,0,40,41,38,37,39,12,100,0,0,0,0
127402,2026/03/06 00:00:00,0,3670,1085,224,1580,0,42,43,38,37,41,10,100,0,0,0,0
127402,2026/03/07 00:00:00,0,2054,662,47,228,0,50,49,45,38,49,3,100,0,0,0,0
127402,2026/03/08 00:00:00,0,1642,463,28,129,0,52,50,45,39,50,2,100,0,0,0,0
127402,2026/03/09 00:00:00,0,3813,1195,261,1702,0,39,40,38,37,38,13,100,1,0,0,0
127402,2026/03/10 00:00:00,0,4022,1196,252,1821,0,39,41,37,37,39,13,100,0,0,0,0
127402,2026/03/11 00:00:00,0,3971,1193,241,1521,0,38,40,34,36,38,14,100,0,0,0,0
127402,2026/03/12 00:00:00,0,3835,1165,229,1419,0,38,40,35,36,38,13,100,1,0,0,0
127402,2026/03/13 00:00:00,0,3585,1181,205,1382,0,45,45,40,38,43,8,100,0,0,0,0
127402,2026/03/14 00:00:00,0,1613,463,31,147,0,50,49,44,38,49,2,100,0,0,0,0
127402,2026/03/15 00:00:00,0,900,257,17,82,0,51,49,42,39,49,1,100,0,0,0,0
127402,2026/03/16 00:00:00,0,3790,1125,269,1649,0,37,39,35,36,37,15,100,0,0,0,0
127402,2026/03/17 00:00:00,0,4031,1165,280,1817,0,35,38,31,35,35,17,100,1,0,0,0
127402,2026/03/18 00:00:00,0,3753,1176,223,1691,0,40,42,36,37,40,12,100,1,0,0,0
127402,2026/03/19 00:00:00,0,3745,1135,269,1709,0,40,41,38,37,39,12,100,0,0,0,0
127402,2026/03/20 00:00:00,0,3378,1044,191,1643,0,45,44,41,38,42,8,100,0,0,0,0
127402,2026/03/21 00:00:00,0,201,65,4,42,0,51,51,38,38,48,1,100,0,0,0,0
127402,2026/03/22 00:00:00,0,966,230,15,89,0,51,49,44,40,50,1,100,0,0,0,0
127402,2026/03/23 00:00:00,0,3693,1026,288,1562,0,33,36,34,35,34,17,100,0,0,0,0
127402,2026/03/24 00:00:00,0,4014,1192,267,1757,0,36,38,34,36,36,16,100,1,0,0,0
127402,2026/03/25 00:00:00,0,4063,1149,266,1733,0,34,37,34,35,35,17,100,0,0,0,0
127402,2026/03/26 00:00:00,0,4005,1108,296,1675,0,31,34,31,34,32,19,100,1,0,0,0
127402,2026/03/27 00:00:00,0,3677,1124,240,1736,0,39,40,35,37,38,12,100,0,0,0,0
127402,2026/03/28 00:00:00,0,1189,359,20,173,0,49,48,44,38,48,2,100,0,0,0,0
127402,2026/03/29 00:00:00,0,859,215,11,98,0,51,49,41,40,49,1,100,1,0,0,0
127402,2026/03/30 00:00:00,0,3723,1058,297,1503,0,31,34,31,34,32,18,100,1,0,0,0
127402,2026/03/31 00:00:00,0,3942,1120,350,1807,0,32,35,31,35,33,19,100,0,0,0,0
127403,2026/03/01 00:00:00,0,383,49,10,71,0,59,53,47,43,55,0,100,1,0,0,7
127403,2026/03/02 00:00:00,0,2349,426,159,1217,0,51,49,44,44,48,3,100,1,0,0,0
127403,2026/03/03 00:00:00,0,2439,462,161,1184,0,50,49,43,43,47,3,100,1,0,0,0
127403,2026/03/04 00:00:00,0,2349,462,136,1145,0,51,48,44,44,48,3,100,1,0,0,2
127403,2026/03/05 00:00:00,0,2350,425,174,1024,0,52,49,44,44,49,3,100,1,0,0,3
127403,2026/03/06 00:00:00,0,2099,446,126,1014,0,52,49,44,44,49,3,100,1,0,0,0
127403,2026/03/07 00:00:00,0,587,132,14,111,0,58,54,51,45,55,0,100,0,0,0,0
127403,2026/03/08 00:00:00,0,476,72,12,74,0,59,54,49,45,56,0,100,1,0,0,0
127403,2026/03/09 00:00:00,0,2437,503,175,1191,0,50,47,43,44,47,3,100,1,0,0,0
127403,2026/03/10 00:00:00,0,2534,517,156,1174,0,51,49,44,43,48,3,100,0,0,0,0
127403,2026/03/11 00:00:00,0,2384,479,130,986,0,51,48,44,43,48,3,100,1,0,0,2
127403,2026/03/12 00:00:00,0,2180,449,160,992,0,52,49,44,44,48,3,100,1,0,0,2
127403,2026/03/13 00:00:00,0,2067,475,108,858,0,53,50,46,43,50,2,100,1,0,0,0
127403,2026/03/14 00:00:00,0,389,55,4,60,0,56,51,43,44,53,0,100,1,0,0,23
127403,2026/03/15 00:00:00,0,352,56,1,74,0,59,55,42,45,56,0,100,1,0,0,9
127403,2026/03/16 00:00:00,0,2426,467,168,1210,0,49,48,42,43,47,3,100,1,0,0,1
127403,2026/03/17 00:00:00,0,2528,502,140,1152,0,50,48,45,43,48,3,100,1,0,0,1
127403,2026/03/18 00:00:00,0,2366,490,163,1128,0,51,49,45,44,48,3,100,1,0,0,0
127403,2026/03/19 00:00:00,0,2465,487,152,1064,0,52,49,45,44,49,3,100,1,0,0,1
127403,2026/03/20 00:00:00,0,1913,344,101,949,0,53,51,44,44,50,2,100,1,0,0,4
127403,2026/03/21 00:00:00,0,1827,244,66,330,0,47,46,42,36,45,1,100,1,0,0,2
127403,2026/03/22 00:00:00,0,382,50,3,79,0,59,54,45,45,56,0,100,1,0,0,7
127403,2026/03/23 00:00:00,0,2278,420,136,1115,0,52,50,45,44,49,2,100,1,0,0,0
127403,2026/03/24 00:00:00,0,2396,455,146,1119,0,52,49,43,44,49,3,100,1,0,0,2
127403,2026/03/25 00:00:00,0,2064,364,112,975,0,51,49,44,43,48,2,100,1,0,0,10
127403,2026/03/26 00:00:00,0,2476,426,154,1201,0,50,48,43,43,47,3,100,1,0,0,1
127403,2026/03/27 00:00:00,0,2056,407,175,1123,0,51,48,42,44,48,3,100,1,0,0,0
127403,2026/03/28 00:00:00,0,543,87,11,139,0,57,52,45,44,54,0,100,1,0,0,0
127403,2026/03/29 00:00:00,0,424,53,3,86,0,58,54,50,46,56,0,100,1,0,0,0
127403,2026/03/30 00:00:00,0,2275,435,147,1108,0,51,48,44,43,48,3,100,1,0,0,4
127403,2026/03/31 00:00:00,0,2573,505,156,1238,0,51,49,45,44,48,3,100,1,0,0,0
127404,2026/03/01 00:00:00,0,2904,284,54,241,0,95,94,84,78,93,0,100,0,0,0,0
127404,2026/03/02 00:00:00,0,7366,1132,599,6869,0,91,86,75,73,82,6,100,1,0,0,0
127404,2026/03/03 00:00:00,0,7813,1207,631,6936,0,92,88,76,75,83,5,100,0,0,0,0
127404,2026/03/04 00:00:00,0,7307,1153,608,6663,0,89,85,74,73,81,6,100,1,0,0,0
127404,2026/03/05 00:00:00,0,7953,1112,651,6160,0,92,88,76,75,84,5,100,1,0,0,0
127404,2026/03/06 00:00:00,0,8124,1093,563,5783,0,93,88,77,75,84,5,100,1,0,0,0
127404,2026/03/07 00:00:00,0,4144,464,115,612,0,96,93,86,79,93,0,100,1,0,0,0
127404,2026/03/08 00:00:00,0,3377,332,74,257,0,95,93,86,80,94,0,100,0,0,0,0
127404,2026/03/09 00:00:00,0,6994,1074,571,6435,0,92,88,77,75,83,5,100,1,0,0,0
127404,2026/03/10 00:00:00,0,7724,1207,667,6693,0,91,86,75,73,82,6,100,1,0,0,0
127404,2026/03/11 00:00:00,0,7844,1187,591,6614,0,91,86,75,73,82,6,100,0,0,0,0
127404,2026/03/12 00:00:00,0,7971,1209,612,6028,0,92,87,76,74,83,5,100,0,0,0,0
127404,2026/03/13 00:00:00,0,9667,1264,576,5804,0,85,80,69,68,77,7,100,1,0,0,0
127404,2026/03/14 00:00:00,0,3779,396,108,571,0,94,92,86,77,91,0,100,0,0,0,0
127404,2026/03/15 00:00:00,0,3219,298,84,281,0,94,92,83,78,92,0,100,0,0,0,0
127404,2026/03/16 00:00:00,0,6844,1046,544,6446,0,92,87,75,74,82,5,100,1,0,0,0
127404,2026/03/17 00:00:00,0,6757,1006,570,6163,0,91,87,76,74,82,5,100,1,0,0,0
127404,2026/03/18 00:00:00,0,7557,1105,583,6581,0,92,88,76,75,83,5,100,1,0,0,0
127404,2026/03/19 00:00:00,0,9390,1409,744,7387,0,91,87,75,73,82,7,100,0,0,0,0
127404,2026/03/20 00:00:00,0,8892,1135,571,6226,0,92,88,77,75,84,5,100,1,0,0,0
127404,2026/03/21 00:00:00,0,482,74,15,156,0,95,89,79,79,90,0,100,0,0,0,0
127404,2026/03/22 00:00:00,0,3528,346,75,281,0,95,92,86,80,93,0,100,0,0,0,0
127404,2026/03/23 00:00:00,0,7023,1131,564,6907,0,93,89,77,75,83,5,100,1,0,0,0
127404,2026/03/24 00:00:00,0,7719,1184,619,6867,0,93,88,76,75,84,5,100,1,0,0,0
127404,2026/03/25 00:00:00,0,8306,1281,671,7383,0,89,84,73,72,80,6,100,1,0,0,0
127404,2026/03/26 00:00:00,0,8814,1231,654,7025,0,90,86,74,72,81,6,100,1,0,0,0
127404,2026/03/27 00:00:00,0,8936,1294,637,6545,0,92,87,77,74,84,6,100,1,0,0,0
127404,2026/03/28 00:00:00,0,4349,477,167,716,0,94,90,83,77,90,1,100,0,0,0,0
127404,2026/03/29 00:00:00,0,3593,341,88,379,0,94,92,86,78,92,0,100,1,0,0,0
127404,2026/03/30 00:00:00,0,7377,1202,652,7030,0,91,85,74,72,81,6,100,1,0,0,0
127404,2026/03/31 00:00:00,0,8088,1215,618,6868,0,92,88,76,74,83,6,100,1,0,0,0
127405,2026/03/01 00:00:00,0,1347,309,27,96,0,61,58,49,49,59,1,100,0,0,0,0
127405,2026/03/02 00:00:00,0,4093,1264,273,1213,0,50,48,49,48,49,11,100,1,0,0,0
127405,2026/03/03 00:00:00,0,4113,1322,232,1278,0,48,45,46,47,47,13,100,0,0,0,0
127405,2026/03/04 00:00:00,0,3918,1328,238,1288,0,52,50,50,49,51,10,100,0,0,0,0
127405,2026/03/05 00:00:00,0,4024,1247,247,1406,0,45,43,43,47,45,14,100,0,0,0,0
127405,2026/03/06 00:00:00,0,3639,1156,215,1090,0,49,48,46,48,48,12,100,0,0,0,0
127405,2026/03/07 00:00:00,0,1770,534,37,198,0,60,57,54,50,58,3,100,0,0,0,0
127405,2026/03/08 00:00:00,0,1549,417,29,140,0,61,58,54,50,59,2,100,0,0,0,0
127405,2026/03/09 00:00:00,0,3866,1279,263,1332,0,47,45,45,48,46,13,100,0,0,0,0
127405,2026/03/10 00:00:00,0,4128,1261,265,1336,0,45,44,43,45,44,14,100,1,0,0,0
127405,2026/03/11 00:00:00,0,3944,1193,219,1281,0,45,44,45,45,45,13,100,0,0,0,0
127405,2026/03/12 00:00:00,0,3946,1240,220,1237,0,47,46,47,47,47,12,100,0,0,0,0
127405,2026/03/13 00:00:00,0,3758,1200,183,988,0,52,49,48,47,50,10,100,0,0,0,0
127405,2026/03/14 00:00:00,0,1337,347,24,101,0,58,55,50,49,56,2,100,0,0,0,0
127405,2026/03/15 00:00:00,0,950,207,12,83,0,60,57,54,49,59,1,100,0,0,0,0
127405,2026/03/16 00:00:00,0,3995,1240,242,1238,0,47,45,47,47,47,12,100,0,0,0,0
127405,2026/03/17 00:00:00,0,3495,1052,212,1307,0,48,46,48,48,47,11,100,0,0,0,0
127405,2026/03/18 00:00:00,0,3948,1255,206,1385,0,48,45,46,48,47,12,100,1,0,0,0
127405,2026/03/19 00:00:00,0,3934,1212,237,1377,0,50,48,46,48,49,11,100,1,1,0,0
127405,2026/03/20 00:00:00,0,3552,1078,189,1242,0,50,48,50,49,49,11,100,0,0,0,0
127405,2026/03/21 00:00:00,0,482,173,9,34,0,58,57,50,49,57,3,100,0,0,0,0
127405,2026/03/22 00:00:00,0,958,208,12,98,0,61,59,52,49,60,1,100,1,0,0,0
127405,2026/03/23 00:00:00,0,3925,1254,251,1325,0,51,49,49,49,50,11,100,0,0,0,0
127405,2026/03/24 00:00:00,0,4113,1266,242,1410,0,52,51,49,49,51,11,100,1,0,0,0
127405,2026/03/25 00:00:00,0,3990,1252,238,1443,0,49,48,47,47,48,11,100,1,0,0,0
127405,2026/03/26 00:00:00,0,4172,1339,234,1432,0,48,45,46,46,47,12,100,0,0,0,0
127405,2026/03/27 00:00:00,0,3818,1198,207,1267,0,52,49,49,49,50,10,100,0,0,0,0
127405,2026/03/28 00:00:00,0,1349,365,22,102,0,59,56,54,49,57,2,100,0,0,0,0
127405,2026/03/29 00:00:00,0,979,205,13,84,0,60,57,52,51,59,1,100,1,0,0,0
127405,2026/03/30 00:00:00,0,4045,1232,251,1240,0,47,46,46,47,46,13,100,0,0,0,0
127405,2026/03/31 00:00:00,0,4081,1302,267,1354,0,48,46,48,48,48,12,100,1,1,0,0
127406,2026/03/01 00:00:00,0,374,63,10,71,0,57,52,46,45,54,0,100,0,0,0,0
127406,2026/03/02 00:00:00,0,2407,456,180,1176,0,51,48,45,43,48,6,100,1,0,0,0
127406,2026/03/03 00:00:00,0,2302,435,158,1161,0,51,49,45,43,48,5,100,0,0,0,0
127406,2026/03/04 00:00:00,0,2122,465,150,1159,0,50,48,44,43,47,5,100,0,0,0,0
127406,2026/03/05 00:00:00,0,2242,445,161,1153,0,51,48,45,43,48,5,100,1,0,0,0
127406,2026/03/06 00:00:00,0,1942,433,134,1164,0,52,49,45,43,48,5,100,0,0,0,0
127406,2026/03/07 00:00:00,0,599,104,11,130,0,57,52,49,44,54,1,100,0,0,0,0
127406,2026/03/08 00:00:00,0,460,71,12,70,0,58,53,48,45,55,0,100,0,0,0,0
127406,2026/03/09 00:00:00,0,2300,461,172,1167,0,51,49,45,43,48,6,100,0,0,0,0
127406,2026/03/10 00:00:00,0,2458,539,179,1248,0,50,48,44,43,47,6,100,1,0,0,0
127406,2026/03/11 00:00:00,0,2354,464,145,1124,0,51,48,44,42,47,6,100,0,0,0,0
127406,2026/03/12 00:00:00,0,2238,469,182,1006,0,51,48,44,43,48,5,100,1,0,0,0
127406,2026/03/13 00:00:00,0,2150,462,139,813,0,50,47,43,41,47,5,100,1,0,0,0
127406,2026/03/14 00:00:00,0,542,114,5,111,0,56,51,47,45,53,0,100,0,0,0,0
127406,2026/03/15 00:00:00,0,420,53,3,67,0,57,51,45,46,55,0,100,0,0,0,0
127406,2026/03/16 00:00:00,0,2305,467,167,1058,0,51,48,45,43,48,6,100,0,0,0,0
127406,2026/03/17 00:00:00,0,2593,513,173,1248,0,50,48,44,43,47,6,100,0,0,0,0
127406,2026/03/18 00:00:00,0,2288,453,168,1189,0,51,48,45,43,48,6,100,0,0,0,0
127406,2026/03/19 00:00:00,0,2402,486,143,1173,0,51,48,44,43,48,6,100,0,0,0,0
127406,2026/03/20 00:00:00,0,1963,380,118,1129,0,52,49,45,43,48,4,100,1,0,0,0
127406,2026/03/21 00:00:00,0,1613,225,54,274,0,55,51,47,42,52,1,100,0,0,0,0
127406,2026/03/22 00:00:00,0,417,84,7,84,0,58,54,50,45,55,0,100,0,0,0,0
127406,2026/03/23 00:00:00,0,2225,418,163,1161,0,50,47,44,43,47,6,100,1,0,0,0
127406,2026/03/24 00:00:00,0,2402,440,162,1231,0,51,49,45,43,48,6,100,1,0,0,0
127406,2026/03/25 00:00:00,0,2324,472,164,1247,0,51,48,44,42,47,6,100,0,0,0,0
127406,2026/03/26 00:00:00,0,2422,470,165,1288,0,50,48,44,42,47,6,100,1,1,0,0
127406,2026/03/27 00:00:00,0,2008,446,167,1301,0,51,48,44,42,47,5,100,0,0,0,0
127406,2026/03/28 00:00:00,0,578,92,24,143,0,56,52,45,43,53,0,100,0,0,0,0
127406,2026/03/29 00:00:00,0,412,50,3,62,0,56,53,49,45,55,0,100,1,0,0,0
127406,2026/03/30 00:00:00,0,2191,434,151,1133,0,50,48,44,42,47,6,100,0,0,0,0
127406,2026/03/31 00:00:00,0,2317,463,149,1238,0,50,49,44,43,48,6,100,0,0,0,0
127407,2026/03/01 00:00:00,0,5930,443,99,410,0,88,86,75,72,86,0,100,1,0,0,0
127407,2026/03/02 00:00:00,0,11989,1746,1096,8465,0,70,69,57,61,65,8,100,1,0,0,0
127407,2026/03/03 00:00:00,0,13373,2070,1353,9410,0,59,58,48,53,56,13,100,1,1,0,0
127407,2026/03/04 00:00:00,0,12903,2023,1212,9362,0,65,64,52,58,61,10,100,1,0,0,0
127407,2026/03/05 00:00:00,0,13136,2009,1227,9267,0,66,65,51,57,61,10,100,1,1,0,0
127407,2026/03/06 00:00:00,0,13125,1940,1128,9052,0,68,68,56,60,64,9,100,1,0,0,0
127407,2026/03/07 00:00:00,0,6616,702,180,1038,0,84,82,78,69,81,1,100,1,0,0,0
127407,2026/03/08 00:00:00,0,6423,530,123,411,0,87,84,77,69,85,0,100,1,0,0,0
127407,2026/03/09 00:00:00,0,12611,1756,1203,8414,0,66,64,50,57,61,10,100,1,0,0,0
127407,2026/03/10 00:00:00,0,13148,1923,1138,8998,0,68,67,55,59,63,9,100,1,0,0,0
127407,2026/03/11 00:00:00,0,12984,1925,1122,8919,0,67,67,55,59,63,10,100,1,0,0,0
127407,2026/03/12 00:00:00,0,13058,2003,1220,8574,0,65,64,52,58,61,11,100,1,1,0,0
127407,2026/03/13 00:00:00,0,12869,1902,948,7865,0,74,73,59,62,69,6,100,1,0,0,0
127407,2026/03/14 00:00:00,0,6557,661,166,891,0,86,85,77,71,84,1,100,1,0,0,0
127407,2026/03/15 00:00:00,0,6207,477,127,378,0,90,88,79,72,89,0,100,1,0,0,0
127407,2026/03/16 00:00:00,0,12678,1846,1180,8309,0,66,66,52,58,62,10,100,1,1,0,0
127407,2026/03/17 00:00:00,0,13143,1914,1385,8333,0,59,57,39,50,54,14,100,1,1,0,0
127407,2026/03/18 00:00:00,0,13685,2111,1165,9874,0,69,67,55,58,63,10,100,1,0,0,0
127407,2026/03/19 00:00:00,0,13413,2028,1262,9605,0,67,67,54,58,62,10,100,1,0,0,0
127407,2026/03/20 00:00:00,0,13228,1909,1051,9452,0,72,70,58,60,66,8,100,1,1,0,0
127407,2026/03/21 00:00:00,0,918,110,18,333,0,88,82,78,72,83,0,100,1,0,0,0
127407,2026/03/22 00:00:00,0,6315,518,124,394,0,90,88,81,72,88,0,100,0,0,0,0
127407,2026/03/23 00:00:00,0,12613,1875,1302,9009,0,58,57,44,53,55,14,100,1,1,0,0
127407,2026/03/24 00:00:00,0,13122,1963,1243,9566,0,65,65,52,58,61,11,100,1,0,0,0
127407,2026/03/25 00:00:00,0,13047,2067,1247,9414,0,63,63,51,57,59,11,100,1,1,0,0
127407,2026/03/26 00:00:00,0,13995,2114,1370,9708,0,58,56,42,51,53,14,100,1,0,0,0
127407,2026/03/27 00:00:00,0,13659,2048,1170,9692,0,64,65,51,57,60,11,100,1,1,0,0
127407,2026/03/28 00:00:00,0,6228,699,202,1086,0,85,84,77,71,82,1,100,1,0,0,0
127407,2026/03/29 00:00:00,0,5394,429,115,444,0,87,87,76,72,86,0,100,1,0,0,0
127407,2026/03/30 00:00:00,0,13193,1976,1350,9215,0,56,55,41,50,52,15,100,1,1,0,0
127407,2026/03/31 00:00:00,0,13816,2150,1460,9946,0,62,62,49,56,58,12,100,1,0,0,0
127408,2026/03/01 00:00:00,0,3358,272,73,315,0,91,90,75,72,89,0,100,0,0,0,0
127408,2026/03/02 00:00:00,0,9967,1495,1071,7883,0,83,83,65,69,76,5,100,1,1,0,0
127408,2026/03/03 00:00:00,0,10260,1625,1053,7910,0,85,84,67,70,78,5,100,1,0,0,0
127408,2026/03/04 00:00:00,0,9607,1538,1035,7656,0,83,82,65,68,75,5,100,1,0,0,0
127408,2026/03/05 00:00:00,0,10365,1540,1082,7114,0,85,84,67,69,77,5,100,1,0,0,0
127408,2026/03/06 00:00:00,0,10227,1487,950,6796,0,87,85,67,70,79,4,100,1,1,0,0
127408,2026/03/07 00:00:00,0,4877,470,142,724,0,91,90,80,73,88,0,100,1,0,0,0
127408,2026/03/08 00:00:00,0,3902,342,97,315,0,92,91,81,73,89,0,100,0,0,0,0
127408,2026/03/09 00:00:00,0,9465,1476,1000,7467,0,85,85,67,70,77,5,100,1,1,0,0
127408,2026/03/10 00:00:00,0,10486,1587,1126,7773,0,84,83,65,68,76,5,100,1,0,0,0
127408,2026/03/11 00:00:00,0,10345,1554,983,7636,0,84,83,67,68,76,5,100,1,0,0,0
127408,2026/03/12 00:00:00,0,10415,1574,1025,6916,0,85,84,67,69,78,4,100,1,0,0,0
127408,2026/03/13 00:00:00,0,11960,1657,884,6525,0,79,77,61,64,72,6,100,1,0,0,0
127408,2026/03/14 00:00:00,0,4447,418,143,660,0,90,89,78,73,87,0,100,0,0,0,0
127408,2026/03/15 00:00:00,0,3704,300,89,347,0,90,89,78,72,88,0,100,1,0,0,0
127408,2026/03/16 00:00:00,0,9326,1438,1010,7332,0,84,84,66,69,77,5,100,1,1,0,0
127408,2026/03/17 00:00:00,0,9616,1350,1009,7225,0,82,83,66,69,76,5,100,1,0,0,0
127408,2026/03/18 00:00:00,0,10034,1474,1061,7583,0,85,85,66,70,77,5,100,1,0,0,0
127408,2026/03/19 00:00:00,0,11867,1917,1137,8433,0,85,84,67,68,77,5,100,1,0,0,0
127408,2026/03/20 00:00:00,0,10924,1518,948,7205,0,86,85,68,70,79,5,100,1,0,0,0
127408,2026/03/21 00:00:00,0,2268,162,103,382,0,75,77,56,61,72,0,100,1,0,0,0
127408,2026/03/22 00:00:00,0,4051,347,89,359,0,92,90,81,72,90,0,100,1,0,0,0
127408,2026/03/23 00:00:00,0,9395,1502,983,7931,0,85,85,68,70,77,5,100,1,1,0,0
127408,2026/03/24 00:00:00,0,10309,1554,1005,7995,0,85,85,67,70,77,5,100,1,0,0,0
127408,2026/03/25 00:00:00,0,10764,1700,1100,8454,0,83,83,65,67,75,5,100,1,0,0,0
127408,2026/03/26 00:00:00,0,11368,1632,1124,8149,0,84,83,65,67,76,5,100,1,0,0,0
127408,2026/03/27 00:00:00,0,11115,1656,1134,7631,0,86,85,66,69,78,5,100,1,1,0,0
127408,2026/03/28 00:00:00,0,5023,517,215,821,0,90,89,76,72,86,0,100,1,0,0,0
127408,2026/03/29 00:00:00,0,4080,330,87,438,0,91,91,82,75,89,0,100,1,0,0,0
127408,2026/03/30 00:00:00,0,9794,1585,1040,8006,0,84,83,66,68,76,5,100,1,1,0,0
127408,2026/03/31 00:00:00,0,10563,1622,1051,7927,0,85,85,67,69,77,5,100,1,0,0,0
128601,2026/03/01 00:00:00,0,13793,803,210,201,0,112,113,89,86,111,1,100,1,1,0,0
128601,2026/03/02 00:00:00,0,13889,2292,1930,4658,0,109,104,78,84,99,5,100,1,1,0,0
128601,2026/03/03 00:00:00,0,12967,2072,1946,4377,0,108,103,79,84,98,4,100,1,2,0,0
128601,2026/03/04 00:00:00,0,12993,2181,2042,4731,0,109,104,78,84,99,4,100,1,2,0,0
128601,2026/03/05 00:00:00,0,14186,2273,2102,4680,0,109,105,78,84,99,4,100,1,1,0,0
128601,2026/03/06 00:00:00,0,13655,2183,1935,3930,0,110,106,79,84,101,4,100,1,2,0,0
128601,2026/03/07 00:00:00,0,13302,1006,423,767,0,112,112,87,84,109,1,100,1,0,0,0
128601,2026/03/08 00:00:00,0,15047,918,249,227,0,112,114,90,86,111,2,100,1,0,0,0
128601,2026/03/09 00:00:00,0,14226,2393,2014,4414,0,109,105,78,84,100,5,100,1,2,0,0
128601,2026/03/10 00:00:00,0,13821,2277,1996,4446,0,109,105,78,84,99,5,100,1,1,0,0
128601,2026/03/11 00:00:00,0,13817,2274,1945,4683,0,108,104,78,83,99,5,100,1,1,0,0
128601,2026/03/12 00:00:00,0,13800,2225,1910,4067,0,109,105,79,84,100,4,100,1,1,0,0
128601,2026/03/13 00:00:00,0,14556,2216,1761,3850,0,109,105,79,83,100,4,100,1,1,0,0
128601,2026/03/14 00:00:00,0,12719,850,356,657,0,112,112,86,84,109,1,100,1,1,0,0
128601,2026/03/15 00:00:00,0,13816,756,194,173,0,112,113,89,86,111,1,100,1,0,0,0
128601,2026/03/16 00:00:00,0,13312,2166,1863,4291,0,110,106,79,84,100,4,100,1,2,0,0
128601,2026/03/17 00:00:00,0,13878,2305,1994,4786,0,109,105,78,84,99,5,100,1,1,0,0
128601,2026/03/18 00:00:00,0,12445,2065,1928,4580,0,108,104,78,84,98,4,100,1,1,0,0
128601,2026/03/19 00:00:00,0,14961,2459,2232,4862,0,108,104,78,84,99,5,100,1,2,0,0
128601,2026/03/20 00:00:00,0,14632,2228,1897,4123,0,109,105,78,84,100,4,100,1,1,0,0
128601,2026/03/21 00:00:00,0,14731,1083,509,801,0,111,111,86,84,109,2,100,1,0,0,0
128601,2026/03/22 00:00:00,0,16043,1046,274,234,0,111,111,88,85,110,2,100,1,0,0,0
128601,2026/03/23 00:00:00,0,12360,1959,1943,4150,0,108,104,78,83,98,4,100,1,2,0,0
128601,2026/03/24 00:00:00,0,13623,2303,2079,4707,0,109,105,78,84,99,5,100,1,1,0,0
128601,2026/03/25 00:00:00,0,13771,2294,2100,5180,0,108,104,78,84,98,5,100,1,3,0,0
128601,2026/03/26 00:00:00,0,12979,2122,1868,4348,0,107,103,77,83,98,4,100,1,1,0,0
128601,2026/03/27 00:00:00,0,15026,2368,1927,4371,0,108,105,78,84,100,4,100,1,1,0,0
128601,2026/03/28 00:00:00,0,13632,1042,484,881,0,110,110,85,84,108,1,100,1,0,0,0
128601,2026/03/29 00:00:00,0,14638,882,291,267,0,111,111,89,86,110,2,100,1,0,0,1
128601,2026/03/30 00:00:00,0,12465,1935,1842,4111,0,108,103,78,84,98,4,100,1,2,0,0
128601,2026/03/31 00:00:00,0,13339,2130,1962,4375,0,109,105,78,84,99,4,100,1,1,0,0
128602,2026/03/01 00:00:00,0,7687,5294,273,351,0,113,115,98,87,112,1,100,1,0,0,0
128602,2026/03/02 00:00:00,0,9591,6096,1630,6342,0,104,105,75,79,94,7,100,1,0,0,0
128602,2026/03/03 00:00:00,0,9691,6185,1556,6608,0,110,109,82,83,99,6,100,1,0,0,0
128602,2026/03/04 00:00:00,0,9784,6301,1548,6928,0,109,110,83,83,99,6,100,1,0,0,0
128602,2026/03/05 00:00:00,0,10514,6830,1658,7134,0,109,109,83,83,99,6,100,1,0,0,0
128602,2026/03/06 00:00:00,0,11468,7533,1585,6213,0,109,109,84,84,100,6,100,1,0,0,0
128602,2026/03/07 00:00:00,0,8169,5908,465,1006,0,113,114,96,85,111,2,100,1,0,0,0
128602,2026/03/08 00:00:00,0,7467,5257,275,323,0,113,115,99,88,113,1,100,1,0,0,0
128602,2026/03/09 00:00:00,0,9302,6081,1454,6106,0,108,108,80,82,97,6,100,1,0,0,0
128602,2026/03/10 00:00:00,0,10093,6331,1563,6515,0,98,102,78,80,91,8,100,1,0,0,0
128602,2026/03/11 00:00:00,0,9588,6239,1472,6385,0,107,108,81,82,98,6,100,1,0,0,0
128602,2026/03/12 00:00:00,0,9783,6654,1504,6140,0,109,108,84,83,99,6,100,1,0,0,0
128602,2026/03/13 00:00:00,0,10759,7179,1347,5394,0,108,108,83,82,99,5,100,1,0,0,0
128602,2026/03/14 00:00:00,0,8155,5893,445,952,0,111,113,95,85,109,2,100,1,0,0,0
128602,2026/03/15 00:00:00,0,7647,5462,270,309,0,112,115,99,87,112,1,100,1,0,0,0
128602,2026/03/16 00:00:00,0,9740,6409,1614,6160,0,108,108,81,82,98,6,100,1,0,0,0
128602,2026/03/17 00:00:00,0,10025,6683,1610,6742,0,108,109,82,83,98,6,100,1,0,0,0
128602,2026/03/18 00:00:00,0,10307,6978,1679,7244,0,108,108,82,83,98,6,100,1,0,0,0
128602,2026/03/19 00:00:00,0,10635,6907,1540,6693,0,109,109,82,83,99,6,100,1,0,0,0
128602,2026/03/20 00:00:00,0,11893,7910,1478,6323,0,109,109,83,83,100,6,100,1,0,0,0
128602,2026/03/21 00:00:00,0,9185,6572,555,1051,0,112,114,94,85,110,2,100,1,0,0,0
128602,2026/03/22 00:00:00,0,7910,5645,356,350,0,113,114,97,87,112,1,100,1,0,0,0
128602,2026/03/23 00:00:00,0,9623,6241,1623,6523,0,104,105,76,79,94,7,100,1,0,0,0
128602,2026/03/24 00:00:00,0,9599,6344,1610,7045,0,105,106,77,81,95,7,100,1,0,0,0
128602,2026/03/25 00:00:00,0,9526,6030,1509,6798,0,105,105,78,81,95,6,100,1,0,0,0
128602,2026/03/26 00:00:00,0,10191,6359,1608,6477,0,96,102,75,78,90,8,100,1,0,0,0
128602,2026/03/27 00:00:00,0,11634,7869,1546,6300,0,107,108,83,83,99,6,100,1,0,0,0
128602,2026/03/28 00:00:00,0,8900,6435,625,1194,0,110,111,91,85,107,2,100,1,0,0,0
128602,2026/03/29 00:00:00,0,7887,5594,408,374,0,111,113,95,87,110,2,100,1,0,0,1
128602,2026/03/30 00:00:00,0,9872,6521,1564,6487,0,106,106,79,82,97,6,100,1,0,0,0
128602,2026/03/31 00:00:00,0,10209,6827,1603,6841,0,108,108,81,83,98,6,100,1,0,0,0
128603,2026/03/01 00:00:00,0,2225,172,39,12,0,86,86,77,77,86,1,100,0,0,0,0
128603,2026/03/02 00:00:00,0,4089,443,171,214,0,82,82,75,72,81,2,100,1,0,0,0
128603,2026/03/03 00:00:00,0,3835,410,169,179,0,80,80,69,67,79,2,100,1,0,0,0
128603,2026/03/04 00:00:00,0,4161,471,176,224,0,83,83,77,74,83,2,100,0,0,0,0
128603,2026/03/05 00:00:00,0,4074,457,177,210,0,82,82,75,71,81,2,100,1,0,0,0
128603,2026/03/06 00:00:00,0,3820,405,173,156,0,83,83,76,72,82,1,100,1,0,0,0
128603,2026/03/07 00:00:00,0,2783,270,96,33,0,87,86,79,73,87,1,100,1,0,0,0
128603,2026/03/08 00:00:00,0,2324,187,30,17,0,88,88,73,77,87,0,100,0,0,0,0
128603,2026/03/09 00:00:00,0,4198,440,187,209,0,84,82,77,73,83,2,100,0,0,0,0
128603,2026/03/10 00:00:00,0,4094,464,175,238,0,81,82,73,71,80,2,100,1,0,0,0
128603,2026/03/11 00:00:00,0,4487,497,157,247,0,81,81,75,71,80,2,100,0,0,0,0
128603,2026/03/12 00:00:00,0,4293,514,206,258,0,82,82,75,72,81,2,100,1,0,0,0
128603,2026/03/13 00:00:00,0,4389,503,158,265,0,82,81,74,73,81,2,100,0,0,0,0
128603,2026/03/14 00:00:00,0,3213,264,89,59,0,86,86,77,72,86,1,100,1,0,0,0
128603,2026/03/15 00:00:00,0,2561,172,25,40,0,87,86,73,72,86,1,100,0,0,0,0
128603,2026/03/16 00:00:00,0,4234,502,136,267,0,83,82,76,72,82,2,100,0,0,0,0
128603,2026/03/17 00:00:00,0,4178,490,167,253,0,82,82,74,72,81,2,100,1,0,0,0
128603,2026/03/18 00:00:00,0,4027,437,139,264,0,80,80,70,68,79,2,100,1,0,0,0
128603,2026/03/19 00:00:00,0,4133,447,161,230,0,81,82,73,69,80,2,100,1,0,0,0
128603,2026/03/20 00:00:00,0,4300,510,164,218,0,84,82,76,74,83,2,100,1,0,0,0
128603,2026/03/21 00:00:00,0,2837,223,68,47,0,87,86,79,74,86,1,100,0,0,0,0
128603,2026/03/22 00:00:00,0,2667,173,20,31,0,86,86,74,72,86,1,100,0,0,0,0
128603,2026/03/23 00:00:00,0,3630,454,167,275,0,77,80,67,64,76,3,100,1,0,0,0
128603,2026/03/24 00:00:00,0,4476,564,166,299,0,83,82,77,73,82,2,100,1,1,0,0
128603,2026/03/25 00:00:00,0,4719,521,175,274,0,83,83,76,72,82,2,100,0,0,0,0
128603,2026/03/26 00:00:00,0,4183,468,170,267,0,77,79,68,68,76,2,100,1,0,0,0
128603,2026/03/27 00:00:00,0,4431,466,163,243,0,82,82,74,72,81,2,100,1,0,0,0
128603,2026/03/28 00:00:00,0,2945,248,57,50,0,85,85,79,74,85,1,100,0,0,0,0
128603,2026/03/29 00:00:00,0,2265,169,44,16,0,87,86,70,76,86,0,100,1,0,0,0
128603,2026/03/30 00:00:00,0,3935,449,148,255,0,78,79,66,66,77,3,100,1,0,0,0
128603,2026/03/31 00:00:00,0,4322,502,183,234,0,84,83,76,72,83,2,100,1,0,0,0
128604,2026/03/01 00:00:00,0,2495,102,12,7,0,86,82,73,68,85,1,100,0,0,0,0
128604,2026/03/02 00:00:00,0,2341,235,64,114,0,86,82,70,68,84,1,100,0,0,0,0
128604,2026/03/03 00:00:00,0,2279,230,49,106,0,86,82,73,66,84,1,100,1,0,0,0
128604,2026/03/04 00:00:00,0,2370,218,57,139,0,86,83,71,66,84,1,100,1,0,0,0
128604,2026/03/05 00:00:00,0,2470,242,49,123,0,86,82,71,66,84,1,100,0,0,0,0
128604,2026/03/06 00:00:00,0,2676,227,65,103,0,86,81,72,66,84,1,100,0,0,0,0
128604,2026/03/07 00:00:00,0,2973,169,38,22,0,86,83,76,65,85,1,100,0,0,0,0
128604,2026/03/08 00:00:00,0,2375,103,19,12,0,86,84,78,70,86,1,100,1,0,0,0
128604,2026/03/09 00:00:00,0,2337,239,53,109,0,86,82,71,67,85,1,100,0,0,0,0
128604,2026/03/10 00:00:00,0,2392,243,53,192,0,85,81,73,65,83,1,100,1,0,0,0
128604,2026/03/11 00:00:00,0,2485,235,67,210,0,86,81,72,66,83,1,100,0,0,0,0
128604,2026/03/12 00:00:00,0,2402,229,52,191,0,86,83,73,66,84,1,100,0,0,0,0
128604,2026/03/13 00:00:00,0,2481,212,60,173,0,85,82,71,64,83,1,100,0,0,0,0
128604,2026/03/14 00:00:00,0,3004,151,40,58,0,85,80,73,66,84,1,100,0,0,0,0
128604,2026/03/15 00:00:00,0,2375,111,14,56,0,86,85,76,67,86,1,100,0,0,0,0
128604,2026/03/16 00:00:00,0,2261,204,59,223,0,86,82,71,66,83,1,100,0,0,0,0
128604,2026/03/17 00:00:00,0,2470,230,65,237,0,86,82,72,65,83,1,100,0,0,0,0
128604,2026/03/18 00:00:00,0,2247,202,61,244,0,85,81,71,65,82,1,100,1,0,0,0
128604,2026/03/19 00:00:00,0,2275,206,62,221,0,86,82,70,66,83,1,100,1,0,0,0
128604,2026/03/20 00:00:00,0,2537,226,56,183,0,86,82,73,66,84,1,100,1,0,0,0
128604,2026/03/21 00:00:00,0,3011,178,49,54,0,85,82,73,67,84,1,100,0,0,0,0
128604,2026/03/22 00:00:00,0,2236,100,18,30,0,85,84,72,70,85,0,100,0,0,0,0
128604,2026/03/23 00:00:00,0,2073,202,65,163,0,85,81,68,66,83,1,100,0,0,0,0
128604,2026/03/24 00:00:00,0,2320,215,56,197,0,86,82,68,65,83,1,100,0,0,0,0
128604,2026/03/25 00:00:00,0,2247,241,58,192,0,85,81,69,65,83,1,100,0,0,0,0
128604,2026/03/26 00:00:00,0,2038,193,51,172,0,86,83,70,66,83,1,100,0,0,0,0
128604,2026/03/27 00:00:00,0,2529,241,64,214,0,85,81,72,65,82,1,100,0,0,0,0
128604,2026/03/28 00:00:00,0,2886,190,38,61,0,85,82,74,67,85,1,100,0,0,0,0
128604,2026/03/29 00:00:00,0,2441,121,33,14,0,85,81,72,66,85,1,100,1,0,0,1
128604,2026/03/30 00:00:00,0,2163,192,57,150,0,86,84,69,65,84,1,100,0,0,0,0
128604,2026/03/31 00:00:00,0,2431,237,78,176,0,86,82,70,66,83,1,100,0,0,0,0
128605,2026/03/01 00:00:00,0,2209,66,11,12,0,89,88,74,70,89,0,100,0,0,0,0
128605,2026/03/02 00:00:00,0,2073,165,38,104,0,84,80,71,65,82,1,100,1,0,0,0
128605,2026/03/03 00:00:00,0,1989,186,59,73,0,83,83,74,66,81,1,100,0,0,0,0
128605,2026/03/04 00:00:00,0,1989,159,44,78,0,87,85,77,72,86,0,100,1,0,0,0
128605,2026/03/05 00:00:00,0,1954,161,36,71,0,87,86,77,69,86,0,100,0,0,0,0
128605,2026/03/06 00:00:00,0,2160,161,45,52,0,88,86,78,70,87,0,100,0,0,0,0
128605,2026/03/07 00:00:00,0,2416,141,25,33,0,90,88,81,69,89,0,100,0,0,0,0
128605,2026/03/08 00:00:00,0,2079,79,16,14,0,90,87,79,68,90,0,100,0,0,0,0
128605,2026/03/09 00:00:00,0,2010,159,57,78,0,86,84,78,70,85,0,100,1,0,0,0
128605,2026/03/10 00:00:00,0,1932,137,36,101,0,83,79,75,68,82,1,100,0,0,0,0
128605,2026/03/11 00:00:00,0,2085,140,41,121,0,86,81,75,69,84,1,100,0,0,0,0
128605,2026/03/12 00:00:00,0,1844,126,46,108,0,86,83,76,70,85,0,100,0,0,0,0
128605,2026/03/13 00:00:00,0,1967,137,33,81,0,85,82,74,72,84,0,100,0,0,0,0
128605,2026/03/14 00:00:00,0,2559,136,33,55,0,86,84,73,72,85,1,100,0,0,0,0
128605,2026/03/15 00:00:00,0,2061,69,13,41,0,90,87,83,71,90,0,100,0,0,0,0
128605,2026/03/16 00:00:00,0,1881,142,46,117,0,85,84,75,69,84,0,100,1,0,0,0
128605,2026/03/17 00:00:00,0,1909,147,39,132,0,86,85,77,72,85,0,100,1,0,0,0
128605,2026/03/18 00:00:00,0,1873,144,50,133,0,87,86,78,71,85,0,100,1,0,0,0
128605,2026/03/19 00:00:00,0,1747,152,57,126,0,87,85,76,72,85,0,100,1,0,0,0
128605,2026/03/20 00:00:00,0,2004,176,56,95,0,87,86,78,73,86,0,100,0,0,0,0
128605,2026/03/21 00:00:00,0,2510,134,39,47,0,90,86,79,70,89,0,100,1,0,0,0
128605,2026/03/22 00:00:00,0,1982,78,16,28,0,91,90,83,78,91,0,100,0,0,0,0
128605,2026/03/23 00:00:00,0,1822,141,58,120,0,82,80,73,66,80,1,100,1,0,0,0
128605,2026/03/24 00:00:00,0,1948,146,56,144,0,86,83,74,69,84,1,100,0,0,0,0
128605,2026/03/25 00:00:00,0,1964,168,47,105,0,84,82,72,69,83,0,100,0,0,0,0
128605,2026/03/26 00:00:00,0,2106,159,55,181,0,79,79,72,63,77,1,100,1,0,0,0
128605,2026/03/27 00:00:00,0,2059,170,49,100,0,86,85,77,72,85,0,100,1,0,0,0
128605,2026/03/28 00:00:00,0,2378,123,26,38,0,88,86,78,71,87,0,100,0,0,0,0
128605,2026/03/29 00:00:00,0,1944,77,24,11,0,88,86,76,67,87,0,100,1,0,0,2
128605,2026/03/30 00:00:00,0,1941,176,45,112,0,82,80,74,66,80,1,100,0,0,0,0
128605,2026/03/31 00:00:00,0,2132,192,58,137,0,85,83,75,71,84,1,100,0,0,0,0
128606,2026/03/01 00:00:00,0,2325,246,41,17,0,87,89,77,78,87,1,100,0,0,0,0
128606,2026/03/02 00:00:00,0,4141,628,185,326,0,81,79,73,70,79,2,100,1,0,0,0
128606,2026/03/03 00:00:00,0,4635,688,238,402,0,83,81,76,72,81,2,100,0,0,0,0
128606,2026/03/04 00:00:00,0,4413,691,231,418,0,83,83,75,73,82,2,100,0,0,0,0
128606,2026/03/05 00:00:00,0,4337,642,233,387,0,84,83,76,73,82,2,100,1,0,0,0
128606,2026/03/06 00:00:00,0,4306,626,239,346,0,84,82,76,72,82,2,100,1,0,0,0
128606,2026/03/07 00:00:00,0,2786,375,94,59,0,87,83,79,72,86,1,100,1,0,0,0
128606,2026/03/08 00:00:00,0,2246,231,36,23,0,88,87,76,76,87,1,100,0,0,0,0
128606,2026/03/09 00:00:00,0,4377,620,221,427,0,83,82,74,72,81,2,100,1,0,0,0
128606,2026/03/10 00:00:00,0,4657,673,210,425,0,79,79,73,70,78,2,100,1,0,0,0
128606,2026/03/11 00:00:00,0,4725,669,200,443,0,81,80,73,70,80,2,100,1,0,0,0
128606,2026/03/12 00:00:00,0,4845,727,269,499,0,82,81,74,71,80,3,100,1,0,0,0
128606,2026/03/13 00:00:00,0,4595,680,215,403,0,81,80,72,69,80,2,100,0,0,0,0
128606,2026/03/14 00:00:00,0,3217,364,92,66,0,86,85,77,70,85,1,100,1,0,0,0
128606,2026/03/15 00:00:00,0,2645,256,30,42,0,87,87,78,74,87,1,100,0,0,0,0
128606,2026/03/16 00:00:00,0,4606,665,195,458,0,81,80,73,71,80,2,100,1,0,0,0
128606,2026/03/17 00:00:00,0,4795,721,221,493,0,83,80,75,72,81,3,100,0,0,0,0
128606,2026/03/18 00:00:00,0,4914,734,229,503,0,82,81,75,72,81,3,100,1,0,0,0
128606,2026/03/19 00:00:00,0,4982,738,202,439,0,82,80,76,72,81,2,100,0,0,0,0
128606,2026/03/20 00:00:00,0,4569,681,228,367,0,84,82,76,72,82,2,100,0,0,0,0
128606,2026/03/21 00:00:00,0,3012,340,85,41,0,87,86,81,73,87,1,100,1,0,0,0
128606,2026/03/22 00:00:00,0,2673,248,29,12,0,87,87,79,76,87,1,100,0,0,0,0
128606,2026/03/23 00:00:00,0,4639,732,216,455,0,79,78,72,69,78,3,100,1,0,0,0
128606,2026/03/24 00:00:00,0,4671,703,218,463,0,81,79,73,70,79,3,100,1,0,0,0
128606,2026/03/25 00:00:00,0,4718,675,205,446,0,80,78,72,69,78,3,100,0,0,0,0
128606,2026/03/26 00:00:00,0,5343,822,259,520,0,76,76,71,67,75,3,100,0,0,0,0
128606,2026/03/27 00:00:00,0,4732,721,208,439,0,82,80,74,71,80,2,100,0,0,0,0
128606,2026/03/28 00:00:00,0,2972,355,60,56,0,86,84,76,68,85,1,100,0,0,0,0
128606,2026/03/29 00:00:00,0,2434,236,59,26,0,87,87,72,72,86,1,100,1,0,0,0
128606,2026/03/30 00:00:00,0,4977,723,171,491,0,79,78,73,69,78,3,100,1,0,0,0
128606,2026/03/31 00:00:00,0,4951,725,253,500,0,81,80,74,71,80,3,100,0,0,0,0
128607,2026/03/01 00:00:00,0,6,1,0,1,0,38,34,0,22,35,0,100,0,0,0,0
128607,2026/03/02 00:00:00,0,38,10,0,19,0,33,35,0,28,32,0,100,0,0,0,0
128607,2026/03/03 00:00:00,0,75,8,4,27,0,39,37,31,27,35,0,100,0,0,0,0
128607,2026/03/04 00:00:00,0,22,7,1,25,0,40,38,21,26,33,0,100,0,0,0,0
128607,2026/03/05 00:00:00,0,24,14,4,22,0,40,35,29,29,34,0,100,0,0,0,0
128607,2026/03/06 00:00:00,0,27,8,6,17,0,38,35,26,27,33,0,100,0,0,0,0
128607,2026/03/07 00:00:00,0,0,1,0,3,0,0,27,0,26,26,0,100,0,0,0,0
128607,2026/03/08 00:00:00,0,6,1,1,0,0,43,31,22,0,39,0,100,0,0,0,0
128607,2026/03/09 00:00:00,0,33,4,6,22,0,40,32,30,27,34,0,100,0,0,0,0
128607,2026/03/10 00:00:00,0,113,36,19,236,0,36,35,30,27,30,1,100,0,0,0,0
128607,2026/03/11 00:00:00,0,77,30,17,259,0,37,32,28,27,29,2,100,0,0,0,0
128607,2026/03/12 00:00:00,0,75,19,15,236,0,38,33,26,27,30,1,100,0,0,0,0
128607,2026/03/13 00:00:00,0,60,18,15,227,0,38,35,27,27,29,1,100,0,0,0,0
128607,2026/03/14 00:00:00,0,26,13,4,43,0,37,36,33,30,33,0,100,0,0,0,0
128607,2026/03/15 00:00:00,0,14,5,2,9,0,39,33,23,30,34,0,100,0,0,0,0
128607,2026/03/16 00:00:00,0,99,21,18,213,0,39,35,27,27,30,1,100,0,0,0,0
128607,2026/03/17 00:00:00,0,83,36,15,230,0,36,34,29,26,29,1,100,0,0,0,0
128607,2026/03/18 00:00:00,0,152,56,38,285,0,36,36,28,27,30,2,100,0,0,0,0
128607,2026/03/19 00:00:00,0,66,35,13,232,0,38,35,29,28,30,1,100,0,0,0,0
128607,2026/03/20 00:00:00,0,55,20,11,218,0,37,36,30,27,29,1,100,0,0,0,0
128607,2026/03/21 00:00:00,0,7,4,4,21,0,32,38,31,29,30,0,100,0,0,0,0
128607,2026/03/22 00:00:00,0,27,9,2,24,0,38,31,27,31,34,0,100,0,0,0,0
128607,2026/03/23 00:00:00,0,140,28,15,215,0,38,36,29,28,31,2,100,0,0,0,0
128607,2026/03/24 00:00:00,0,83,32,17,248,0,37,34,28,27,30,1,100,0,0,0,0
128607,2026/03/25 00:00:00,0,82,29,14,219,0,37,32,30,27,30,1,100,0,0,0,0
128607,2026/03/26 00:00:00,0,116,30,16,252,0,38,35,28,27,31,2,100,0,0,0,0
128607,2026/03/27 00:00:00,0,67,25,12,218,0,37,34,28,27,29,1,100,0,0,0,0
128607,2026/03/28 00:00:00,0,12,8,1,21,0,37,34,5,26,30,0,100,0,0,0,0
128607,2026/03/29 00:00:00,0,16,9,1,3,0,36,40,28,29,36,0,100,1,0,0,0
128607,2026/03/30 00:00:00,0,183,48,19,196,0,37,36,29,27,32,2,100,0,0,0,0
128607,2026/03/31 00:00:00,0,77,30,14,223,0,38,36,25,27,30,1,100,0,0,0,0
129001,2026/03/01 00:00:00,0,2290,254,46,162,0,99,97,88,85,97,0,100,0,0,0,0
129001,2026/03/02 00:00:00,0,7029,1399,496,4721,0,92,92,82,80,87,5,100,1,0,0,0
129001,2026/03/03 00:00:00,0,7174,1418,536,4793,0,95,94,83,82,89,4,100,0,0,0,0
129001,2026/03/04 00:00:00,0,6411,1385,546,4501,0,86,88,75,77,82,8,100,1,0,0,0
129001,2026/03/05 00:00:00,0,7396,1422,571,4278,0,94,93,83,80,88,4,100,0,0,0,0
129001,2026/03/06 00:00:00,0,7586,1407,498,3867,0,96,95,85,82,91,4,100,1,0,0,0
129001,2026/03/07 00:00:00,0,3735,470,110,442,0,101,99,92,85,99,0,100,0,0,0,0
129001,2026/03/08 00:00:00,0,3087,350,76,187,0,100,99,95,85,99,0,100,0,0,0,0
129001,2026/03/09 00:00:00,0,6689,1369,530,4651,0,93,93,84,81,88,4,100,1,0,0,0
129001,2026/03/10 00:00:00,0,7681,1573,622,4964,0,94,92,83,80,88,5,100,1,0,0,0
129001,2026/03/11 00:00:00,0,7615,1545,576,4886,0,94,93,83,80,88,5,100,1,0,0,0
129001,2026/03/12 00:00:00,0,7610,1542,595,4462,0,96,95,83,81,90,4,100,1,0,0,0
129001,2026/03/13 00:00:00,0,9129,1648,559,4301,0,90,90,81,78,86,5,100,0,0,0,0
129001,2026/03/14 00:00:00,0,3218,415,100,417,0,99,96,92,84,97,0,100,1,0,0,0
129001,2026/03/15 00:00:00,0,2645,298,78,199,0,98,97,88,83,97,0,100,0,0,0,0
129001,2026/03/16 00:00:00,0,6353,1379,500,4618,0,96,94,84,81,89,4,100,1,0,0,0
129001,2026/03/17 00:00:00,0,6507,1308,492,4407,0,95,94,83,81,89,4,100,1,0,0,0
129001,2026/03/18 00:00:00,0,7063,1416,518,4699,0,96,95,83,81,90,4,100,1,0,0,0
129001,2026/03/19 00:00:00,0,8871,1757,642,5243,0,94,93,84,81,89,5,100,0,0,0,0
129001,2026/03/20 00:00:00,0,8325,1428,497,4148,0,97,96,86,82,92,4,100,0,0,0,0
129001,2026/03/21 00:00:00,0,1458,216,54,220,0,100,98,90,84,97,0,100,0,0,0,0
129001,2026/03/22 00:00:00,0,3086,383,83,232,0,100,99,93,85,98,0,100,0,0,0,0
129001,2026/03/23 00:00:00,0,6591,1334,545,4787,0,96,95,85,82,90,4,100,0,0,0,0
129001,2026/03/24 00:00:00,0,7223,1405,504,4931,0,93,92,83,80,88,4,100,1,0,0,0
129001,2026/03/25 00:00:00,0,7669,1586,628,5264,0,94,93,82,80,88,5,100,1,0,0,0
129001,2026/03/26 00:00:00,0,8221,1522,628,4941,0,93,92,83,80,87,5,100,0,0,0,0
129001,2026/03/27 00:00:00,0,8206,1552,600,4403,0,93,92,83,80,88,4,100,1,0,0,0
129001,2026/03/28 00:00:00,0,3815,504,154,457,0,99,97,90,84,97,0,100,1,0,0,0
129001,2026/03/29 00:00:00,0,3079,337,68,226,0,98,98,91,84,97,0,100,1,0,0,0
129001,2026/03/30 00:00:00,0,6688,1470,524,4941,0,94,93,83,80,88,5,100,1,0,0,0
129001,2026/03/31 00:00:00,0,7397,1514,559,4755,0,94,93,83,81,89,4,100,1,0,0,0
129002,2026/03/01 00:00:00,0,3761,302,72,228,0,99,98,91,86,98,0,100,1,0,0,0
129002,2026/03/02 00:00:00,0,6912,1325,476,4819,0,96,93,82,80,89,4,100,1,0,0,0
129002,2026/03/03 00:00:00,0,8307,1556,658,5519,0,87,85,70,73,80,7,100,1,0,0,0
129002,2026/03/04 00:00:00,0,7725,1551,579,5388,0,89,87,74,76,83,7,100,1,0,0,0
129002,2026/03/05 00:00:00,0,7997,1541,611,5421,0,96,93,82,79,88,5,100,0,0,0,0
129002,2026/03/06 00:00:00,0,8117,1535,619,4996,0,89,89,73,77,84,7,100,1,0,0,0
129002,2026/03/07 00:00:00,0,3558,470,117,523,0,98,97,90,84,96,0,100,0,0,0,0
129002,2026/03/08 00:00:00,0,3998,391,84,243,0,99,97,91,86,98,0,100,0,0,0,0
129002,2026/03/09 00:00:00,0,7782,1383,565,4841,0,97,93,83,80,90,5,100,1,0,0,0
129002,2026/03/10 00:00:00,0,8065,1521,576,5102,0,97,94,83,81,90,5,100,1,0,0,0
129002,2026/03/11 00:00:00,0,8053,1485,568,5395,0,97,94,84,80,90,5,100,1,0,0,0
129002,2026/03/12 00:00:00,0,8213,1557,622,5331,0,96,93,82,80,89,5,100,1,0,0,0
129002,2026/03/13 00:00:00,0,7813,1511,494,4722,0,98,95,84,81,91,4,100,1,0,0,0
129002,2026/03/14 00:00:00,0,3934,510,115,535,0,97,96,90,84,95,0,100,0,0,0,0
129002,2026/03/15 00:00:00,0,4428,394,98,242,0,99,97,91,86,98,0,100,0,0,0,0
129002,2026/03/16 00:00:00,0,7635,1432,683,4776,0,96,92,80,79,89,4,100,1,1,0,0
129002,2026/03/17 00:00:00,0,7954,1470,520,4781,0,97,94,80,80,90,5,100,1,0,0,0
129002,2026/03/18 00:00:00,0,8479,1678,601,5870,0,97,94,83,80,90,5,100,1,0,0,0
129002,2026/03/19 00:00:00,0,8398,1623,551,5478,0,97,95,84,81,91,4,100,0,0,0,0
129002,2026/03/20 00:00:00,0,8389,1457,517,5102,0,97,94,84,81,90,4,100,0,0,0,0
129002,2026/03/21 00:00:00,0,1750,280,67,343,0,98,95,88,83,95,0,100,0,0,0,0
129002,2026/03/22 00:00:00,0,4625,469,99,274,0,98,95,91,85,97,1,100,0,0,0,0
129002,2026/03/23 00:00:00,0,7878,1430,611,5317,0,88,84,71,72,81,7,100,1,0,0,0
129002,2026/03/24 00:00:00,0,7768,1453,565,5420,0,97,95,83,81,90,5,100,1,0,0,0
129002,2026/03/25 00:00:00,0,7601,1501,624,5265,0,96,92,82,80,88,5,100,1,0,0,0
129002,2026/03/26 00:00:00,0,8651,1650,684,5727,0,86,83,63,68,78,8,100,1,0,0,0
129002,2026/03/27 00:00:00,0,8435,1593,591,5278,0,96,93,83,80,89,5,100,0,0,0,0
129002,2026/03/28 00:00:00,0,4242,538,150,588,0,97,95,89,83,95,1,100,0,0,0,0
129002,2026/03/29 00:00:00,0,3812,365,72,228,0,98,98,92,85,97,0,100,1,0,0,0
129002,2026/03/30 00:00:00,0,8285,1467,611,5558,0,86,81,64,69,78,7,100,1,0,0,0
129002,2026/03/31 00:00:00,0,8584,1640,661,5826,0,94,91,81,78,87,5,100,1,0,0,0
129003,2026/03/01 00:00:00,0,965,85,8,50,0,87,88,75,74,86,0,100,0,0,0,0
129003,2026/03/02 00:00:00,0,3256,428,563,2784,0,62,59,37,54,56,13,100,1,0,0,0
129003,2026/03/03 00:00:00,0,3789,468,460,3177,0,65,65,56,63,63,10,100,1,0,0,0
129003,2026/03/04 00:00:00,0,3920,537,386,3250,0,69,68,61,66,67,8,100,1,0,0,0
129003,2026/03/05 00:00:00,0,3991,535,441,3380,0,68,67,58,66,66,8,100,1,0,0,0
129003,2026/03/06 00:00:00,0,3666,505,428,2918,0,72,71,66,68,70,7,100,1,0,0,0
129003,2026/03/07 00:00:00,0,1338,201,47,339,0,84,81,76,70,81,1,100,0,0,0,0
129003,2026/03/08 00:00:00,0,1061,120,16,47,0,85,84,75,74,84,0,100,1,0,0,0
129003,2026/03/09 00:00:00,0,3652,566,450,2948,0,68,65,57,66,66,9,100,1,0,0,0
129003,2026/03/10 00:00:00,0,4042,529,370,2791,0,74,73,67,69,71,7,100,1,0,0,0
129003,2026/03/11 00:00:00,0,3739,490,298,2615,0,78,77,71,71,75,6,100,0,0,0,0
129003,2026/03/12 00:00:00,0,3676,510,307,2423,0,80,77,72,71,76,5,100,0,0,0,0
129003,2026/03/13 00:00:00,0,3528,459,223,2088,0,80,78,73,71,76,5,100,0,0,0,0
129003,2026/03/14 00:00:00,0,1175,169,35,162,0,86,84,77,73,84,1,100,0,0,0,0
129003,2026/03/15 00:00:00,0,1062,92,10,36,0,87,86,75,73,86,0,100,1,0,0,0
129003,2026/03/16 00:00:00,0,3811,512,302,2896,0,77,76,68,69,73,6,100,0,0,0,0
129003,2026/03/17 00:00:00,0,3953,522,288,3028,0,77,77,71,71,74,6,100,0,0,0,0
129003,2026/03/18 00:00:00,0,3778,501,311,3067,0,79,76,70,70,75,6,100,0,0,0,0
129003,2026/03/19 00:00:00,0,3731,475,316,2988,0,79,77,72,71,75,6,100,0,0,0,0
129003,2026/03/20 00:00:00,0,3254,449,276,2627,0,79,76,70,71,75,6,100,0,0,0,0
129003,2026/03/21 00:00:00,0,1187,151,19,173,0,86,85,80,72,84,0,100,0,0,0,0
129003,2026/03/22 00:00:00,0,1054,99,12,50,0,86,84,78,71,85,0,100,0,0,0,0
129003,2026/03/23 00:00:00,0,3896,528,372,3182,0,70,70,57,63,67,8,100,1,0,0,0
129003,2026/03/24 00:00:00,0,4044,547,406,3397,0,70,68,60,65,67,8,100,1,1,0,0
129003,2026/03/25 00:00:00,0,4275,533,374,3421,0,71,69,60,66,68,8,100,1,0,0,0
129003,2026/03/26 00:00:00,0,3882,513,409,3217,0,65,66,56,63,64,9,100,1,0,0,0
129003,2026/03/27 00:00:00,0,3870,523,366,3143,0,69,69,60,67,67,8,100,1,0,0,0
129003,2026/03/28 00:00:00,0,1508,214,45,391,0,85,82,77,71,82,1,100,0,0,0,0
129003,2026/03/29 00:00:00,0,1210,131,35,112,0,86,86,77,74,85,0,100,1,0,0,0
129003,2026/03/30 00:00:00,0,3971,562,402,3216,0,67,66,57,63,65,8,100,1,0,0,0
129003,2026/03/31 00:00:00,0,4029,547,487,3326,0,70,69,57,63,66,9,100,1,0,0,0
129004,2026/03/01 00:00:00,0,953,115,13,129,0,83,83,70,70,81,0,100,1,0,0,0
129004,2026/03/02 00:00:00,0,2645,430,297,3352,0,73,70,66,66,69,6,100,0,0,0,0
129004,2026/03/03 00:00:00,0,2794,432,397,3401,0,59,55,45,57,56,14,100,0,0,0,0
129004,2026/03/04 00:00:00,0,2761,444,290,3509,0,63,60,57,61,61,10,100,1,0,0,0
129004,2026/03/05 00:00:00,0,2686,434,315,3185,0,66,64,54,61,63,10,100,1,0,0,0
129004,2026/03/06 00:00:00,0,2471,422,257,3201,0,66,65,53,61,63,10,100,1,0,0,0
129004,2026/03/07 00:00:00,0,1013,154,26,348,0,83,79,75,67,78,1,100,0,0,0,0
129004,2026/03/08 00:00:00,0,829,93,12,77,0,84,82,76,70,83,0,100,0,0,0,0
129004,2026/03/09 00:00:00,0,2459,404,267,3194,0,69,69,62,64,66,7,100,1,0,0,0
129004,2026/03/10 00:00:00,0,2681,398,279,3544,0,71,69,65,65,67,7,100,0,0,0,0
129004,2026/03/11 00:00:00,0,2426,393,256,3280,0,71,69,66,65,67,6,100,1,0,0,0
129004,2026/03/12 00:00:00,0,2511,413,342,2910,0,65,64,57,62,63,9,100,1,0,0,0
129004,2026/03/13 00:00:00,0,2540,379,199,2811,0,73,70,67,65,69,6,100,0,0,0,0
129004,2026/03/14 00:00:00,0,1158,145,19,300,0,82,76,71,67,78,1,100,0,0,0,0
129004,2026/03/15 00:00:00,0,1016,110,7,92,0,84,82,75,68,82,0,100,0,0,0,0
129004,2026/03/16 00:00:00,0,2794,417,258,3106,0,71,69,64,64,67,7,100,1,0,0,0
129004,2026/03/17 00:00:00,0,2869,471,319,2979,0,66,64,50,61,63,10,100,1,1,0,0
129004,2026/03/18 00:00:00,0,2826,469,297,3277,0,71,69,65,64,67,6,100,1,0,0,0
129004,2026/03/19 00:00:00,0,2759,468,298,3285,0,69,68,61,63,65,8,100,1,0,0,0
129004,2026/03/20 00:00:00,0,2554,416,273,3418,0,72,70,65,64,67,7,100,1,0,0,0
129004,2026/03/21 00:00:00,0,771,123,16,236,0,83,78,75,65,78,1,100,0,0,0,0
129004,2026/03/22 00:00:00,0,924,91,8,63,0,84,82,68,65,82,0,100,0,0,0,0
129004,2026/03/23 00:00:00,0,2535,419,316,3116,0,56,53,38,54,53,14,100,1,1,0,0
129004,2026/03/24 00:00:00,0,2839,472,252,3130,0,72,70,66,65,68,6,100,1,0,0,0
129004,2026/03/25 00:00:00,0,2882,471,252,3682,0,69,67,63,63,65,7,100,0,0,0,0
129004,2026/03/26 00:00:00,0,2881,429,410,3674,0,55,50,37,52,52,16,100,1,0,0,0
129004,2026/03/27 00:00:00,0,2595,442,234,3764,0,66,64,58,62,63,8,100,1,1,0,0
129004,2026/03/28 00:00:00,0,985,148,34,461,0,81,77,68,66,75,1,100,0,0,0,0
129004,2026/03/29 00:00:00,0,882,102,24,190,0,82,81,74,70,79,0,100,1,0,0,0
129004,2026/03/30 00:00:00,0,2767,461,451,3353,0,51,46,38,50,49,18,100,1,0,0,0
129004,2026/03/31 00:00:00,0,2936,439,332,3472,0,62,62,51,59,60,12,100,1,0,0,0
129005,2026/03/01 00:00:00,0,896,218,15,141,0,67,68,52,54,65,1,100,1,1,0,0
129005,2026/03/02 00:00:00,0,2321,633,385,3299,0,56,54,39,46,49,10,100,1,2,0,0
129005,2026/03/03 00:00:00,0,2518,665,339,3301,0,58,56,46,50,53,9,100,1,3,0,0
129005,2026/03/04 00:00:00,0,2528,639,391,3264,0,56,54,41,48,50,10,100,1,2,0,0
129005,2026/03/05 00:00:00,0,2378,615,308,3046,0,59,58,49,50,54,8,100,1,3,0,0
129005,2026/03/06 00:00:00,0,2066,606,267,3072,0,59,58,48,52,54,7,100,1,5,0,0
129005,2026/03/07 00:00:00,0,905,220,40,290,0,66,66,54,52,62,1,100,1,0,0,0
129005,2026/03/08 00:00:00,0,660,162,15,114,0,64,69,56,54,63,0,100,1,1,0,0
129005,2026/03/09 00:00:00,0,2240,586,270,2983,0,60,59,48,51,54,8,100,1,1,0,0
129005,2026/03/10 00:00:00,0,2148,537,276,3067,0,60,58,49,51,55,7,100,1,0,0,0
129005,2026/03/11 00:00:00,0,2116,537,218,2945,0,60,58,49,51,54,7,100,0,0,0,0
129005,2026/03/12 00:00:00,0,2155,584,254,2597,0,61,60,51,51,55,6,100,1,2,0,0
129005,2026/03/13 00:00:00,0,2233,546,185,2380,0,62,60,49,51,55,6,100,1,0,0,0
129005,2026/03/14 00:00:00,0,980,229,22,269,0,66,67,56,52,63,1,100,0,0,0,0
129005,2026/03/15 00:00:00,0,869,198,15,133,0,67,67,57,52,64,1,100,1,1,0,0
129005,2026/03/16 00:00:00,0,2366,599,244,2960,0,60,59,50,51,55,7,100,1,1,0,0
129005,2026/03/17 00:00:00,0,2458,606,271,3085,0,61,60,51,53,56,7,100,1,2,0,0
129005,2026/03/18 00:00:00,0,2351,647,284,3099,0,61,60,51,53,56,7,100,1,4,0,0
129005,2026/03/19 00:00:00,0,2475,673,284,3292,0,60,58,51,53,55,7,100,1,6,0,0
129005,2026/03/20 00:00:00,0,2132,578,264,3167,0,61,61,50,53,55,7,100,1,7,0,0
129005,2026/03/21 00:00:00,0,578,189,20,192,0,66,68,50,54,62,1,100,1,0,0,0
129005,2026/03/22 00:00:00,0,770,168,8,107,0,67,69,62,54,65,0,100,1,1,0,0
129005,2026/03/23 00:00:00,0,2287,617,283,3241,0,59,56,43,49,52,8,100,1,4,0,0
129005,2026/03/24 00:00:00,0,2528,652,328,3074,0,55,55,40,48,50,9,100,1,6,0,0
129005,2026/03/25 00:00:00,0,2467,636,286,3405,0,57,55,45,49,51,9,100,1,1,0,0
129005,2026/03/26 00:00:00,0,2547,563,322,3403,0,54,54,38,47,49,11,100,1,0,0,0
129005,2026/03/27 00:00:00,0,2318,590,274,3478,0,56,55,46,50,52,9,100,1,4,0,0
129005,2026/03/28 00:00:00,0,954,249,49,389,0,66,64,51,53,61,1,100,1,1,0,0
129005,2026/03/29 00:00:00,0,805,204,21,200,0,66,69,55,55,64,1,100,1,1,0,0
129005,2026/03/30 00:00:00,0,2479,607,342,3230,0,58,58,43,49,52,9,100,1,1,0,0
129005,2026/03/31 00:00:00,0,2570,607,295,3348,0,59,59,46,50,54,8,100,1,4,0,0
129006,2026/03/01 00:00:00,0,797,69,4,12,0,83,83,71,69,82,0,100,0,0,0,0
129006,2026/03/02 00:00:00,0,3798,517,399,2608,0,69,68,65,63,66,6,100,0,0,0,0
129006,2026/03/03 00:00:00,0,3816,528,403,2838,0,70,70,66,65,68,6,100,0,0,0,0
129006,2026/03/04 00:00:00,0,3809,544,383,2892,0,64,64,62,63,63,9,100,0,0,0,0
129006,2026/03/05 00:00:00,0,4099,545,412,2916,0,69,69,66,64,67,6,100,0,0,0,0
129006,2026/03/06 00:00:00,0,3666,497,399,2568,0,72,71,67,65,69,5,100,0,0,0,0
129006,2026/03/07 00:00:00,0,1344,219,46,273,0,82,77,71,65,78,1,100,0,0,0,0
129006,2026/03/08 00:00:00,0,1090,109,19,60,0,83,81,73,68,82,0,100,0,0,0,0
129006,2026/03/09 00:00:00,0,3945,585,411,2533,0,71,69,66,65,68,6,100,0,0,0,0
129006,2026/03/10 00:00:00,0,3227,387,298,2249,0,70,70,66,65,68,5,100,0,0,0,0
129006,2026/03/11 00:00:00,0,2785,345,238,1888,0,72,71,66,65,69,4,100,0,0,0,0
129006,2026/03/12 00:00:00,0,2671,348,234,1645,0,72,71,67,65,69,4,100,0,0,0,0
129006,2026/03/13 00:00:00,0,2679,319,194,1625,0,73,70,65,64,69,4,100,0,0,0,0
129006,2026/03/14 00:00:00,0,1010,115,30,135,0,83,82,71,64,80,1,100,0,0,0,0
129006,2026/03/15 00:00:00,0,890,72,7,18,0,84,84,72,66,83,0,100,0,0,0,0
129006,2026/03/16 00:00:00,0,2837,349,235,2078,0,72,71,67,65,69,5,100,0,0,0,0
129006,2026/03/17 00:00:00,0,2957,345,234,2383,0,72,72,68,66,69,5,100,0,0,0,0
129006,2026/03/18 00:00:00,0,2749,312,239,2329,0,73,72,67,66,69,4,100,0,0,0,0
129006,2026/03/19 00:00:00,0,2807,354,239,2295,0,73,72,67,66,70,4,100,0,0,0,0
129006,2026/03/20 00:00:00,0,2584,324,211,2031,0,75,74,68,67,71,4,100,0,0,0,0
129006,2026/03/21 00:00:00,0,978,112,11,155,0,84,81,75,69,81,0,100,0,0,0,0
129006,2026/03/22 00:00:00,0,896,69,4,14,0,85,83,72,70,84,0,100,0,0,0,0
129006,2026/03/23 00:00:00,0,3739,499,318,2579,0,71,70,67,65,68,6,100,0,0,0,0
129006,2026/03/24 00:00:00,0,4367,599,351,2998,0,69,68,66,64,67,7,100,1,0,0,0
129006,2026/03/25 00:00:00,0,4412,546,329,3086,0,69,68,65,63,66,7,100,0,0,0,0
129006,2026/03/26 00:00:00,0,4327,526,351,2996,0,69,68,65,64,67,7,100,0,0,0,0
129006,2026/03/27 00:00:00,0,4217,576,352,2901,0,70,68,64,64,67,6,100,0,0,0,0
129006,2026/03/28 00:00:00,0,1502,223,34,414,0,80,77,75,65,77,1,100,0,0,0,0
129006,2026/03/29 00:00:00,0,1147,94,30,107,0,83,80,70,69,81,0,100,1,0,0,0
129006,2026/03/30 00:00:00,0,3862,493,358,2761,0,70,68,64,64,67,6,100,0,0,0,0
129006,2026/03/31 00:00:00,0,3948,478,395,2921,0,71,70,66,65,68,6,100,1,0,0,0
129007,2026/03/01 00:00:00,0,3785,287,65,224,0,96,95,87,83,95,0,100,0,0,0,0
129007,2026/03/02 00:00:00,0,6977,1270,563,4689,0,86,84,72,71,79,5,100,1,0,0,0
129007,2026/03/03 00:00:00,0,8354,1532,681,5448,0,84,82,72,71,78,6,100,1,0,0,0
129007,2026/03/04 00:00:00,0,7744,1528,600,5326,0,85,83,74,71,79,6,100,1,0,0,0
129007,2026/03/05 00:00:00,0,8011,1527,699,5281,0,89,87,75,73,82,5,100,1,0,0,0
129007,2026/03/06 00:00:00,0,8179,1481,653,4916,0,87,85,74,73,81,6,100,1,0,0,0
129007,2026/03/07 00:00:00,0,3575,453,117,517,0,95,93,86,81,93,0,100,0,0,0,0
129007,2026/03/08 00:00:00,0,4035,356,85,239,0,96,94,88,83,95,0,100,0,0,0,0
129007,2026/03/09 00:00:00,0,7814,1357,603,4758,0,89,86,76,74,83,5,100,1,0,0,0
129007,2026/03/10 00:00:00,0,8066,1500,635,5010,0,90,88,76,74,83,5,100,1,0,0,0
129007,2026/03/11 00:00:00,0,8093,1444,598,5305,0,92,90,78,75,85,5,100,0,0,0,0
129007,2026/03/12 00:00:00,0,8214,1560,645,5233,0,93,91,79,76,86,5,100,0,0,0,0
129007,2026/03/13 00:00:00,0,7876,1469,545,4626,0,94,91,79,76,87,4,100,0,0,0,0
129007,2026/03/14 00:00:00,0,3968,476,114,526,0,95,93,86,81,93,1,100,0,0,0,0
129007,2026/03/15 00:00:00,0,4465,368,90,241,0,96,95,88,83,95,1,100,0,0,0,0
129007,2026/03/16 00:00:00,0,7591,1414,594,4784,0,92,89,76,75,85,5,100,0,0,0,0
129007,2026/03/17 00:00:00,0,7981,1441,542,4705,0,94,91,78,76,87,4,100,0,0,0,0
129007,2026/03/18 00:00:00,0,8488,1682,622,5792,0,93,90,77,74,85,5,100,0,0,0,0
129007,2026/03/19 00:00:00,0,8416,1594,618,5370,0,94,91,79,76,87,5,100,0,0,0,0
129007,2026/03/20 00:00:00,0,8402,1453,544,5022,0,92,90,78,75,85,5,100,0,0,0,0
129007,2026/03/21 00:00:00,0,1770,258,66,338,0,95,93,86,80,92,0,100,1,0,0,0
129007,2026/03/22 00:00:00,0,4667,432,92,272,0,95,93,87,82,94,1,100,1,0,0,0
129007,2026/03/23 00:00:00,0,7933,1401,630,5230,0,85,82,73,71,79,6,100,1,0,0,0
129007,2026/03/24 00:00:00,0,7804,1425,621,5321,0,90,87,76,74,82,5,100,1,0,0,0
129007,2026/03/25 00:00:00,0,7635,1458,674,5162,0,89,87,75,74,82,5,100,1,0,0,0
129007,2026/03/26 00:00:00,0,8732,1592,730,5634,0,83,80,67,68,76,6,100,1,0,0,0
129007,2026/03/27 00:00:00,0,8479,1553,664,5166,0,90,87,77,74,84,5,100,1,0,0,0
129007,2026/03/28 00:00:00,0,4272,511,146,582,0,94,92,86,80,92,1,100,0,0,0,0
129007,2026/03/29 00:00:00,0,3861,324,70,226,0,96,94,88,81,95,0,100,1,0,0,0
129007,2026/03/30 00:00:00,0,8319,1444,628,5492,0,83,80,71,70,77,6,100,0,0,0,0
129007,2026/03/31 00:00:00,0,8641,1579,747,5673,0,85,84,73,71,79,6,100,0,0,0,0
129008,2026/03/01 00:00:00,0,3761,302,69,226,0,95,94,88,82,94,0,100,0,0,0,0
129008,2026/03/02 00:00:00,0,6811,1406,497,4831,0,94,91,80,77,86,4,100,0,0,0,0
129008,2026/03/03 00:00:00,0,8129,1723,726,5465,0,80,78,59,66,73,11,100,1,0,0,0
129008,2026/03/04 00:00:00,0,7543,1711,601,5408,0,86,83,67,71,79,9,100,1,0,0,0
129008,2026/03/05 00:00:00,0,7861,1700,656,5398,0,91,88,73,74,83,6,100,1,0,0,0
129008,2026/03/06 00:00:00,0,7948,1673,658,4982,0,84,82,66,71,78,8,100,1,0,0,0
129008,2026/03/07 00:00:00,0,3558,470,115,523,0,96,95,87,82,94,0,100,0,0,0,0
129008,2026/03/08 00:00:00,0,4016,372,82,242,0,97,95,89,83,96,0,100,0,0,0,0
129008,2026/03/09 00:00:00,0,7674,1493,570,4845,0,94,90,77,76,86,5,100,0,0,0,0
129008,2026/03/10 00:00:00,0,7937,1616,579,5115,0,92,90,79,77,86,5,100,0,0,0,0
129008,2026/03/11 00:00:00,0,7908,1606,577,5407,0,93,91,80,76,86,5,100,0,0,0,0
129008,2026/03/12 00:00:00,0,8032,1704,662,5307,0,90,86,72,72,82,7,100,1,0,0,0
129008,2026/03/13 00:00:00,0,7696,1620,502,4725,0,94,91,80,76,86,5,100,1,0,0,0
129008,2026/03/14 00:00:00,0,3931,509,117,533,0,94,92,86,79,92,1,100,0,0,0,0
129008,2026/03/15 00:00:00,0,4410,406,97,244,0,96,95,88,83,95,0,100,0,0,0,0
129008,2026/03/16 00:00:00,0,7413,1566,549,4909,0,93,90,79,76,86,5,100,0,0,0,0
129008,2026/03/17 00:00:00,0,7815,1586,548,4757,0,91,88,69,72,83,6,100,1,0,0,0
129008,2026/03/18 00:00:00,0,8320,1832,612,5884,0,94,91,79,76,86,5,100,1,0,0,0
129008,2026/03/19 00:00:00,0,8250,1754,576,5487,0,94,91,79,76,86,5,100,1,0,0,0
129008,2026/03/20 00:00:00,0,8252,1599,532,5093,0,94,91,80,77,87,5,100,1,0,0,0
129008,2026/03/21 00:00:00,0,1765,272,66,343,0,95,92,84,80,92,0,100,1,0,0,0
129008,2026/03/22 00:00:00,0,4644,463,95,271,0,95,93,88,82,94,1,100,1,0,0,0
129008,2026/03/23 00:00:00,0,7721,1596,687,5258,0,81,77,57,64,72,11,100,1,0,0,0
129008,2026/03/24 00:00:00,0,7630,1586,564,5449,0,94,91,81,77,87,5,100,1,0,0,0
129008,2026/03/25 00:00:00,0,7460,1595,629,5296,0,92,89,79,75,84,5,100,0,0,0,0
129008,2026/03/26 00:00:00,0,8472,1814,766,5691,0,78,74,52,60,69,12,100,1,0,0,0
129008,2026/03/27 00:00:00,0,8270,1720,628,5276,0,90,87,74,73,82,6,100,1,0,0,0
129008,2026/03/28 00:00:00,0,4245,535,152,583,0,94,92,86,79,92,1,100,0,0,0,0
129008,2026/03/29 00:00:00,0,3847,331,74,225,0,95,93,87,81,94,0,100,1,0,0,0
129008,2026/03/30 00:00:00,0,8078,1661,699,5475,0,77,71,48,59,68,12,100,1,0,0,0
129008,2026/03/31 00:00:00,0,8362,1824,758,5752,0,87,84,66,69,78,8,100,1,0,0,0
129009,2026/03/01 00:00:00,0,2279,266,49,164,0,95,93,83,78,93,0,100,1,0,0,0
129009,2026/03/02 00:00:00,0,6978,1434,492,4781,0,89,88,76,73,82,5,100,0,0,0,0
129009,2026/03/03 00:00:00,0,7114,1476,534,4850,0,92,89,78,74,84,5,100,0,0,0,0
129009,2026/03/04 00:00:00,0,6406,1418,527,4548,0,84,84,70,71,78,7,100,1,1,0,0
129009,2026/03/05 00:00:00,0,7341,1460,576,4335,0,91,89,77,74,84,5,100,1,0,0,0
129009,2026/03/06 00:00:00,0,7582,1396,493,3928,0,93,91,80,75,86,4,100,1,0,0,0
129009,2026/03/07 00:00:00,0,3728,471,115,444,0,96,93,85,76,93,0,100,1,0,0,0
129009,2026/03/08 00:00:00,0,3067,369,74,194,0,96,94,87,77,95,0,100,0,0,0,0
129009,2026/03/09 00:00:00,0,6678,1365,544,4705,0,91,90,78,74,84,5,100,1,0,0,0
129009,2026/03/10 00:00:00,0,7658,1584,609,5054,0,91,88,77,73,83,5,100,1,0,0,0
129009,2026/03/11 00:00:00,0,7619,1525,562,4981,0,91,89,77,73,83,5,100,0,0,0,0
129009,2026/03/12 00:00:00,0,7623,1531,591,4526,0,93,90,77,74,85,5,100,1,0,0,0
129009,2026/03/13 00:00:00,0,9080,1659,574,4367,0,88,86,76,72,82,5,100,1,0,0,0
129009,2026/03/14 00:00:00,0,3200,426,105,422,0,95,92,86,74,92,0,100,1,0,0,0
129009,2026/03/15 00:00:00,0,2629,311,79,201,0,95,93,82,75,93,0,100,1,0,0,0
129009,2026/03/16 00:00:00,0,6345,1383,472,4713,0,93,90,78,74,84,5,100,0,0,0,0
129009,2026/03/17 00:00:00,0,6503,1324,489,4458,0,92,90,78,74,84,5,100,1,0,0,0
129009,2026/03/18 00:00:00,0,7020,1433,512,4787,0,93,91,77,74,85,5,100,0,0,0,0
129009,2026/03/19 00:00:00,0,8822,1813,628,5321,0,91,89,78,74,84,6,100,1,0,0,0
129009,2026/03/20 00:00:00,0,8264,1442,507,4194,0,93,91,80,75,86,4,100,1,0,0,0
129009,2026/03/21 00:00:00,0,1460,213,56,222,0,96,92,83,75,93,0,100,0,0,0,0
129009,2026/03/22 00:00:00,0,3082,395,83,236,0,96,94,88,77,94,0,100,1,0,0,0
129009,2026/03/23 00:00:00,0,6560,1364,536,4836,0,93,90,79,75,84,5,100,1,0,0,0
129009,2026/03/24 00:00:00,0,7252,1387,527,4975,0,91,88,77,73,83,5,100,1,0,0,0
129009,2026/03/25 00:00:00,0,7680,1568,594,5355,0,90,88,77,73,82,5,100,1,0,0,0
129009,2026/03/26 00:00:00,0,8156,1569,619,5024,0,90,88,77,72,82,5,100,1,0,0,0
129009,2026/03/27 00:00:00,0,8212,1539,601,4467,0,90,88,77,73,84,5,100,0,0,0,0
129009,2026/03/28 00:00:00,0,3801,507,146,467,0,95,92,83,75,92,0,100,1,0,0,0
129009,2026/03/29 00:00:00,0,3071,334,76,225,0,95,93,85,77,93,0,100,1,0,0,0
129009,2026/03/30 00:00:00,0,6702,1456,500,5018,0,91,88,77,73,82,5,100,1,0,0,0
129009,2026/03/31 00:00:00,0,7386,1520,557,4823,0,92,89,78,74,84,5,100,1,0,0,0
129010,2026/03/01 00:00:00,0,997,82,10,49,0,83,82,69,67,82,0,100,1,0,0,0
129010,2026/03/02 00:00:00,0,3487,486,582,2903,0,56,48,30,46,49,13,100,1,1,0,0
129010,2026/03/03 00:00:00,0,3885,524,510,3201,0,58,53,44,55,55,9,100,1,1,0,0
129010,2026/03/04 00:00:00,0,3802,575,423,3219,0,58,60,47,59,56,7,100,1,3,0,0
129010,2026/03/05 00:00:00,0,3944,595,454,3355,0,61,59,50,61,59,6,100,1,2,1,0
129010,2026/03/06 00:00:00,0,3776,557,431,2936,0,67,64,61,63,64,5,100,1,0,0,0
129010,2026/03/07 00:00:00,0,1384,196,59,336,0,82,79,72,66,78,0,100,0,0,0,0
129010,2026/03/08 00:00:00,0,1117,103,17,49,0,81,80,74,69,80,0,100,0,0,0,0
129010,2026/03/09 00:00:00,0,3815,636,453,3013,0,62,57,52,59,59,7,100,1,1,0,0
129010,2026/03/10 00:00:00,0,4104,572,382,2818,0,69,69,62,65,67,4,100,1,1,0,0
129010,2026/03/11 00:00:00,0,3764,493,312,2622,0,77,75,68,67,72,3,100,1,1,0,0
129010,2026/03/12 00:00:00,0,3717,527,309,2438,0,78,76,69,68,74,3,100,1,1,0,0
129010,2026/03/13 00:00:00,0,3600,447,218,2112,0,79,76,69,67,74,2,100,1,0,0,0
129010,2026/03/14 00:00:00,0,1221,154,31,170,0,83,81,75,69,81,0,100,0,0,0,0
129010,2026/03/15 00:00:00,0,1110,84,8,39,0,84,83,69,69,83,0,100,0,0,0,0
129010,2026/03/16 00:00:00,0,3888,517,293,2923,0,77,75,65,66,72,3,100,1,0,0,0
129010,2026/03/17 00:00:00,0,4063,515,302,3049,0,77,74,67,68,72,3,100,1,0,0,0
129010,2026/03/18 00:00:00,0,3862,500,331,3082,0,78,74,67,67,73,3,100,0,0,0,0
129010,2026/03/19 00:00:00,0,3838,485,324,3002,0,79,75,69,68,73,3,100,1,0,0,0
129010,2026/03/20 00:00:00,0,3338,454,287,2644,0,78,74,67,67,73,3,100,1,0,0,0
129010,2026/03/21 00:00:00,0,1239,137,23,174,0,83,80,76,68,80,0,100,1,0,0,0
129010,2026/03/22 00:00:00,0,1099,92,12,51,0,83,79,74,67,82,0,100,0,0,0,0
129010,2026/03/23 00:00:00,0,4091,559,426,3182,0,67,60,46,57,61,7,100,1,0,0,0
129010,2026/03/24 00:00:00,0,4236,622,462,3397,0,65,58,46,59,60,7,100,1,1,0,0
129010,2026/03/25 00:00:00,0,4437,578,400,3458,0,65,62,49,60,62,7,100,1,0,0,0
129010,2026/03/26 00:00:00,0,4097,610,437,3258,0,58,55,47,57,56,8,100,1,0,0,0
129010,2026/03/27 00:00:00,0,4087,570,411,3196,0,62,59,51,61,60,7,100,1,0,0,0
129010,2026/03/28 00:00:00,0,1546,210,45,397,0,81,78,72,67,76,0,100,1,0,0,0
129010,2026/03/29 00:00:00,0,1250,106,40,111,0,82,81,68,70,80,0,100,1,0,0,0
129010,2026/03/30 00:00:00,0,4006,608,449,3252,0,61,58,47,56,57,7,100,1,1,0,0
129010,2026/03/31 00:00:00,0,4074,602,506,3354,0,64,60,49,57,59,7,100,1,2,0,0
129101,2026/03/01 00:00:00,0,3033,299,55,150,0,101,100,91,86,100,0,100,0,0,0,0
129101,2026/03/02 00:00:00,0,9976,1592,675,5627,0,92,91,84,83,88,6,100,1,0,0,0
129101,2026/03/03 00:00:00,0,10028,1656,704,5857,0,95,94,86,84,90,5,100,1,0,0,0
129101,2026/03/04 00:00:00,0,9474,1619,660,5628,0,97,95,86,84,92,5,100,1,0,0,0
129101,2026/03/05 00:00:00,0,10672,1654,760,5545,0,93,92,85,83,89,6,100,1,0,0,0
129101,2026/03/06 00:00:00,0,10541,1615,705,4801,0,97,96,86,84,93,5,100,1,0,0,0
129101,2026/03/07 00:00:00,0,4820,619,151,564,0,101,100,92,85,99,1,100,0,0,0,0
129101,2026/03/08 00:00:00,0,3992,426,95,204,0,101,100,92,87,100,0,100,0,0,0,0
129101,2026/03/09 00:00:00,0,9899,1629,712,5472,0,93,92,85,83,89,6,100,1,0,0,0
129101,2026/03/10 00:00:00,0,10322,1658,744,5648,0,88,88,82,81,85,7,100,1,0,0,0
129101,2026/03/11 00:00:00,0,9972,1674,670,5400,0,92,91,83,82,88,6,100,1,0,0,0
129101,2026/03/12 00:00:00,0,9941,1697,679,4738,0,96,94,86,83,92,5,100,0,0,0,0
129101,2026/03/13 00:00:00,0,11455,1726,652,4603,0,88,88,80,79,85,6,100,1,0,0,0
129101,2026/03/14 00:00:00,0,4058,507,129,466,0,101,99,92,85,99,0,100,0,0,0,0
129101,2026/03/15 00:00:00,0,3440,351,73,186,0,101,100,91,85,99,0,100,1,0,0,0
129101,2026/03/16 00:00:00,0,8788,1485,622,5252,0,96,94,85,83,91,5,100,1,0,0,0
129101,2026/03/17 00:00:00,0,8989,1470,613,5350,0,94,93,84,83,89,5,100,1,0,0,0
129101,2026/03/18 00:00:00,0,9436,1511,647,5604,0,97,95,86,84,92,5,100,1,0,0,0
129101,2026/03/19 00:00:00,0,11266,1897,771,6108,0,92,89,84,82,88,7,100,1,0,0,0
129101,2026/03/20 00:00:00,0,10530,1609,618,4857,0,97,96,86,84,93,5,100,1,0,0,0
129101,2026/03/21 00:00:00,0,2361,288,58,322,0,102,100,91,85,100,0,100,0,0,0,0
129101,2026/03/22 00:00:00,0,3894,418,84,223,0,102,101,95,86,100,0,100,0,0,0,0
129101,2026/03/23 00:00:00,0,9757,1620,687,5744,0,96,95,86,84,91,5,100,1,0,0,0
129101,2026/03/24 00:00:00,0,11102,1709,719,6138,0,91,90,83,82,87,6,100,1,0,0,0
129101,2026/03/25 00:00:00,0,11625,1854,777,6690,0,93,92,84,82,88,6,100,1,0,0,0
129101,2026/03/26 00:00:00,0,12024,1841,800,6210,0,92,91,85,82,89,6,100,0,0,0,0
129101,2026/03/27 00:00:00,0,11955,1815,771,5684,0,93,92,85,82,89,6,100,1,0,0,0
129101,2026/03/28 00:00:00,0,5163,674,179,755,0,101,99,92,85,98,1,100,1,0,0,0
129101,2026/03/29 00:00:00,0,4107,395,102,306,0,100,99,92,85,99,0,100,1,0,0,0
129101,2026/03/30 00:00:00,0,10026,1734,698,5855,0,94,92,84,82,89,6,100,1,0,0,0
129101,2026/03/31 00:00:00,0,10761,1786,775,5913,0,94,93,85,84,90,6,100,1,0,0,0
129102,2026/03/01 00:00:00,0,4636,382,71,254,0,97,97,89,84,96,0,100,1,0,0,0
129102,2026/03/02 00:00:00,0,8720,1364,743,5653,0,68,72,49,63,64,13,100,1,0,0,0
129102,2026/03/03 00:00:00,0,10649,1707,845,6349,0,65,65,48,62,62,15,100,1,0,0,0
129102,2026/03/04 00:00:00,0,10485,1747,709,6076,0,70,72,60,68,69,12,100,1,1,0,1
129102,2026/03/05 00:00:00,0,11164,1806,745,6658,0,75,74,65,70,72,11,100,1,0,0,0
129102,2026/03/06 00:00:00,0,10971,1771,799,5847,0,83,79,70,74,78,9,100,1,0,0,0
129102,2026/03/07 00:00:00,0,4651,624,149,625,0,96,94,88,82,94,1,100,1,0,0,0
129102,2026/03/08 00:00:00,0,4846,494,98,246,0,97,96,90,84,96,1,100,0,0,0,0
129102,2026/03/09 00:00:00,0,10278,1550,768,5847,0,67,67,58,68,66,13,100,1,0,0,0
129102,2026/03/10 00:00:00,0,11401,1791,719,6359,0,85,84,77,77,82,7,100,0,0,0,0
129102,2026/03/11 00:00:00,0,11284,1797,703,6575,0,89,88,78,77,84,7,100,0,0,0,0
129102,2026/03/12 00:00:00,0,11353,1959,737,6301,0,92,91,82,80,87,6,100,1,0,0,0
129102,2026/03/13 00:00:00,0,10972,1758,604,5328,0,92,91,82,79,88,5,100,0,0,0,0
129102,2026/03/14 00:00:00,0,4956,616,141,611,0,95,93,89,82,93,1,100,0,0,0,0
129102,2026/03/15 00:00:00,0,5324,515,98,249,0,97,97,90,85,97,1,100,0,0,0,0
129102,2026/03/16 00:00:00,0,10863,1769,675,6351,0,90,88,79,78,85,6,100,1,0,0,0
129102,2026/03/17 00:00:00,0,11351,1849,666,6373,0,92,90,75,77,86,7,100,1,0,0,0
129102,2026/03/18 00:00:00,0,11690,1999,764,7351,0,91,88,77,75,84,7,100,1,0,0,0
129102,2026/03/19 00:00:00,0,11629,1896,691,6896,0,92,90,80,79,87,6,100,0,0,0,0
129102,2026/03/20 00:00:00,0,11194,1763,679,6201,0,90,88,74,75,84,7,100,1,0,0,0
129102,2026/03/21 00:00:00,0,2832,389,74,430,0,95,94,88,82,93,0,100,0,0,0,0
129102,2026/03/22 00:00:00,0,5547,561,106,294,0,97,94,89,83,96,1,100,0,0,0,0
129102,2026/03/23 00:00:00,0,10536,1611,797,6557,0,66,67,48,59,62,15,100,1,0,0,0
129102,2026/03/24 00:00:00,0,10737,1691,782,6866,0,75,75,62,70,72,12,100,1,0,0,0
129102,2026/03/25 00:00:00,0,11009,1695,746,6351,0,75,74,63,69,72,11,100,1,0,0,3
129102,2026/03/26 00:00:00,0,11774,1887,858,6876,0,60,61,49,56,58,16,100,1,0,0,1
129102,2026/03/27 00:00:00,0,11715,1861,775,6468,0,78,79,69,73,76,10,100,1,0,0,0
129102,2026/03/28 00:00:00,0,5585,688,174,799,0,95,94,89,82,93,1,100,0,0,0,0
129102,2026/03/29 00:00:00,0,4892,432,98,307,0,97,96,89,83,96,1,100,1,0,0,0
129102,2026/03/30 00:00:00,0,11178,1730,849,6675,0,61,61,40,52,56,17,100,1,0,0,0
129102,2026/03/31 00:00:00,0,11942,1935,882,7213,0,71,71,62,67,68,12,100,0,0,0,0
129103,2026/03/01 00:00:00,0,240,47,9,141,0,71,66,58,53,64,0,100,0,0,0,0
129103,2026/03/02 00:00:00,0,1143,275,102,1602,0,61,60,54,52,56,4,100,0,0,0,0
129103,2026/03/03 00:00:00,0,1044,247,111,1626,0,62,60,55,53,56,4,100,0,0,0,0
129103,2026/03/04 00:00:00,0,1073,247,101,1580,0,64,62,57,54,58,4,100,0,0,0,0
129103,2026/03/05 00:00:00,0,1046,240,97,1610,0,64,62,56,54,58,4,100,0,0,0,0
129103,2026/03/06 00:00:00,0,967,238,76,1386,0,66,63,59,54,59,3,100,0,0,0,0
129103,2026/03/07 00:00:00,0,253,85,17,215,0,68,66,60,53,61,0,100,0,0,0,0
129103,2026/03/08 00:00:00,0,167,51,4,90,0,71,67,65,54,65,0,100,0,0,0,0
129103,2026/03/09 00:00:00,0,918,209,86,1507,0,62,60,52,53,56,4,100,0,0,0,0
129103,2026/03/10 00:00:00,0,1473,376,126,1509,0,64,62,57,54,59,4,100,1,0,0,0
129103,2026/03/11 00:00:00,0,1398,334,124,1526,0,64,62,57,53,58,4,100,0,0,0,0
129103,2026/03/12 00:00:00,0,1511,366,145,1482,0,66,63,58,54,60,4,100,0,0,0,0
129103,2026/03/13 00:00:00,0,1464,351,104,1461,0,65,63,56,53,59,4,100,0,0,0,0
129103,2026/03/14 00:00:00,0,477,167,23,291,0,66,64,58,53,61,1,100,0,0,0,0
129103,2026/03/15 00:00:00,0,391,96,7,81,0,69,67,57,53,66,0,100,0,0,0,0
129103,2026/03/16 00:00:00,0,1574,395,150,1652,0,63,62,57,54,58,5,100,1,0,0,0
129103,2026/03/17 00:00:00,0,1811,507,153,1692,0,66,64,59,55,60,5,100,0,0,0,0
129103,2026/03/18 00:00:00,0,1719,473,134,1871,0,64,63,58,54,59,5,100,0,0,0,0
129103,2026/03/19 00:00:00,0,1687,413,108,1613,0,65,63,59,54,60,4,100,0,0,0,0
129103,2026/03/20 00:00:00,0,1419,375,108,1570,0,65,63,58,54,59,4,100,0,0,0,0
129103,2026/03/21 00:00:00,0,522,189,16,320,0,68,64,56,53,62,1,100,0,0,0,0
129103,2026/03/22 00:00:00,0,344,86,13,84,0,69,66,60,54,65,0,100,0,0,0,0
129103,2026/03/23 00:00:00,0,1173,301,98,1565,0,63,62,56,52,57,4,100,0,0,0,0
129103,2026/03/24 00:00:00,0,836,241,67,1338,0,65,63,58,54,59,3,100,0,0,0,0
129103,2026/03/25 00:00:00,0,901,201,82,1341,0,64,61,57,53,58,3,100,0,0,0,0
129103,2026/03/26 00:00:00,0,939,213,94,1410,0,61,60,53,51,55,4,100,1,0,0,0
129103,2026/03/27 00:00:00,0,818,192,57,1370,0,63,61,55,53,57,3,100,0,0,0,0
129103,2026/03/28 00:00:00,0,210,70,10,209,0,68,62,62,52,60,0,100,0,0,0,0
129103,2026/03/29 00:00:00,0,203,73,7,60,0,68,65,59,52,64,0,100,1,0,0,0
129103,2026/03/30 00:00:00,0,1064,247,98,1496,0,60,58,53,52,55,4,100,0,0,0,0
129103,2026/03/31 00:00:00,0,868,215,84,1331,0,65,62,57,54,58,3,100,0,0,0,0
129104,2026/03/01 00:00:00,0,19,0,0,0,0,78,0,0,0,78,0,100,1,0,0,100
129104,2026/03/02 00:00:00,0,734,17,0,1773,0,62,58,0,57,58,5,100,1,0,0,100
129104,2026/03/03 00:00:00,0,734,17,0,1773,0,62,58,0,57,58,5,100,1,0,0,100
129104,2026/03/04 00:00:00,0,734,17,0,1773,0,62,58,0,57,58,5,100,1,0,0,100
129104,2026/03/05 00:00:00,0,734,17,0,1773,0,62,58,0,57,58,5,100,1,0,0,100
129104,2026/03/06 00:00:00,0,734,17,0,1773,0,62,58,0,57,58,5,100,1,0,0,100
129104,2026/03/07 00:00:00,0,34,0,0,0,0,78,0,0,0,78,0,100,1,0,0,100
129104,2026/03/08 00:00:00,0,19,0,0,0,0,78,0,0,0,78,0,100,1,0,0,100
129104,2026/03/09 00:00:00,0,734,17,0,1773,0,62,58,0,57,58,5,100,1,0,0,100
129104,2026/03/10 00:00:00,0,734,17,0,1773,0,62,58,0,57,58,5,100,1,0,0,100
129104,2026/03/11 00:00:00,0,734,17,0,1773,0,62,58,0,57,58,5,100,1,0,0,100
129104,2026/03/12 00:00:00,0,734,17,0,1773,0,62,58,0,57,58,5,100,1,0,0,100
129104,2026/03/13 00:00:00,0,734,17,0,1773,0,62,58,0,57,58,5,100,1,0,0,100
129104,2026/03/14 00:00:00,0,34,0,0,0,0,78,0,0,0,78,0,100,1,0,0,100
129104,2026/03/15 00:00:00,0,19,0,0,0,0,78,0,0,0,78,0,100,1,0,0,100
129104,2026/03/16 00:00:00,0,734,17,0,1773,0,62,58,0,57,58,5,100,1,0,0,100
129104,2026/03/17 00:00:00,0,734,17,0,1773,0,62,58,0,57,58,5,100,1,0,0,100
129104,2026/03/18 00:00:00,0,734,17,0,1773,0,62,58,0,57,58,5,100,1,0,0,100
129104,2026/03/19 00:00:00,0,734,17,0,1773,0,62,58,0,57,58,5,100,1,0,0,100
129104,2026/03/20 00:00:00,0,734,17,0,1773,0,62,58,0,57,58,5,100,1,0,0,100
129104,2026/03/21 00:00:00,0,34,0,0,0,0,78,0,0,0,78,0,100,1,0,0,100
129104,2026/03/22 00:00:00,0,19,0,0,0,0,78,0,0,0,78,0,100,1,0,0,100
129104,2026/03/23 00:00:00,0,734,17,0,1773,0,62,58,0,57,58,5,100,1,0,0,100
129104,2026/03/24 00:00:00,0,734,17,0,1773,0,62,58,0,57,58,5,100,1,0,0,100
129104,2026/03/25 00:00:00,0,734,17,0,1773,0,62,58,0,57,58,5,100,1,0,0,100
129104,2026/03/26 00:00:00,0,734,17,0,1773,0,62,58,0,57,58,5,100,1,0,0,100
129104,2026/03/27 00:00:00,0,734,17,0,1773,0,62,58,0,57,58,5,100,1,0,0,100
129104,2026/03/28 00:00:00,0,34,0,0,0,0,78,0,0,0,78,0,100,1,0,0,100
129104,2026/03/29 00:00:00,0,19,0,0,0,0,78,0,0,0,78,0,100,1,0,0,100
129104,2026/03/30 00:00:00,0,734,17,0,1773,0,62,58,0,57,58,5,100,1,0,0,100
129104,2026/03/31 00:00:00,0,734,17,0,1773,0,62,58,0,57,58,5,100,1,0,0,100
129105,2026/03/01 00:00:00,0,53,22,6,22,0,71,68,67,59,67,0,100,0,0,0,0
129105,2026/03/02 00:00:00,0,866,296,153,1877,0,68,66,60,58,61,4,100,0,0,0,0
129105,2026/03/03 00:00:00,0,942,303,147,1975,0,69,66,60,59,62,4,100,0,0,0,0
129105,2026/03/04 00:00:00,0,831,330,151,1921,0,70,66,60,59,62,4,100,0,0,0,0
129105,2026/03/05 00:00:00,0,839,285,182,1827,0,69,66,59,58,61,4,100,0,0,0,0
129105,2026/03/06 00:00:00,0,741,300,152,1803,0,71,66,61,59,62,3,100,0,0,0,0
129105,2026/03/07 00:00:00,0,235,85,15,154,0,72,67,65,58,66,0,100,0,0,0,0
129105,2026/03/08 00:00:00,0,153,57,5,45,0,72,69,66,58,68,0,100,0,0,0,0
129105,2026/03/09 00:00:00,0,766,309,152,1887,0,70,65,60,59,62,4,100,0,0,0,0
129105,2026/03/10 00:00:00,0,660,246,128,1719,0,70,64,60,58,61,3,100,0,0,0,0
129105,2026/03/11 00:00:00,0,487,178,93,1528,0,70,65,60,58,61,3,100,0,0,0,0
129105,2026/03/12 00:00:00,0,443,149,94,1503,0,70,65,60,58,61,3,100,0,0,0,0
129105,2026/03/13 00:00:00,0,427,179,86,1452,0,70,64,58,57,59,3,100,0,0,0,0
129105,2026/03/14 00:00:00,0,135,50,9,102,0,72,69,63,57,66,0,100,0,0,0,0
129105,2026/03/15 00:00:00,0,87,27,9,33,0,73,71,63,59,69,0,100,0,0,0,0
129105,2026/03/16 00:00:00,0,447,188,98,1600,0,68,63,59,58,60,3,100,0,0,0,0
129105,2026/03/17 00:00:00,0,524,151,102,1548,0,72,66,61,59,62,3,100,0,0,0,0
129105,2026/03/18 00:00:00,0,436,160,77,1562,0,72,66,61,59,62,3,100,0,0,0,0
129105,2026/03/19 00:00:00,0,481,194,83,1560,0,71,66,62,59,62,3,100,0,0,0,0
129105,2026/03/20 00:00:00,0,400,150,76,1408,0,72,67,61,59,62,2,100,0,0,0,0
129105,2026/03/21 00:00:00,0,80,35,5,62,0,76,69,61,62,69,0,100,0,0,0,0
129105,2026/03/22 00:00:00,0,75,43,3,27,0,75,69,60,62,70,0,100,0,0,0,0
129105,2026/03/23 00:00:00,0,577,229,117,1769,0,70,66,61,59,62,4,100,0,0,0,0
129105,2026/03/24 00:00:00,0,605,222,134,1885,0,68,65,58,58,60,4,100,0,0,0,0
129105,2026/03/25 00:00:00,0,533,220,126,1827,0,68,65,58,57,59,4,100,0,0,0,0
129105,2026/03/26 00:00:00,0,581,180,129,1878,0,68,64,58,56,59,4,100,0,0,0,0
129105,2026/03/27 00:00:00,0,540,237,154,1783,0,70,65,59,58,61,3,100,0,0,0,0
129105,2026/03/28 00:00:00,0,140,58,9,135,0,72,66,61,56,64,0,100,0,0,0,0
129105,2026/03/29 00:00:00,0,92,36,6,32,0,73,68,60,59,68,0,100,1,0,0,0
129105,2026/03/30 00:00:00,0,570,223,130,2004,0,68,63,58,57,59,4,100,0,0,0,0
129105,2026/03/31 00:00:00,0,613,204,133,1942,0,70,67,60,59,61,4,100,0,0,0,0
129106,2026/03/01 00:00:00,0,419,0,0,0,0,63,0,0,0,63,0,100,1,0,0,100
129106,2026/03/02 00:00:00,0,1691,14,0,1657,0,58,54,0,48,53,5,100,1,0,0,100
129106,2026/03/03 00:00:00,0,1691,14,0,1657,0,58,54,0,48,53,5,100,1,0,0,100
129106,2026/03/04 00:00:00,0,1691,14,0,1657,0,58,54,0,48,53,5,100,1,0,0,100
129106,2026/03/05 00:00:00,0,1691,14,0,1657,0,58,54,0,48,53,5,100,1,0,0,100
129106,2026/03/06 00:00:00,0,1691,14,0,1657,0,58,54,0,48,53,5,100,1,0,0,100
129106,2026/03/07 00:00:00,0,572,0,0,91,0,63,0,0,47,61,1,100,1,0,0,100
129106,2026/03/08 00:00:00,0,419,0,0,0,0,63,0,0,0,63,0,100,1,0,0,100
129106,2026/03/09 00:00:00,0,1691,14,0,1657,0,58,54,0,48,53,5,100,1,0,0,100
129106,2026/03/10 00:00:00,0,1691,14,0,1657,0,58,54,0,48,53,5,100,1,0,0,100
129106,2026/03/11 00:00:00,0,1691,14,0,1657,0,58,54,0,48,53,5,100,1,0,0,100
129106,2026/03/12 00:00:00,0,1691,14,0,1657,0,58,54,0,48,53,5,100,1,0,0,100
129106,2026/03/13 00:00:00,0,1691,14,0,1657,0,58,54,0,48,53,5,100,1,0,0,100
129106,2026/03/14 00:00:00,0,572,0,0,91,0,63,0,0,47,61,1,100,1,0,0,100
129106,2026/03/15 00:00:00,0,419,0,0,0,0,63,0,0,0,63,0,100,1,0,0,100
129106,2026/03/16 00:00:00,0,1691,14,0,1657,0,58,54,0,48,53,5,100,1,0,0,100
129106,2026/03/17 00:00:00,0,1691,14,0,1657,0,58,54,0,48,53,5,100,1,0,0,100
129106,2026/03/18 00:00:00,0,1691,14,0,1657,0,58,54,0,48,53,5,100,1,0,0,100
129106,2026/03/19 00:00:00,0,1691,14,0,1657,0,58,54,0,48,53,5,100,1,0,0,100
129106,2026/03/20 00:00:00,0,1691,14,0,1657,0,58,54,0,48,53,5,100,1,0,0,100
129106,2026/03/21 00:00:00,0,572,0,0,91,0,63,0,0,47,61,1,100,1,0,0,100
129106,2026/03/22 00:00:00,0,419,0,0,0,0,63,0,0,0,63,0,100,1,0,0,100
129106,2026/03/23 00:00:00,0,1691,14,0,1657,0,58,54,0,48,53,5,100,1,0,0,100
129106,2026/03/24 00:00:00,0,1691,14,0,1657,0,58,54,0,48,53,5,100,1,0,0,100
129106,2026/03/25 00:00:00,0,1691,14,0,1657,0,58,54,0,48,53,5,100,1,0,0,100
129106,2026/03/26 00:00:00,0,1691,14,0,1657,0,58,54,0,48,53,5,100,1,0,0,100
129106,2026/03/27 00:00:00,0,1691,14,0,1657,0,58,54,0,48,53,5,100,1,0,0,100
129106,2026/03/28 00:00:00,0,572,0,0,91,0,63,0,0,47,61,1,100,1,0,0,100
129106,2026/03/29 00:00:00,0,419,0,0,0,0,63,0,0,0,63,0,100,1,0,0,100
129106,2026/03/30 00:00:00,0,1691,14,0,1657,0,58,54,0,48,53,5,100,1,0,0,100
129106,2026/03/31 00:00:00,0,1691,14,0,1657,0,58,54,0,48,53,5,100,1,0,0,100
129503,2026/03/01 00:00:00,0,2270,284,36,23,0,70,71,68,59,70,1,100,0,0,0,0
129503,2026/03/02 00:00:00,0,3554,581,151,165,0,76,77,69,65,75,2,100,1,0,0,0
129503,2026/03/03 00:00:00,0,3545,676,146,153,0,76,77,71,65,76,2,100,0,0,0,0
129503,2026/03/04 00:00:00,0,3812,635,137,142,0,77,77,72,67,76,2,100,0,0,0,0
129503,2026/03/05 00:00:00,0,3458,595,128,170,0,75,76,72,64,74,3,100,0,0,0,0
129503,2026/03/06 00:00:00,0,3750,621,142,155,0,75,76,71,64,75,2,100,1,0,0,0
129503,2026/03/07 00:00:00,0,2911,447,86,54,0,73,74,69,64,73,1,100,0,0,0,0
129503,2026/03/08 00:00:00,0,2473,316,39,27,0,73,74,66,65,73,1,100,1,0,0,0
129503,2026/03/09 00:00:00,0,2874,496,96,99,0,77,78,71,65,76,1,100,0,0,0,0
129503,2026/03/10 00:00:00,0,2973,551,107,100,0,76,78,70,66,76,1,100,0,0,0,0
129503,2026/03/11 00:00:00,0,3002,528,108,92,0,76,78,70,65,76,1,100,0,0,0,0
129503,2026/03/12 00:00:00,0,3065,542,93,58,0,78,77,71,65,78,1,100,1,0,0,0
129503,2026/03/13 00:00:00,0,3254,607,104,101,0,77,77,71,66,76,1,100,0,0,0,0
129503,2026/03/14 00:00:00,0,2694,406,52,50,0,76,77,70,62,75,1,100,0,0,0,0
129503,2026/03/15 00:00:00,0,2356,330,27,24,0,77,78,70,61,77,1,100,0,0,0,0
129503,2026/03/16 00:00:00,0,2908,511,94,99,0,76,76,70,65,76,2,100,0,0,0,0
129503,2026/03/17 00:00:00,0,3282,587,105,81,0,78,78,74,67,77,2,100,0,0,0,0
129503,2026/03/18 00:00:00,0,3159,594,107,98,0,77,77,70,63,76,2,100,0,0,0,0
129503,2026/03/19 00:00:00,0,2988,526,92,120,0,77,77,71,64,76,2,100,0,0,0,0
129503,2026/03/20 00:00:00,0,3089,476,107,104,0,78,78,71,66,77,1,100,0,0,0,0
129503,2026/03/21 00:00:00,0,2564,414,77,48,0,78,79,76,63,78,1,100,0,0,0,0
129503,2026/03/22 00:00:00,0,2386,356,47,25,0,79,79,72,63,78,1,100,0,0,0,0
129503,2026/03/23 00:00:00,0,2781,513,85,114,0,77,77,71,65,76,2,100,0,0,0,0
129503,2026/03/24 00:00:00,0,3040,544,110,108,0,78,77,71,66,77,2,100,0,0,0,0
129503,2026/03/25 00:00:00,0,2917,534,97,108,0,75,75,68,64,74,1,100,0,0,0,0
129503,2026/03/26 00:00:00,0,2991,510,110,114,0,75,75,69,66,75,2,100,0,0,0,0
129503,2026/03/27 00:00:00,0,3009,540,112,116,0,78,77,73,66,77,1,100,1,0,0,0
129503,2026/03/28 00:00:00,0,2638,405,66,57,0,75,76,70,62,75,1,100,0,0,0,0
129503,2026/03/29 00:00:00,0,2318,312,32,29,0,77,78,71,63,77,1,100,1,0,0,1
129503,2026/03/30 00:00:00,0,2875,575,92,103,0,75,74,68,65,74,2,100,0,0,0,0
129503,2026/03/31 00:00:00,0,2916,549,97,108,0,77,77,71,65,76,1,100,0,0,0,0
129504,2026/03/01 00:00:00,0,2602,146,28,20,0,42,38,36,29,42,1,100,0,0,0,0
129504,2026/03/02 00:00:00,0,2867,301,129,53,0,42,38,32,29,41,2,100,0,0,0,0
129504,2026/03/03 00:00:00,0,2949,340,126,47,0,43,38,33,30,41,2,100,0,0,0,0
129504,2026/03/04 00:00:00,0,3547,361,134,52,0,42,39,33,29,41,3,100,0,0,0,0
129504,2026/03/05 00:00:00,0,3369,336,114,56,0,43,38,33,29,41,3,100,0,0,0,0
129504,2026/03/06 00:00:00,0,3459,326,140,52,0,42,38,33,30,41,2,100,0,0,0,0
129504,2026/03/07 00:00:00,0,3111,252,64,41,0,42,38,36,31,42,2,100,0,0,0,0
129504,2026/03/08 00:00:00,0,2534,173,34,22,0,42,38,35,30,42,1,100,0,0,0,0
129504,2026/03/09 00:00:00,0,2941,308,124,57,0,42,39,33,30,41,2,100,0,0,0,0
129504,2026/03/10 00:00:00,0,2993,357,104,49,0,42,38,33,28,41,2,100,0,0,0,0
129504,2026/03/11 00:00:00,0,3076,330,97,43,0,42,38,32,30,41,2,100,0,0,0,0
129504,2026/03/12 00:00:00,0,3201,314,96,36,0,42,38,34,29,41,2,100,0,0,0,0
129504,2026/03/13 00:00:00,0,3165,311,120,61,0,42,38,32,29,41,2,100,0,0,0,0
129504,2026/03/14 00:00:00,0,3054,222,43,43,0,43,38,36,30,42,2,100,0,0,0,0
129504,2026/03/15 00:00:00,0,2625,138,25,25,0,42,38,35,31,42,1,100,0,0,0,0
129504,2026/03/16 00:00:00,0,2852,299,105,58,0,43,39,33,30,41,2,100,0,0,0,0
129504,2026/03/17 00:00:00,0,3012,332,66,47,0,43,38,33,30,42,2,100,0,0,0,0
129504,2026/03/18 00:00:00,0,2992,308,112,58,0,43,38,33,30,41,2,100,0,0,0,0
129504,2026/03/19 00:00:00,0,2991,285,119,50,0,43,39,33,31,42,2,100,0,0,0,0
129504,2026/03/20 00:00:00,0,3172,296,134,56,0,43,38,33,30,41,2,100,0,0,0,0
129504,2026/03/21 00:00:00,0,2878,208,56,39,0,42,38,35,30,42,2,100,0,0,0,0
129504,2026/03/22 00:00:00,0,2285,154,26,27,0,42,39,33,31,42,1,100,0,0,0,0
129504,2026/03/23 00:00:00,0,2753,275,112,62,0,43,38,33,30,41,2,100,0,0,0,0
129504,2026/03/24 00:00:00,0,2901,316,124,61,0,43,38,33,30,41,3,100,0,0,0,0
129504,2026/03/25 00:00:00,0,2930,324,122,65,0,42,38,33,30,41,2,100,0,0,0,0
129504,2026/03/26 00:00:00,0,2925,316,118,65,0,42,38,33,29,41,2,100,0,0,0,0
129504,2026/03/27 00:00:00,0,3094,343,130,70,0,42,38,33,30,41,2,100,0,0,0,0
129504,2026/03/28 00:00:00,0,2778,181,64,43,0,42,38,35,30,42,2,100,0,0,0,0
129504,2026/03/29 00:00:00,0,2239,134,32,20,0,42,39,34,30,42,1,100,1,0,0,0
129504,2026/03/30 00:00:00,0,2750,324,107,54,0,43,39,32,30,42,2,100,0,0,0,0
129504,2026/03/31 00:00:00,0,2947,311,112,62,0,43,39,32,30,41,2,100,0,0,0,0
129505,2026/03/01 00:00:00,0,12609,1189,237,339,0,109,107,92,86,108,2,100,1,0,0,100
129505,2026/03/02 00:00:00,0,11183,1743,680,5527,0,109,106,87,84,99,5,100,1,0,0,100
129505,2026/03/03 00:00:00,0,11183,1743,680,5527,0,109,106,87,84,99,5,100,1,0,0,100
129505,2026/03/04 00:00:00,0,11183,1743,680,5527,0,109,106,87,84,99,5,100,1,0,0,100
129505,2026/03/05 00:00:00,0,11183,1743,680,5527,0,109,106,87,84,99,5,100,1,0,0,100
129505,2026/03/06 00:00:00,0,11183,1743,680,5527,0,109,106,87,84,99,5,100,1,0,0,100
129505,2026/03/07 00:00:00,0,11464,1026,231,662,0,109,105,91,85,107,2,100,1,0,0,100
129505,2026/03/08 00:00:00,0,12609,1189,237,339,0,109,107,92,86,108,2,100,1,0,0,100
129505,2026/03/09 00:00:00,0,11183,1743,680,5527,0,109,106,87,84,99,5,100,1,0,0,100
129505,2026/03/10 00:00:00,0,11183,1743,680,5527,0,109,106,87,84,99,5,100,1,0,0,100
129505,2026/03/11 00:00:00,0,11183,1743,680,5527,0,109,106,87,84,99,5,100,1,0,0,100
129505,2026/03/12 00:00:00,0,11183,1743,680,5527,0,109,106,87,84,99,5,100,1,0,0,100
129505,2026/03/13 00:00:00,0,11183,1743,680,5527,0,109,106,87,84,99,5,100,1,0,0,100
129505,2026/03/14 00:00:00,0,11464,1026,231,662,0,109,105,91,85,107,2,100,1,0,0,100
129505,2026/03/15 00:00:00,0,12609,1189,237,339,0,109,107,92,86,108,2,100,1,0,0,100
129505,2026/03/16 00:00:00,0,11183,1743,680,5527,0,109,106,87,84,99,5,100,1,0,0,100
129505,2026/03/17 00:00:00,0,11183,1743,680,5527,0,109,106,87,84,99,5,100,1,0,0,100
129505,2026/03/18 00:00:00,0,11183,1743,680,5527,0,109,106,87,84,99,5,100,1,0,0,100
129505,2026/03/19 00:00:00,0,11183,1743,680,5527,0,109,106,87,84,99,5,100,1,0,0,100
129505,2026/03/20 00:00:00,0,11183,1743,680,5527,0,109,106,87,84,99,5,100,1,0,0,100
129505,2026/03/21 00:00:00,0,11464,1026,231,662,0,109,105,91,85,107,2,100,1,0,0,100
129505,2026/03/22 00:00:00,0,12609,1189,237,339,0,109,107,92,86,108,2,100,1,0,0,100
129505,2026/03/23 00:00:00,0,11183,1743,680,5527,0,109,106,87,84,99,5,100,1,0,0,100
129505,2026/03/24 00:00:00,0,11183,1743,680,5527,0,109,106,87,84,99,5,100,1,0,0,100
129505,2026/03/25 00:00:00,0,11183,1743,680,5527,0,109,106,87,84,99,5,100,1,0,0,100
129505,2026/03/26 00:00:00,0,11183,1743,680,5527,0,109,106,87,84,99,5,100,1,0,0,100
129505,2026/03/27 00:00:00,0,11183,1743,680,5527,0,109,106,87,84,99,5,100,1,0,0,100
129505,2026/03/28 00:00:00,0,11464,1026,231,662,0,109,105,91,85,107,2,100,1,0,0,100
129505,2026/03/29 00:00:00,0,12609,1189,237,339,0,109,107,92,86,108,2,100,1,0,0,100
129505,2026/03/30 00:00:00,0,11183,1743,680,5527,0,109,106,87,84,99,5,100,1,0,0,100
129505,2026/03/31 00:00:00,0,11183,1743,680,5527,0,109,106,87,84,99,5,100,1,0,0,100
129506,2026/03/01 00:00:00,0,11854,803,186,428,0,73,73,72,73,73,2,100,0,0,0,0
129506,2026/03/02 00:00:00,0,11389,1834,622,6032,0,109,106,88,84,99,5,100,1,0,0,0
129506,2026/03/03 00:00:00,0,11776,1841,713,6178,0,109,106,89,84,99,5,100,0,0,0,0
129506,2026/03/04 00:00:00,0,11748,1907,671,6279,0,109,106,89,84,99,5,100,1,0,0,0
129506,2026/03/05 00:00:00,0,12506,2050,707,6557,0,110,106,90,84,99,5,100,1,0,0,0
129506,2026/03/06 00:00:00,0,14941,2277,830,6339,0,107,104,90,83,99,5,100,1,0,0,0
129506,2026/03/07 00:00:00,0,12823,1218,351,877,0,70,70,67,70,70,3,100,0,0,0,0
129506,2026/03/08 00:00:00,0,12767,1007,263,435,0,72,72,72,71,72,3,100,1,0,0,0
129506,2026/03/09 00:00:00,0,11424,1766,665,6029,0,107,105,88,83,97,5,100,1,0,0,0
129506,2026/03/10 00:00:00,0,11590,1951,667,6257,0,109,105,89,83,99,5,100,1,0,0,0
129506,2026/03/11 00:00:00,0,11501,1835,710,6178,0,108,104,89,83,98,5,100,1,0,0,0
129506,2026/03/12 00:00:00,0,12040,1979,737,5996,0,109,105,90,83,99,5,100,1,0,0,0
129506,2026/03/13 00:00:00,0,13327,2132,743,5800,0,107,103,89,83,98,5,100,1,0,0,0
129506,2026/03/14 00:00:00,0,12148,1224,351,958,0,94,94,88,83,93,2,100,1,0,0,0
129506,2026/03/15 00:00:00,0,11930,975,214,450,0,94,94,87,83,93,2,100,1,0,0,0
129506,2026/03/16 00:00:00,0,11634,1918,715,6450,0,108,104,87,83,98,5,100,1,0,0,0
129506,2026/03/17 00:00:00,0,12035,2000,688,6574,0,109,105,89,83,99,5,100,1,0,0,0
129506,2026/03/18 00:00:00,0,12460,2085,766,6891,0,109,105,89,84,99,5,100,0,0,0,0
129506,2026/03/19 00:00:00,0,12686,2106,759,6649,0,109,105,90,84,99,5,100,1,0,0,0
129506,2026/03/20 00:00:00,0,15125,2278,753,6203,0,107,105,90,83,99,5,100,1,0,0,0
129506,2026/03/21 00:00:00,0,13105,1200,357,866,0,101,100,92,85,100,2,100,1,0,0,0
129506,2026/03/22 00:00:00,0,12818,1102,270,438,0,101,101,92,85,100,2,100,1,0,0,0
129506,2026/03/23 00:00:00,0,12067,1911,742,6334,0,109,105,89,83,99,5,100,1,0,0,0
129506,2026/03/24 00:00:00,0,11550,1877,701,6543,0,108,105,88,83,98,5,100,1,0,0,0
129506,2026/03/25 00:00:00,0,11720,1879,689,6528,0,107,103,88,82,97,5,100,1,0,0,0
129506,2026/03/26 00:00:00,0,12399,2019,730,6853,0,107,104,88,83,97,5,100,1,0,0,0
129506,2026/03/27 00:00:00,0,15789,2599,972,6526,0,105,102,88,83,98,6,100,0,0,0,0
129506,2026/03/28 00:00:00,0,14140,1614,653,1243,0,98,96,88,84,96,3,100,0,0,0,0
129506,2026/03/29 00:00:00,0,13183,1159,367,490,0,99,98,88,85,98,2,100,1,0,0,1
129506,2026/03/30 00:00:00,0,12760,2045,710,6449,0,106,102,87,82,97,5,100,0,0,0,0
129506,2026/03/31 00:00:00,0,12061,1952,769,6689,0,109,105,88,83,98,5,100,1,0,0,0
153301,2026/03/01 00:00:00,0,4671,505,78,301,0,97,96,84,82,96,0,100,0,0,0,0
153301,2026/03/02 00:00:00,0,12878,2051,1015,6707,0,87,83,72,77,83,5,100,1,1,0,0
153301,2026/03/03 00:00:00,0,13428,2122,970,6761,0,97,94,81,82,91,3,100,1,0,0,0
153301,2026/03/04 00:00:00,0,12565,2101,938,6741,0,92,88,78,81,87,4,100,1,1,0,0
153301,2026/03/05 00:00:00,0,13495,2066,931,6467,0,95,92,79,81,90,3,100,1,1,0,0
153301,2026/03/06 00:00:00,0,13009,1947,888,5719,0,99,95,82,83,93,2,100,1,1,0,0
153301,2026/03/07 00:00:00,0,6459,794,172,763,0,100,98,89,83,98,0,100,1,0,0,0
153301,2026/03/08 00:00:00,0,5374,565,115,344,0,99,97,89,83,98,0,100,1,0,0,0
153301,2026/03/09 00:00:00,0,12127,2006,943,6519,0,85,81,71,78,81,6,100,1,1,0,0
153301,2026/03/10 00:00:00,0,13293,2132,1072,6739,0,89,85,75,79,84,5,100,1,1,0,0
153301,2026/03/11 00:00:00,0,13144,2044,987,6670,0,86,81,72,78,82,5,100,1,1,0,0
153301,2026/03/12 00:00:00,0,13376,2131,995,6262,0,97,93,81,81,91,3,100,1,1,0,0
153301,2026/03/13 00:00:00,0,14622,2175,928,5815,0,92,88,72,75,86,4,100,1,0,0,0
153301,2026/03/14 00:00:00,0,5527,703,162,633,0,97,95,87,81,95,0,100,0,0,0,0
153301,2026/03/15 00:00:00,0,4483,455,108,329,0,98,97,85,82,97,0,100,1,0,0,0
153301,2026/03/16 00:00:00,0,12344,2000,911,6343,0,95,91,80,81,89,3,100,1,1,0,0
153301,2026/03/17 00:00:00,0,10831,1723,970,6109,0,84,83,66,76,79,6,100,1,1,0,0
153301,2026/03/18 00:00:00,0,13028,2063,944,6677,0,92,88,77,81,87,4,100,1,1,0,0
153301,2026/03/19 00:00:00,0,14817,2326,1126,7491,0,97,94,81,82,91,3,100,1,1,0,0
153301,2026/03/20 00:00:00,0,13610,1981,887,6135,0,99,96,83,83,93,3,100,1,0,0,0
153301,2026/03/21 00:00:00,0,2546,380,94,443,0,89,87,76,76,86,0,100,1,0,0,0
153301,2026/03/22 00:00:00,0,4838,525,97,333,0,99,97,90,83,98,0,100,1,0,0,0
153301,2026/03/23 00:00:00,0,12381,2032,938,6836,0,95,91,80,81,89,3,100,1,1,0,0
153301,2026/03/24 00:00:00,0,13400,2022,936,6871,0,97,93,82,82,91,3,100,1,1,0,0
153301,2026/03/25 00:00:00,0,13476,2254,1079,7406,0,77,73,66,74,75,7,100,1,1,0,0
153301,2026/03/26 00:00:00,0,14523,2190,1105,7178,0,93,89,78,79,88,3,100,1,1,0,0
153301,2026/03/27 00:00:00,0,14071,2163,980,6400,0,98,94,82,82,92,3,100,1,1,0,0
153301,2026/03/28 00:00:00,0,6180,804,236,806,0,97,94,85,81,94,0,100,1,0,0,0
153301,2026/03/29 00:00:00,0,4953,527,110,384,0,96,94,86,81,95,0,100,1,0,0,0
153301,2026/03/30 00:00:00,0,12976,2171,991,6890,0,93,89,78,80,88,3,100,1,1,0,0
153301,2026/03/31 00:00:00,0,13610,2179,1026,6932,0,98,95,82,82,92,3,100,1,1,0,0
153302,2026/03/01 00:00:00,0,3655,324,60,196,0,81,83,81,76,81,0,100,0,0,0,0
153302,2026/03/02 00:00:00,0,4850,861,283,2993,0,84,82,76,75,80,3,100,0,0,0,0
153302,2026/03/03 00:00:00,0,5178,911,321,3140,0,84,82,77,75,80,3,100,0,0,0,0
153302,2026/03/04 00:00:00,0,4953,920,328,3090,0,84,83,77,75,80,3,100,0,0,0,0
153302,2026/03/05 00:00:00,0,5289,920,366,3213,0,84,83,76,75,80,3,100,1,0,0,0
153302,2026/03/06 00:00:00,0,5296,905,320,2891,0,84,83,78,75,81,3,100,0,0,0,0
153302,2026/03/07 00:00:00,0,3189,404,88,424,0,83,84,80,76,82,0,100,0,0,0,0
153302,2026/03/08 00:00:00,0,3506,323,71,185,0,83,84,81,77,83,0,100,0,0,0,0
153302,2026/03/09 00:00:00,0,4938,817,320,2808,0,84,82,77,75,80,3,100,0,0,0,0
153302,2026/03/10 00:00:00,0,5396,945,304,3112,0,83,82,77,74,80,3,100,0,0,0,0
153302,2026/03/11 00:00:00,0,5185,868,331,3070,0,83,82,77,74,80,3,100,0,0,0,0
153302,2026/03/12 00:00:00,0,5299,979,351,3105,0,84,83,78,75,80,3,100,0,0,0,0
153302,2026/03/13 00:00:00,0,5648,991,319,2883,0,83,82,76,75,80,3,100,0,0,0,0
153302,2026/03/14 00:00:00,0,3540,430,99,428,0,83,83,82,76,82,0,100,0,0,0,0
153302,2026/03/15 00:00:00,0,3775,341,75,203,0,82,83,79,76,82,0,100,0,0,0,0
153302,2026/03/16 00:00:00,0,4989,857,353,3053,0,83,81,76,74,80,3,100,0,0,0,0
153302,2026/03/17 00:00:00,0,5106,851,304,2906,0,84,82,76,75,80,3,100,0,0,0,0
153302,2026/03/18 00:00:00,0,5914,1105,310,3642,0,82,81,76,74,79,4,100,0,0,0,0
153302,2026/03/19 00:00:00,0,5639,1005,360,3485,0,83,81,76,74,79,3,100,0,0,0,0
153302,2026/03/20 00:00:00,0,5860,930,300,3077,0,84,83,77,75,80,3,100,0,0,0,0
153302,2026/03/21 00:00:00,0,447,49,6,126,0,82,84,78,75,80,0,100,0,0,0,0
153302,2026/03/22 00:00:00,0,3577,308,71,192,0,82,82,80,76,82,0,100,0,0,0,0
153302,2026/03/23 00:00:00,0,5013,839,325,3160,0,83,82,77,74,79,3,100,0,0,0,0
153302,2026/03/24 00:00:00,0,5233,895,321,3201,0,85,83,77,76,81,3,100,0,0,0,0
153302,2026/03/25 00:00:00,0,5132,929,343,3167,0,83,82,76,74,80,3,100,0,0,0,0
153302,2026/03/26 00:00:00,0,5682,999,387,3393,0,82,80,73,72,78,3,100,1,0,0,0
153302,2026/03/27 00:00:00,0,6213,1035,367,3284,0,82,81,77,75,79,3,100,0,0,0,0
153302,2026/03/28 00:00:00,0,5651,698,169,808,0,74,74,74,71,74,1,100,0,0,0,0
153302,2026/03/29 00:00:00,0,4983,438,74,310,0,75,75,73,71,75,1,100,1,0,0,0
153302,2026/03/30 00:00:00,0,5377,875,301,3138,0,82,81,75,73,78,3,100,0,0,0,0
153302,2026/03/31 00:00:00,0,5223,917,337,3308,0,83,82,78,75,80,3,100,0,0,0,0
153303,2026/03/01 00:00:00,0,2119,202,26,158,0,82,81,78,73,81,0,100,0,0,0,0
153303,2026/03/02 00:00:00,0,6413,1090,443,3440,0,82,80,74,72,78,4,100,1,0,0,0
153303,2026/03/03 00:00:00,0,7656,1308,506,3990,0,81,79,74,72,78,5,100,0,0,0,0
153303,2026/03/04 00:00:00,0,7287,1232,416,4018,0,82,79,74,72,78,5,100,0,0,0,0
153303,2026/03/05 00:00:00,0,7177,1210,441,3917,0,82,79,74,72,78,4,100,0,0,0,0
153303,2026/03/06 00:00:00,0,7176,1201,438,3726,0,82,79,74,72,78,4,100,1,0,0,0
153303,2026/03/07 00:00:00,0,3058,479,65,433,0,82,80,77,73,81,0,100,0,0,0,0
153303,2026/03/08 00:00:00,0,2701,304,33,190,0,82,81,81,73,81,0,100,0,0,0,0
153303,2026/03/09 00:00:00,0,6921,1142,444,3572,0,81,79,73,72,78,4,100,1,0,0,0
153303,2026/03/10 00:00:00,0,7015,1212,439,3641,0,81,79,73,72,77,4,100,0,0,0,0
153303,2026/03/11 00:00:00,0,7071,1176,424,3674,0,81,80,73,71,78,4,100,1,0,0,0
153303,2026/03/12 00:00:00,0,6924,1206,444,3399,0,81,78,74,72,78,4,100,0,0,0,0
153303,2026/03/13 00:00:00,0,6241,1078,312,2889,0,81,79,74,72,78,3,100,1,0,0,0
153303,2026/03/14 00:00:00,0,2713,366,59,345,0,82,81,77,72,81,0,100,0,0,0,0
153303,2026/03/15 00:00:00,0,2260,226,38,130,0,83,81,78,72,82,0,100,0,0,0,0
153303,2026/03/16 00:00:00,0,6886,1187,372,3341,0,81,79,73,72,78,4,100,1,0,0,0
153303,2026/03/17 00:00:00,0,7360,1221,391,3630,0,81,78,74,72,78,4,100,0,0,0,0
153303,2026/03/18 00:00:00,0,7008,1228,476,3958,0,74,72,65,68,71,6,100,1,0,0,0
153303,2026/03/19 00:00:00,0,7015,1218,451,3806,0,74,73,68,68,72,6,100,1,0,0,0
153303,2026/03/20 00:00:00,0,6700,1186,371,3878,0,81,79,73,72,78,4,100,0,0,0,0
153303,2026/03/21 00:00:00,0,1040,147,34,274,0,80,77,72,71,77,0,100,0,0,0,0
153303,2026/03/22 00:00:00,0,2611,276,40,159,0,82,81,79,73,81,0,100,0,0,0,0
153303,2026/03/23 00:00:00,0,6820,1125,418,3729,0,76,75,68,69,73,6,100,1,0,0,0
153303,2026/03/24 00:00:00,0,7174,1236,411,4045,0,81,80,74,72,78,4,100,0,0,0,0
153303,2026/03/25 00:00:00,0,7300,1252,394,3929,0,80,78,74,71,77,4,100,0,0,0,0
153303,2026/03/26 00:00:00,0,7579,1261,480,4055,0,74,73,67,68,72,6,100,1,0,0,0
153303,2026/03/27 00:00:00,0,6700,1192,410,3821,0,81,79,69,71,77,4,100,1,0,0,0
153303,2026/03/28 00:00:00,0,2996,62,7,329,0,84,83,86,74,83,0,100,1,0,0,100
153303,2026/03/29 00:00:00,0,3149,22,11,8,0,83,84,86,82,83,0,100,1,0,0,100
153303,2026/03/30 00:00:00,0,6991,1209,439,3655,0,78,77,72,71,75,5,100,1,2,0,0
153303,2026/03/31 00:00:00,0,7309,1591,579,3987,0,80,79,73,72,77,5,100,1,7,0,0
153401,2026/03/01 00:00:00,0,4570,518,72,308,0,96,94,85,81,95,0,100,1,0,0,0
153401,2026/03/02 00:00:00,0,12422,2229,836,6769,0,78,75,65,72,75,5,100,1,0,0,0
153401,2026/03/03 00:00:00,0,12965,2293,797,6786,0,87,83,75,78,83,3,100,1,0,0,0
153401,2026/03/04 00:00:00,0,12218,2155,822,6772,0,86,83,74,77,82,4,100,1,0,0,0
153401,2026/03/05 00:00:00,0,13109,2170,805,6481,0,89,86,76,78,85,3,100,1,0,0,0
153401,2026/03/06 00:00:00,0,12633,2081,724,5762,0,95,92,82,80,90,2,100,1,0,0,0
153401,2026/03/07 00:00:00,0,6338,828,151,764,0,99,97,90,82,97,0,100,0,0,0,0
153401,2026/03/08 00:00:00,0,5306,562,108,350,0,99,97,90,82,98,0,100,0,0,0,0
153401,2026/03/09 00:00:00,0,11733,2118,804,6579,0,80,76,68,75,77,6,100,1,0,0,0
153401,2026/03/10 00:00:00,0,12871,2227,885,6783,0,82,77,71,75,78,5,100,1,0,0,0
153401,2026/03/11 00:00:00,0,12731,2124,835,6703,0,82,78,69,75,79,5,100,1,0,0,0
153401,2026/03/12 00:00:00,0,13029,2223,818,6328,0,94,90,80,78,88,2,100,1,0,0,0
153401,2026/03/13 00:00:00,0,14250,2308,834,5788,0,87,83,65,71,81,4,100,1,0,0,0
153401,2026/03/14 00:00:00,0,5380,752,146,631,0,96,94,88,80,94,0,100,0,0,0,0
153401,2026/03/15 00:00:00,0,4423,465,100,329,0,97,94,85,81,95,0,100,0,0,0,0
153401,2026/03/16 00:00:00,0,11914,2109,770,6373,0,83,79,72,76,80,4,100,1,0,0,0
153401,2026/03/17 00:00:00,0,10480,1849,845,6160,0,78,75,58,72,74,6,100,1,0,0,0
153401,2026/03/18 00:00:00,0,12630,2188,800,6726,0,86,82,74,78,82,4,100,1,0,0,0
153401,2026/03/19 00:00:00,0,14338,2511,924,7550,0,93,90,80,79,88,3,100,1,0,0,0
153401,2026/03/20 00:00:00,0,13278,2042,751,6180,0,98,95,85,81,92,2,100,0,0,0,0
153401,2026/03/21 00:00:00,0,2462,419,85,437,0,85,83,73,72,82,0,100,1,0,0,0
153401,2026/03/22 00:00:00,0,4803,522,96,331,0,98,96,89,83,97,0,100,0,0,0,0
153401,2026/03/23 00:00:00,0,11975,2110,805,6863,0,85,81,74,77,81,4,100,1,0,0,0
153401,2026/03/24 00:00:00,0,12923,2172,776,6924,0,92,89,79,79,87,3,100,1,0,0,0
153401,2026/03/25 00:00:00,0,13097,2362,874,7496,0,71,68,62,71,70,7,100,1,0,0,0
153401,2026/03/26 00:00:00,0,14007,2314,922,7230,0,84,79,73,75,80,4,100,1,0,0,0
153401,2026/03/27 00:00:00,0,13772,2236,843,6425,0,95,92,82,79,90,2,100,1,0,0,0
153401,2026/03/28 00:00:00,0,6051,819,208,813,0,96,93,86,80,93,0,100,0,0,0,0
153401,2026/03/29 00:00:00,0,4826,543,96,388,0,95,91,87,80,93,0,100,1,0,0,0
153401,2026/03/30 00:00:00,0,12529,2364,820,6926,0,82,79,70,75,79,4,100,1,0,0,0
153401,2026/03/31 00:00:00,0,13332,2280,841,6990,0,95,92,82,80,89,2,100,1,0,0,0
153402,2026/03/01 00:00:00,0,3578,403,63,195,0,95,96,89,84,95,0,100,0,0,0,0
153402,2026/03/02 00:00:00,0,4755,987,277,3025,0,96,94,84,80,89,3,100,0,0,0,0
153402,2026/03/03 00:00:00,0,5085,1010,326,3174,0,95,94,85,81,89,3,100,1,0,0,0
153402,2026/03/04 00:00:00,0,4887,1012,322,3121,0,96,94,85,81,90,3,100,0,0,0,0
153402,2026/03/05 00:00:00,0,5232,1013,351,3255,0,96,93,84,80,89,3,100,0,0,0,0
153402,2026/03/06 00:00:00,0,5198,1011,310,2924,0,96,94,86,81,90,3,100,1,0,0,0
153402,2026/03/07 00:00:00,0,3126,465,100,421,0,96,95,89,83,94,0,100,1,0,0,0
153402,2026/03/08 00:00:00,0,3437,391,77,189,0,96,95,89,85,95,0,100,0,0,0,0
153402,2026/03/09 00:00:00,0,4882,900,314,2840,0,95,94,85,80,89,2,100,0,0,0,0
153402,2026/03/10 00:00:00,0,5291,1071,318,3132,0,95,93,85,80,89,3,100,1,0,0,0
153402,2026/03/11 00:00:00,0,5067,996,324,3101,0,95,94,85,80,89,3,100,1,0,0,0
153402,2026/03/12 00:00:00,0,5229,1055,350,3135,0,96,94,86,81,90,3,100,1,0,0,0
153402,2026/03/13 00:00:00,0,5529,1113,329,2912,0,95,93,85,80,90,3,100,0,0,0,0
153402,2026/03/14 00:00:00,0,3471,490,105,433,0,95,95,90,83,94,0,100,0,0,0,0
153402,2026/03/15 00:00:00,0,3730,396,87,201,0,95,95,86,83,94,0,100,0,0,0,0
153402,2026/03/16 00:00:00,0,4881,970,348,3085,0,95,93,84,80,89,3,100,1,0,0,0
153402,2026/03/17 00:00:00,0,5040,935,298,2947,0,95,93,84,80,89,3,100,1,0,0,0
153402,2026/03/18 00:00:00,0,5831,1228,338,3661,0,93,91,83,79,87,4,100,0,0,0,0
153402,2026/03/19 00:00:00,0,5576,1115,352,3522,0,94,92,84,80,88,3,100,1,0,0,0
153402,2026/03/20 00:00:00,0,5778,1025,312,3094,0,95,93,85,80,90,3,100,0,0,0,0
153402,2026/03/21 00:00:00,0,440,58,6,127,0,95,93,87,80,91,0,100,0,0,0,0
153402,2026/03/22 00:00:00,0,3529,383,73,193,0,95,93,89,83,94,0,100,0,0,0,0
153402,2026/03/23 00:00:00,0,4923,935,308,3200,0,94,92,84,80,88,3,100,0,0,0,0
153402,2026/03/24 00:00:00,0,5163,995,327,3226,0,96,95,85,81,90,3,100,1,0,0,0
153402,2026/03/25 00:00:00,0,5041,1043,353,3202,0,94,93,84,80,88,3,100,1,0,0,0
153402,2026/03/26 00:00:00,0,5553,1109,376,3433,0,93,91,83,78,87,3,100,1,0,0,0
153402,2026/03/27 00:00:00,0,6139,1142,352,3321,0,92,91,84,80,87,3,100,1,0,0,0
153402,2026/03/28 00:00:00,0,5608,767,176,810,0,76,76,74,71,75,1,100,0,0,0,0
153402,2026/03/29 00:00:00,0,4913,510,87,311,0,77,77,74,72,76,1,100,1,0,0,0
153402,2026/03/30 00:00:00,0,5306,990,289,3171,0,93,91,84,78,87,3,100,0,0,0,0
153402,2026/03/31 00:00:00,0,5130,1015,332,3344,0,95,93,85,80,89,3,100,1,0,0,0
153403,2026/03/01 00:00:00,0,2143,183,25,162,0,95,92,79,78,93,0,100,0,0,0,0
153403,2026/03/02 00:00:00,0,6510,1040,485,3425,0,93,89,78,76,86,2,100,1,0,0,0
153403,2026/03/03 00:00:00,0,7760,1266,518,3972,0,91,88,78,76,86,3,100,1,0,0,0
153403,2026/03/04 00:00:00,0,7390,1184,441,3991,0,92,88,78,75,85,3,100,1,0,0,0
153403,2026/03/05 00:00:00,0,7315,1146,452,3906,0,92,88,78,75,85,3,100,1,0,0,0
153403,2026/03/06 00:00:00,0,7297,1130,461,3708,0,92,89,79,76,86,2,100,1,0,0,0
153403,2026/03/07 00:00:00,0,3104,439,65,437,0,95,92,84,77,92,0,100,0,0,0,0
153403,2026/03/08 00:00:00,0,2753,269,34,185,0,94,92,85,76,93,0,100,0,0,0,0
153403,2026/03/09 00:00:00,0,7044,1085,457,3547,0,91,89,78,75,85,2,100,1,0,0,0
153403,2026/03/10 00:00:00,0,7121,1147,464,3631,0,91,88,77,75,85,2,100,1,0,0,0
153403,2026/03/11 00:00:00,0,7163,1113,452,3645,0,91,89,78,75,85,2,100,1,0,0,0
153403,2026/03/12 00:00:00,0,7076,1128,471,3376,0,92,89,79,77,87,2,100,1,0,0,0
153403,2026/03/13 00:00:00,0,6327,1034,345,2878,0,93,90,79,76,87,2,100,1,0,0,0
153403,2026/03/14 00:00:00,0,2751,339,56,343,0,95,92,86,77,92,0,100,0,0,0,0
153403,2026/03/15 00:00:00,0,2289,208,34,134,0,95,92,84,78,94,0,100,0,0,0,0
153403,2026/03/16 00:00:00,0,6990,1144,394,3325,0,92,89,76,76,86,2,100,1,0,0,0
153403,2026/03/17 00:00:00,0,7455,1159,431,3604,0,92,88,77,75,85,3,100,1,0,0,0
153403,2026/03/18 00:00:00,0,7178,1174,468,3961,0,87,83,72,73,81,3,100,1,0,0,0
153403,2026/03/19 00:00:00,0,7131,1170,468,3802,0,89,85,76,74,83,3,100,1,0,0,0
153403,2026/03/20 00:00:00,0,6790,1129,411,3859,0,92,89,78,75,85,2,100,1,0,0,0
153403,2026/03/21 00:00:00,0,1073,117,42,264,0,86,81,69,69,81,0,100,0,0,0,0
153403,2026/03/22 00:00:00,0,2646,253,40,158,0,95,91,87,79,93,0,100,0,0,0,0
153403,2026/03/23 00:00:00,0,6934,1082,435,3726,0,90,87,76,75,84,3,100,1,0,0,0
153403,2026/03/24 00:00:00,0,7270,1175,443,4025,0,92,89,79,76,86,2,100,1,0,0,0
153403,2026/03/25 00:00:00,0,7377,1210,432,3911,0,91,88,78,75,85,3,100,0,0,0,0
153403,2026/03/26 00:00:00,0,7729,1214,500,4026,0,88,85,74,73,82,3,100,1,1,0,0
153403,2026/03/27 00:00:00,0,6819,1110,466,3825,0,91,89,72,75,84,3,100,1,0,0,0
153403,2026/03/28 00:00:00,0,2841,16,29,183,0,96,84,38,78,94,0,100,1,0,0,99
153403,2026/03/29 00:00:00,0,3051,5,10,8,0,96,97,95,93,96,0,100,1,0,0,100
153403,2026/03/30 00:00:00,0,6664,717,567,4319,0,73,73,75,74,73,4,100,1,0,100,0
153403,2026/03/31 00:00:00,0,7329,735,622,4676,0,71,72,71,71,71,5,100,1,0,100,0
153501,2026/03/01 00:00:00,0,3905,914,119,265,0,98,101,77,76,96,0,100,1,1,0,0
153501,2026/03/02 00:00:00,0,12560,1818,2593,5441,0,72,72,53,62,66,7,100,1,3,0,0
153501,2026/03/03 00:00:00,0,13022,1781,2588,5711,0,75,76,59,66,70,6,100,1,3,0,0
153501,2026/03/04 00:00:00,0,12301,1761,2725,5409,0,73,72,57,63,67,7,100,1,3,0,0
153501,2026/03/05 00:00:00,0,13037,1829,2530,5169,0,79,78,59,66,73,6,100,1,3,0,0
153501,2026/03/06 00:00:00,0,12626,1770,2263,4723,0,82,81,61,66,75,5,100,1,3,0,0
153501,2026/03/07 00:00:00,0,5668,1244,284,613,0,99,101,78,78,96,0,100,1,1,0,0
153501,2026/03/08 00:00:00,0,4583,1055,157,305,0,100,102,83,77,98,0,100,1,1,0,0
153501,2026/03/09 00:00:00,0,11954,1719,2441,5394,0,73,74,57,65,68,7,100,1,4,0,0
153501,2026/03/10 00:00:00,0,12950,1853,2597,5562,0,73,72,56,64,67,7,100,1,4,0,0
153501,2026/03/11 00:00:00,0,12847,1801,2521,5463,0,74,74,57,64,68,7,100,1,3,0,0
153501,2026/03/12 00:00:00,0,12999,1863,2381,4923,0,81,78,60,66,74,5,100,1,3,0,0
153501,2026/03/13 00:00:00,0,14378,1950,2144,4747,0,77,75,53,60,70,7,100,1,2,0,0
153501,2026/03/14 00:00:00,0,4866,982,225,525,0,97,100,78,76,94,0,100,1,1,0,0
153501,2026/03/15 00:00:00,0,3874,800,169,259,0,98,101,78,75,96,0,100,1,1,0,0
153501,2026/03/16 00:00:00,0,11946,1595,2461,5273,0,72,73,56,64,67,7,100,1,3,0,0
153501,2026/03/17 00:00:00,0,11063,1508,2402,5172,0,70,72,53,62,65,8,100,1,3,0,0
153501,2026/03/18 00:00:00,0,12478,1758,2615,5430,0,77,77,59,66,71,6,100,1,3,0,0
153501,2026/03/19 00:00:00,0,14547,1991,2863,6026,0,78,75,56,64,71,6,100,1,3,0,0
153501,2026/03/20 00:00:00,0,13185,1805,2283,5215,0,87,85,63,70,79,4,100,1,4,0,0
153501,2026/03/21 00:00:00,0,998,213,52,136,0,95,98,76,78,93,0,100,1,0,0,0
153501,2026/03/22 00:00:00,0,4075,910,160,287,0,99,102,80,76,97,0,100,1,1,0,0
153501,2026/03/23 00:00:00,0,12018,1776,2552,5631,0,76,75,58,66,70,6,100,1,3,0,0
153501,2026/03/24 00:00:00,0,12900,1847,2657,5608,0,79,75,60,66,72,6,100,1,3,0,0
153501,2026/03/25 00:00:00,0,13223,2045,2652,6332,0,69,63,54,60,63,7,100,1,2,39,0
153501,2026/03/26 00:00:00,0,14164,1827,2793,5746,0,73,71,55,62,67,7,100,1,3,0,0
153501,2026/03/27 00:00:00,0,13701,1919,2516,5479,0,85,81,62,68,77,5,100,1,3,0,0
153501,2026/03/28 00:00:00,0,5434,1139,326,585,0,96,98,76,75,93,0,100,1,2,0,0
153501,2026/03/29 00:00:00,0,4198,890,192,327,0,96,99,77,75,94,0,100,1,1,0,0
153501,2026/03/30 00:00:00,0,12667,1656,2761,5603,0,71,71,55,62,66,7,100,1,3,0,0
153501,2026/03/31 00:00:00,0,13256,1792,2819,5531,0,80,77,60,67,73,5,100,1,3,0,0
153502,2026/03/01 00:00:00,0,5595,708,105,390,0,95,94,78,74,93,0,100,1,0,0,0
153502,2026/03/02 00:00:00,0,11291,2235,1322,8070,0,87,82,64,64,75,4,100,1,0,0,0
153502,2026/03/03 00:00:00,0,12613,2565,1504,9045,0,84,80,62,63,73,5,100,1,1,0,0
153502,2026/03/04 00:00:00,0,12151,2475,1404,9003,0,86,81,66,65,75,5,100,1,1,0,0
153502,2026/03/05 00:00:00,0,12426,2433,1419,8895,0,86,80,63,63,74,5,100,1,1,0,0
153502,2026/03/06 00:00:00,0,12377,2373,1347,8693,0,87,82,66,65,76,5,100,1,0,0,0
153502,2026/03/07 00:00:00,0,5910,1238,214,999,0,94,92,78,71,90,0,100,1,0,0,0
153502,2026/03/08 00:00:00,0,5873,964,122,404,0,94,93,82,73,92,0,100,1,0,0,0
153502,2026/03/09 00:00:00,0,11881,2192,1414,8091,0,85,81,64,64,75,4,100,1,1,0,0
153502,2026/03/10 00:00:00,0,12246,2503,1399,8565,0,86,80,63,63,74,5,100,1,0,0,0
153502,2026/03/11 00:00:00,0,12127,2440,1298,8603,0,86,82,64,64,75,5,100,1,1,0,0
153502,2026/03/12 00:00:00,0,12388,2413,1364,8309,0,87,83,67,65,77,4,100,1,0,0,0
153502,2026/03/13 00:00:00,0,12017,2427,1158,7506,0,87,82,66,64,77,4,100,1,1,0,0
153502,2026/03/14 00:00:00,0,5978,1126,216,834,0,94,92,78,72,90,0,100,1,0,0,0
153502,2026/03/15 00:00:00,0,5828,763,137,358,0,94,93,79,72,92,0,100,1,0,0,0
153502,2026/03/16 00:00:00,0,11784,2426,1424,7963,0,86,82,64,65,75,4,100,1,1,0,0
153502,2026/03/17 00:00:00,0,12511,2354,1391,8172,0,85,80,63,63,74,5,100,1,1,0,0
153502,2026/03/18 00:00:00,0,12960,2556,1468,9353,0,84,79,61,62,72,5,100,1,1,0,0
153502,2026/03/19 00:00:00,0,12820,2458,1637,8878,0,83,80,59,62,72,5,100,1,1,0,0
153502,2026/03/20 00:00:00,0,12437,2418,1288,9049,0,86,82,65,64,75,5,100,1,1,0,0
153502,2026/03/21 00:00:00,0,852,180,39,316,0,93,90,69,69,85,0,100,1,0,0,0
153502,2026/03/22 00:00:00,0,5889,884,114,392,0,94,93,83,74,92,0,100,1,0,0,0
153502,2026/03/23 00:00:00,0,11877,2324,1426,8717,0,84,80,64,64,74,5,100,1,1,0,0
153502,2026/03/24 00:00:00,0,12362,2464,1438,9103,0,86,82,65,65,75,5,100,1,1,0,0
153502,2026/03/25 00:00:00,0,12288,2303,1312,9063,0,82,79,64,64,73,5,100,1,0,19,0
153502,2026/03/26 00:00:00,0,13129,2723,1498,9406,0,83,78,61,61,72,5,100,1,1,0,0
153502,2026/03/27 00:00:00,0,13028,2410,1453,9234,0,83,78,62,62,72,5,100,1,1,0,0
153502,2026/03/28 00:00:00,0,6110,714,291,934,0,71,70,60,59,69,1,100,1,0,0,0
153502,2026/03/29 00:00:00,0,5285,456,161,366,0,72,71,62,61,71,0,100,1,0,0,0
153502,2026/03/30 00:00:00,0,12452,2470,1510,8905,0,81,76,58,60,70,5,100,1,0,0,0
153502,2026/03/31 00:00:00,0,12917,2684,1592,9678,0,84,80,64,63,74,5,100,1,1,0,0
153601,2026/03/01 00:00:00,0,3853,962,92,325,0,93,96,78,73,92,0,100,1,0,0,0
153601,2026/03/02 00:00:00,0,11924,1944,1521,6925,0,77,77,61,66,71,3,100,1,0,5,0
153601,2026/03/03 00:00:00,0,12483,2161,1705,7039,0,77,77,61,66,71,3,100,1,0,2,0
153601,2026/03/04 00:00:00,0,11871,2114,1598,6867,0,77,75,60,65,71,3,100,1,0,0,0
153601,2026/03/05 00:00:00,0,12398,1981,1481,6563,0,76,76,60,66,71,3,100,1,1,3,0
153601,2026/03/06 00:00:00,0,11893,1951,1295,6153,0,78,78,62,67,73,3,100,1,1,3,0
153601,2026/03/07 00:00:00,0,5398,1482,193,766,0,93,93,78,73,90,0,100,1,0,0,0
153601,2026/03/08 00:00:00,0,4491,1144,122,372,0,92,94,79,73,91,0,100,1,0,0,0
153601,2026/03/09 00:00:00,0,11137,1834,1443,6941,0,75,75,60,66,70,4,100,1,0,2,0
153601,2026/03/10 00:00:00,0,12043,2002,1579,7510,0,75,74,56,63,69,5,100,1,1,0,0
153601,2026/03/11 00:00:00,0,12263,2086,1503,7166,0,76,76,59,65,70,4,100,1,0,4,0
153601,2026/03/12 00:00:00,0,12366,2197,1524,6366,0,78,78,61,65,72,3,100,1,0,2,0
153601,2026/03/13 00:00:00,0,13435,2112,1373,6662,0,77,74,55,60,69,4,100,1,0,1,0
153601,2026/03/14 00:00:00,0,4542,1299,188,623,0,93,94,79,71,90,0,100,1,0,0,0
153601,2026/03/15 00:00:00,0,3708,939,127,338,0,94,95,79,72,92,0,100,1,0,0,0
153601,2026/03/16 00:00:00,0,11194,1846,1500,7403,0,77,77,60,64,71,4,100,1,0,0,0
153601,2026/03/17 00:00:00,0,10577,1814,1443,6448,0,75,76,61,65,70,3,100,1,0,2,0
153601,2026/03/18 00:00:00,0,11524,1946,1319,6399,0,79,77,61,66,73,3,100,1,0,1,0
153601,2026/03/19 00:00:00,0,13937,2265,1760,7729,0,79,78,60,64,72,4,100,1,0,1,0
153601,2026/03/20 00:00:00,0,12555,2176,1298,6628,0,82,80,64,67,75,3,100,1,0,2,0
153601,2026/03/21 00:00:00,0,983,258,31,175,0,88,89,67,72,85,0,100,0,0,0,0
153601,2026/03/22 00:00:00,0,3897,1107,126,355,0,93,95,80,73,91,0,100,1,0,0,0
153601,2026/03/23 00:00:00,0,11628,2033,1642,7124,0,78,78,62,66,72,3,100,1,0,0,0
153601,2026/03/24 00:00:00,0,12452,2107,1680,7212,0,81,79,62,67,74,3,100,1,0,0,0
153601,2026/03/25 00:00:00,0,12855,2262,1781,7714,0,71,70,56,61,66,4,100,1,0,0,0
153601,2026/03/26 00:00:00,0,13485,2048,1461,7070,0,75,75,61,64,70,3,100,1,0,3,0
153601,2026/03/27 00:00:00,0,13191,2227,1528,6676,0,81,79,64,67,75,3,100,1,0,1,0
153601,2026/03/28 00:00:00,0,5082,1449,289,720,0,92,93,75,71,89,0,100,1,0,0,0
153601,2026/03/29 00:00:00,0,3957,1103,156,417,0,92,95,79,73,90,0,100,1,0,0,0
153601,2026/03/30 00:00:00,0,11929,2036,1617,7209,0,76,75,61,65,70,3,100,1,0,3,0
153601,2026/03/31 00:00:00,0,12484,1875,1469,6440,0,78,78,62,66,72,3,100,1,1,1,0
153602,2026/03/01 00:00:00,0,5186,1136,150,345,0,89,94,71,75,89,0,100,0,0,0,0
153602,2026/03/02 00:00:00,0,8696,4887,2173,7226,0,75,77,57,62,68,4,100,1,0,0,3
153602,2026/03/03 00:00:00,0,9876,5442,2383,8185,0,67,70,53,58,62,5,100,1,0,0,0
153602,2026/03/04 00:00:00,0,9400,5345,2226,8181,0,70,73,55,60,65,5,100,1,0,0,0
153602,2026/03/05 00:00:00,0,9431,5479,2237,8098,0,72,75,54,59,66,5,100,1,0,0,2
153602,2026/03/06 00:00:00,0,9451,5385,2076,7964,0,72,74,57,61,66,5,100,1,0,0,1
153602,2026/03/07 00:00:00,0,5596,1603,326,854,0,89,92,70,72,86,0,100,0,0,0,0
153602,2026/03/08 00:00:00,0,5535,1324,162,352,0,89,93,73,75,89,0,100,0,0,0,0
153602,2026/03/09 00:00:00,0,9098,5034,2036,7422,0,70,73,54,58,64,5,100,1,0,0,1
153602,2026/03/10 00:00:00,0,9325,5490,2070,7916,0,72,75,57,61,67,4,100,1,0,0,0
153602,2026/03/11 00:00:00,0,9247,5374,1928,7968,0,72,76,56,60,67,4,100,1,0,0,2
153602,2026/03/12 00:00:00,0,9304,5561,2053,7603,0,70,73,56,60,65,5,100,1,0,0,1
153602,2026/03/13 00:00:00,0,9151,5319,1762,6966,0,77,78,58,62,70,4,100,1,0,0,1
153602,2026/03/14 00:00:00,0,5638,1507,292,736,0,89,92,71,73,87,0,100,1,0,0,0
153602,2026/03/15 00:00:00,0,5344,1283,165,324,0,90,93,74,74,89,0,100,0,0,0,0
153602,2026/03/16 00:00:00,0,9058,5214,2079,7268,0,71,75,57,60,66,4,100,1,0,0,0
153602,2026/03/17 00:00:00,0,9536,5370,1917,7652,0,65,67,51,54,60,5,100,1,0,0,1
153602,2026/03/18 00:00:00,0,9648,5940,2123,8766,0,73,75,55,59,66,5,100,1,0,0,1
153602,2026/03/19 00:00:00,0,9733,5498,2249,8463,0,71,74,55,59,65,5,100,1,0,0,0
153602,2026/03/20 00:00:00,0,9686,5239,2109,8234,0,75,76,56,61,68,4,100,1,0,0,1
153602,2026/03/21 00:00:00,0,830,210,76,270,0,89,89,64,72,83,0,100,1,0,0,0
153602,2026/03/22 00:00:00,0,5548,1234,145,355,0,89,94,75,74,89,0,100,0,0,0,0
153602,2026/03/23 00:00:00,0,9221,5083,2096,8076,0,64,68,54,56,61,6,100,1,0,0,0
153602,2026/03/24 00:00:00,0,9395,5471,2078,8560,0,68,73,56,60,64,5,100,1,0,0,0
153602,2026/03/25 00:00:00,0,9485,5407,2110,8420,0,68,72,55,59,64,5,100,1,0,0,0
153602,2026/03/26 00:00:00,0,10225,5703,2179,8751,0,65,68,52,55,60,6,100,1,0,0,2
153602,2026/03/27 00:00:00,0,9867,5607,2043,8687,0,66,70,54,58,62,5,100,1,0,0,1
153602,2026/03/28 00:00:00,0,5515,1337,339,909,0,74,77,65,67,73,0,100,0,0,0,0
153602,2026/03/29 00:00:00,0,4743,1038,188,350,0,74,78,66,68,74,0,100,1,0,0,1
153602,2026/03/30 00:00:00,0,9719,5337,2043,8376,0,62,64,49,52,57,6,100,1,0,0,2
153602,2026/03/31 00:00:00,0,9935,5788,2436,8900,0,67,71,55,58,63,5,100,1,0,0,0
153701,2026/03/01 00:00:00,0,4434,408,74,343,0,88,89,76,72,87,0,100,0,0,0,0
153701,2026/03/02 00:00:00,0,12062,1843,922,8113,0,77,76,67,68,73,6,100,1,0,0,0
153701,2026/03/03 00:00:00,0,12624,1877,956,8238,0,77,76,66,69,73,6,100,1,0,0,0
153701,2026/03/04 00:00:00,0,11983,1777,917,7969,0,78,75,67,68,73,6,100,1,0,0,0
153701,2026/03/05 00:00:00,0,12645,1816,960,7594,0,76,74,67,69,72,6,100,1,0,0,0
153701,2026/03/06 00:00:00,0,12333,1744,822,6926,0,78,75,67,69,73,5,100,1,0,0,0
153701,2026/03/07 00:00:00,0,6255,668,151,808,0,88,87,82,74,86,1,100,1,0,0,0
153701,2026/03/08 00:00:00,0,5182,484,105,392,0,89,88,82,73,87,0,100,1,0,0,0
153701,2026/03/09 00:00:00,0,11528,1765,902,7784,0,75,73,66,69,71,6,100,1,0,0,0
153701,2026/03/10 00:00:00,0,12506,1905,967,8088,0,74,73,65,67,70,6,100,1,0,0,0
153701,2026/03/11 00:00:00,0,12363,1860,896,7945,0,76,73,65,67,71,6,100,1,0,0,0
153701,2026/03/12 00:00:00,0,12576,1868,923,7272,0,77,75,67,68,73,6,100,1,0,0,0
153701,2026/03/13 00:00:00,0,14029,1907,830,6814,0,77,73,64,64,72,6,100,1,0,0,0
153701,2026/03/14 00:00:00,0,5311,546,140,676,0,88,87,82,73,86,0,100,1,0,0,0
153701,2026/03/15 00:00:00,0,4277,394,107,358,0,89,89,79,72,87,0,100,1,0,0,0
153701,2026/03/16 00:00:00,0,11432,1752,883,7727,0,76,74,67,68,72,6,100,1,0,0,0
153701,2026/03/17 00:00:00,0,10745,1603,884,7466,0,77,74,67,68,72,5,100,1,0,0,0
153701,2026/03/18 00:00:00,0,12175,1750,897,7971,0,78,77,68,69,74,6,100,1,0,0,0
153701,2026/03/19 00:00:00,0,14009,2045,1077,8792,0,79,77,67,68,74,6,100,1,0,0,0
153701,2026/03/20 00:00:00,0,12938,1741,826,7499,0,81,77,70,70,76,5,100,1,0,0,0
153701,2026/03/21 00:00:00,0,1084,141,22,188,0,81,81,71,74,80,1,100,0,0,0,0
153701,2026/03/22 00:00:00,0,4592,443,99,373,0,90,88,81,75,89,0,100,0,0,0,0
153701,2026/03/23 00:00:00,0,11568,1819,883,8257,0,79,78,69,70,74,6,100,1,0,0,0
153701,2026/03/24 00:00:00,0,12459,1848,924,8311,0,80,78,69,70,75,6,100,1,0,0,0
153701,2026/03/25 00:00:00,0,12871,2002,996,8843,0,77,75,66,66,72,6,100,1,0,0,0
153701,2026/03/26 00:00:00,0,13678,1920,997,8479,0,77,75,67,66,72,6,100,1,0,0,0
153701,2026/03/27 00:00:00,0,13284,1974,918,7842,0,81,78,71,69,76,5,100,1,0,0,0
153701,2026/03/28 00:00:00,0,5914,628,192,815,0,88,87,80,73,85,0,100,1,0,0,0
153701,2026/03/29 00:00:00,0,4668,424,103,466,0,89,88,82,73,87,0,100,1,0,0,0
153701,2026/03/30 00:00:00,0,12044,1901,984,8283,0,75,75,66,67,71,6,100,1,0,0,0
153701,2026/03/31 00:00:00,0,12807,1929,961,8276,0,77,76,69,68,73,6,100,1,0,0,0
153801,2026/03/01 00:00:00,0,4479,634,95,359,0,92,96,80,77,91,1,100,1,0,0,0
153801,2026/03/02 00:00:00,0,9736,2128,1811,6410,0,76,78,61,66,71,7,100,1,1,0,0
153801,2026/03/03 00:00:00,0,11479,2565,2169,6571,0,65,65,51,61,62,11,100,1,1,0,0
153801,2026/03/04 00:00:00,0,10750,2419,1899,6969,0,71,74,57,64,67,9,100,1,1,0,0
153801,2026/03/05 00:00:00,0,10997,2447,1995,6630,0,71,74,56,63,67,9,100,1,1,0,0
153801,2026/03/06 00:00:00,0,10812,2355,1879,6682,0,74,76,60,65,70,8,100,1,1,0,0
153801,2026/03/07 00:00:00,0,4341,796,201,841,0,91,94,77,75,88,1,100,1,0,0,0
153801,2026/03/08 00:00:00,0,4584,698,104,333,0,92,94,80,78,91,1,100,1,0,0,0
153801,2026/03/09 00:00:00,0,9845,2072,1549,6703,0,73,76,59,64,68,9,100,1,1,15,0
153801,2026/03/10 00:00:00,0,10840,2309,1944,6525,0,73,77,59,65,69,8,100,1,1,0,0
153801,2026/03/11 00:00:00,0,10701,2373,1872,6571,0,72,74,58,64,68,9,100,1,1,0,0
153801,2026/03/12 00:00:00,0,10899,2474,1908,6358,0,71,71,57,64,67,9,100,1,2,0,0
153801,2026/03/13 00:00:00,0,10522,2333,1529,5934,0,77,79,62,66,72,7,100,1,1,0,0
153801,2026/03/14 00:00:00,0,4896,807,182,765,0,90,93,78,76,88,1,100,1,0,0,0
153801,2026/03/15 00:00:00,0,5184,741,126,342,0,92,95,81,77,91,1,100,1,0,0,0
153801,2026/03/16 00:00:00,0,10357,2277,1631,6138,0,72,75,59,65,69,8,100,1,1,5,0
153801,2026/03/17 00:00:00,0,11024,2329,1894,5420,0,65,66,49,59,62,11,100,1,1,1,0
153801,2026/03/18 00:00:00,0,11528,2743,2043,7153,0,72,73,57,62,67,9,100,1,1,0,0
153801,2026/03/19 00:00:00,0,11434,2524,2019,7038,0,73,75,57,64,68,9,100,1,1,0,0
153801,2026/03/20 00:00:00,0,11225,2446,1863,6939,0,75,77,61,65,71,8,100,1,1,0,0
153801,2026/03/21 00:00:00,0,2617,197,137,503,0,63,74,54,63,63,1,100,1,0,0,0
153801,2026/03/22 00:00:00,0,5261,842,115,358,0,92,94,83,77,91,1,100,1,0,0,0
153801,2026/03/23 00:00:00,0,10916,2376,1995,6352,0,64,64,49,61,61,11,100,1,1,0,0
153801,2026/03/24 00:00:00,0,11042,2373,1938,6873,0,70,73,56,64,67,9,100,1,2,0,0
153801,2026/03/25 00:00:00,0,10758,2456,2023,6764,0,68,71,54,62,65,10,100,1,1,0,0
153801,2026/03/26 00:00:00,0,11844,2753,2126,6661,0,63,63,50,59,60,11,100,1,1,0,0
153801,2026/03/27 00:00:00,0,10892,2555,1804,6776,0,70,73,57,64,67,9,100,1,1,6,0
153801,2026/03/28 00:00:00,0,5012,928,289,917,0,89,93,76,75,87,1,100,1,0,0,0
153801,2026/03/29 00:00:00,0,4458,698,148,362,0,91,95,78,77,90,1,100,1,0,0,0
153801,2026/03/30 00:00:00,0,11137,2594,1980,6896,0,63,66,50,58,60,12,100,1,2,7,0
153801,2026/03/31 00:00:00,0,11756,2793,2244,6967,0,67,68,53,61,63,11,100,1,1,0,0
153901,2026/03/01 00:00:00,0,2837,783,72,317,0,94,95,82,76,92,0,100,0,0,0,0
153901,2026/03/02 00:00:00,0,7245,4119,1149,7830,0,89,89,69,70,79,4,100,1,0,0,0
153901,2026/03/03 00:00:00,0,7554,4236,1127,7875,0,90,90,71,70,80,3,100,1,0,0,0
153901,2026/03/04 00:00:00,0,7003,4058,1091,7634,0,87,87,68,68,77,4,100,1,0,0,0
153901,2026/03/05 00:00:00,0,7553,4206,1118,7167,0,90,91,71,70,81,3,100,1,0,0,0
153901,2026/03/06 00:00:00,0,7734,3877,987,6812,0,90,91,72,71,81,3,100,1,0,0,0
153901,2026/03/07 00:00:00,0,4080,1244,156,728,0,93,93,83,75,90,0,100,0,0,0,0
153901,2026/03/08 00:00:00,0,3331,900,93,325,0,92,94,83,76,91,0,100,0,0,0,0
153901,2026/03/09 00:00:00,0,6986,3870,1056,7400,0,90,91,72,70,80,3,100,1,0,0,0
153901,2026/03/10 00:00:00,0,7551,4384,1141,7820,0,89,90,70,69,79,4,100,1,0,0,0
153901,2026/03/11 00:00:00,0,7442,4349,1067,7574,0,89,89,69,69,79,4,100,1,0,0,0
153901,2026/03/12 00:00:00,0,7530,4337,1109,6876,0,90,90,71,70,81,3,100,1,0,0,0
153901,2026/03/13 00:00:00,0,8943,4582,963,6534,0,83,84,67,66,76,4,100,1,0,0,0
153901,2026/03/14 00:00:00,0,3736,1108,138,675,0,93,93,83,74,90,0,100,1,0,0,0
153901,2026/03/15 00:00:00,0,3200,790,99,346,0,91,92,80,75,89,0,100,0,0,0,0
153901,2026/03/16 00:00:00,0,6877,3800,1018,7357,0,91,91,71,71,81,3,100,1,0,0,0
153901,2026/03/17 00:00:00,0,7050,3797,1011,7282,0,90,90,70,70,80,3,100,1,0,0,0
153901,2026/03/18 00:00:00,0,7345,4072,1072,7607,0,90,91,70,70,80,3,100,1,0,0,0
153901,2026/03/19 00:00:00,0,8639,4993,1221,8425,0,88,88,69,68,78,4,100,1,0,0,0
153901,2026/03/20 00:00:00,0,8166,4173,961,7224,0,89,90,71,70,81,3,100,1,0,0,0
153901,2026/03/21 00:00:00,0,1813,608,76,425,0,92,92,78,73,88,0,100,1,0,0,0
153901,2026/03/22 00:00:00,0,3366,999,103,364,0,93,93,83,75,91,0,100,0,0,0,0
153901,2026/03/23 00:00:00,0,6944,3824,1098,7881,0,90,91,70,70,80,3,100,1,0,0,0
153901,2026/03/24 00:00:00,0,7572,4172,1048,7984,0,91,91,71,71,81,3,100,1,0,0,0
153901,2026/03/25 00:00:00,0,7807,4561,1149,8488,0,88,88,68,68,78,4,100,1,0,0,0
153901,2026/03/26 00:00:00,0,8304,4596,1181,8159,0,88,89,68,67,78,4,100,1,0,0,0
153901,2026/03/27 00:00:00,0,8273,4412,1152,7660,0,90,90,71,70,81,4,100,1,0,0,0
153901,2026/03/28 00:00:00,0,4241,1277,226,838,0,93,92,79,74,89,0,100,1,0,0,0
153901,2026/03/29 00:00:00,0,3464,919,134,407,0,93,94,82,76,91,0,100,1,0,0,0
153901,2026/03/30 00:00:00,0,7085,4157,1131,7968,0,89,89,69,69,79,4,100,1,0,0,0
153901,2026/03/31 00:00:00,0,7741,4303,1148,7897,0,90,90,71,70,80,3,100,1,0,0,0
153902,2026/03/01 00:00:00,0,3794,1339,92,390,0,92,95,81,77,91,0,100,0,0,0,0
153902,2026/03/02 00:00:00,0,4833,6428,1069,8342,0,86,87,67,67,76,4,100,1,0,0,0
153902,2026/03/03 00:00:00,0,5350,7672,1327,9127,0,77,77,56,60,68,6,100,1,0,0,0
153902,2026/03/04 00:00:00,0,5103,7286,1111,9043,0,82,83,66,65,73,5,100,1,0,0,0
153902,2026/03/05 00:00:00,0,5158,7446,1184,8842,0,82,82,65,64,73,5,100,1,0,0,0
153902,2026/03/06 00:00:00,0,5418,7096,1137,8603,0,83,84,68,66,75,4,100,1,0,0,0
153902,2026/03/07 00:00:00,0,3550,1627,174,926,0,91,93,81,74,88,0,100,0,0,0,0
153902,2026/03/08 00:00:00,0,3871,1430,115,372,0,92,94,82,77,91,0,100,0,0,0,0
153902,2026/03/09 00:00:00,0,5090,6878,1075,8145,0,81,83,63,64,73,5,100,1,0,0,0
153902,2026/03/10 00:00:00,0,5244,7315,1077,8586,0,83,84,66,66,75,4,100,1,0,0,0
153902,2026/03/11 00:00:00,0,4944,7330,1054,8679,0,82,84,65,64,74,5,100,1,0,0,0
153902,2026/03/12 00:00:00,0,5199,7444,1234,8379,0,80,81,64,64,72,5,100,1,0,0,0
153902,2026/03/13 00:00:00,0,5434,6706,946,7487,0,84,86,69,67,77,4,100,1,0,0,0
153902,2026/03/14 00:00:00,0,3981,1747,183,826,0,91,93,81,74,88,0,100,1,0,0,0
153902,2026/03/15 00:00:00,0,4321,1622,121,387,0,92,95,82,77,91,0,100,0,0,0,0
153902,2026/03/16 00:00:00,0,5127,7009,1079,8101,0,82,83,63,64,73,5,100,1,0,0,0
153902,2026/03/17 00:00:00,0,5355,7299,1166,7958,0,78,79,52,59,69,6,100,1,0,0,0
153902,2026/03/18 00:00:00,0,5463,7902,1235,9462,0,82,83,65,63,73,5,100,1,0,0,0
153902,2026/03/19 00:00:00,0,5578,7664,1164,9207,0,82,84,66,65,74,5,100,1,0,0,0
153902,2026/03/20 00:00:00,0,5741,7009,1097,8937,0,82,84,67,66,75,4,100,1,0,0,0
153902,2026/03/21 00:00:00,0,2108,805,101,640,0,67,71,59,64,67,0,100,1,0,0,0
153902,2026/03/22 00:00:00,0,4425,1684,126,399,0,91,93,82,77,90,0,100,0,0,0,0
153902,2026/03/23 00:00:00,0,5165,7084,1189,8791,0,74,76,55,59,66,7,100,1,0,0,0
153902,2026/03/24 00:00:00,0,5240,7281,1163,9182,0,82,83,64,65,74,5,100,1,0,0,0
153902,2026/03/25 00:00:00,0,5026,7331,1168,9048,0,80,81,62,63,71,5,100,1,0,0,0
153902,2026/03/26 00:00:00,0,5640,7802,1342,9414,0,70,72,50,54,62,7,100,1,0,0,0
153902,2026/03/27 00:00:00,0,5661,7372,1205,9207,0,79,80,61,64,71,5,100,1,0,0,0
153902,2026/03/28 00:00:00,0,4075,1825,230,1061,0,89,91,79,73,86,0,100,1,0,0,0
153902,2026/03/29 00:00:00,0,3772,1398,117,430,0,91,93,79,76,90,0,100,1,0,0,0
153902,2026/03/30 00:00:00,0,5278,7578,1270,9031,0,72,74,52,56,64,7,100,1,0,0,0
153902,2026/03/31 00:00:00,0,5439,8088,1386,9596,0,78,79,59,61,69,6,100,1,0,0,0
154001,2026/03/01 00:00:00,0,3334,340,63,302,0,80,77,64,55,77,0,100,1,0,0,0
154001,2026/03/02 00:00:00,0,9982,1633,1104,7728,0,74,69,54,53,63,6,100,1,1,0,0
154001,2026/03/03 00:00:00,0,10329,1721,1135,7711,0,76,69,55,55,65,6,100,1,1,0,0
154001,2026/03/04 00:00:00,0,9407,1655,1107,7416,0,70,65,50,51,59,8,100,1,1,0,0
154001,2026/03/05 00:00:00,0,10376,1639,1137,6996,0,77,71,55,54,66,6,100,1,1,0,0
154001,2026/03/06 00:00:00,0,10243,1607,954,6660,0,78,72,57,55,67,5,100,1,1,0,0
154001,2026/03/07 00:00:00,0,4836,546,164,706,0,81,75,63,54,75,0,100,1,0,0,0
154001,2026/03/08 00:00:00,0,3925,367,98,309,0,81,76,66,55,78,0,100,1,0,0,0
154001,2026/03/09 00:00:00,0,9503,1587,1075,7264,0,77,71,56,55,65,6,100,1,1,0,0
154001,2026/03/10 00:00:00,0,10457,1727,1163,7636,0,76,70,54,54,65,6,100,1,1,0,0
154001,2026/03/11 00:00:00,0,10357,1673,1054,7390,0,76,71,56,54,65,6,100,1,1,0,0
154001,2026/03/12 00:00:00,0,10449,1675,1086,6725,0,78,71,56,55,66,5,100,1,1,0,0
154001,2026/03/13 00:00:00,0,12068,1719,1013,6360,0,75,70,55,54,66,6,100,1,2,0,0
154001,2026/03/14 00:00:00,0,4409,477,126,664,0,80,75,66,54,75,0,100,1,0,0,0
154001,2026/03/15 00:00:00,0,3687,356,100,320,0,80,75,61,55,76,0,100,1,0,0,0
154001,2026/03/16 00:00:00,0,9329,1535,1016,7229,0,77,71,56,55,65,6,100,1,1,0,0
154001,2026/03/17 00:00:00,0,9559,1533,1063,7106,0,77,71,56,54,65,6,100,1,1,0,0
154001,2026/03/18 00:00:00,0,10047,1615,1094,7426,0,77,72,55,55,66,6,100,1,1,0,0
154001,2026/03/19 00:00:00,0,12064,1927,1231,8204,0,76,71,55,54,65,7,100,1,2,0,0
154001,2026/03/20 00:00:00,0,11063,1562,1026,7049,0,78,71,56,55,67,6,100,1,2,0,0
154001,2026/03/21 00:00:00,0,2173,296,85,398,0,80,74,63,54,74,0,100,1,0,0,0
154001,2026/03/22 00:00:00,0,4021,421,88,335,0,80,74,64,55,76,0,100,1,0,0,0
154001,2026/03/23 00:00:00,0,9402,1588,1032,7766,0,77,71,55,54,64,6,100,1,1,0,0
154001,2026/03/24 00:00:00,0,10311,1623,1077,7775,0,76,70,54,54,64,6,100,1,1,0,0
154001,2026/03/25 00:00:00,0,10823,1747,1166,8332,0,75,69,54,53,63,7,100,1,1,0,0
154001,2026/03/26 00:00:00,0,11438,1702,1155,8043,0,75,68,53,53,64,7,100,1,1,0,0
154001,2026/03/27 00:00:00,0,11190,1751,1130,7535,0,75,70,56,54,65,6,100,1,1,0,0
154001,2026/03/28 00:00:00,0,5010,571,204,844,0,80,74,62,53,74,1,100,1,0,0,0
154001,2026/03/29 00:00:00,0,4096,370,93,420,0,79,72,65,54,75,0,100,1,0,0,0
154001,2026/03/30 00:00:00,0,9758,1693,1112,7859,0,76,69,55,54,64,6,100,1,1,0,0
154001,2026/03/31 00:00:00,0,10560,1740,1121,7774,0,77,71,56,55,65,6,100,1,1,0,0
154002,2026/03/01 00:00:00,0,4678,443,112,349,0,82,81,67,67,80,0,100,1,0,0,0
154002,2026/03/02 00:00:00,0,9541,1839,1563,7589,0,79,75,57,63,70,5,100,1,1,0,0
154002,2026/03/03 00:00:00,0,10964,2193,1980,8017,0,66,61,43,54,58,12,100,1,1,0,0
154002,2026/03/04 00:00:00,0,10331,2205,1641,8168,0,71,67,49,58,63,10,100,1,1,0,0
154002,2026/03/05 00:00:00,0,10633,2073,1750,7925,0,74,70,51,58,65,8,100,1,1,0,0
154002,2026/03/06 00:00:00,0,10529,2059,1765,7606,0,69,67,49,57,62,10,100,1,1,0,0
154002,2026/03/07 00:00:00,0,4563,620,210,855,0,82,79,69,66,79,0,100,0,0,0,0
154002,2026/03/08 00:00:00,0,4803,492,120,337,0,83,81,72,68,81,0,100,0,0,0,0
154002,2026/03/09 00:00:00,0,10195,1881,1471,7488,0,77,74,55,61,68,6,100,1,0,0,0
154002,2026/03/10 00:00:00,0,10644,2018,1696,7642,0,78,75,56,62,69,6,100,1,1,0,0
154002,2026/03/11 00:00:00,0,10400,1988,1700,7722,0,77,75,55,61,68,6,100,1,1,0,0
154002,2026/03/12 00:00:00,0,10573,2171,1849,7374,0,73,68,50,58,64,9,100,1,1,0,0
154002,2026/03/13 00:00:00,0,10289,1978,1540,6603,0,78,75,56,61,70,5,100,1,1,0,0
154002,2026/03/14 00:00:00,0,5072,654,212,751,0,80,77,64,64,77,1,100,1,0,0,0
154002,2026/03/15 00:00:00,0,5420,523,141,335,0,82,80,69,67,80,0,100,0,0,0,0
154002,2026/03/16 00:00:00,0,10308,1955,1618,7198,0,77,73,55,61,69,6,100,1,1,0,0
154002,2026/03/17 00:00:00,0,10773,2025,1691,7100,0,74,70,48,57,65,8,100,1,1,0,0
154002,2026/03/18 00:00:00,0,11182,2300,1749,8588,0,76,72,54,59,67,7,100,1,1,0,0
154002,2026/03/19 00:00:00,0,11205,2168,1750,8261,0,77,73,53,60,68,7,100,1,0,0,0
154002,2026/03/20 00:00:00,0,10903,1986,1636,8094,0,78,74,54,60,68,6,100,1,1,0,0
154002,2026/03/21 00:00:00,0,2524,413,137,570,0,81,78,62,63,76,0,100,1,0,0,0
154002,2026/03/22 00:00:00,0,5517,580,125,379,0,81,79,72,66,79,0,100,0,0,0,0
154002,2026/03/23 00:00:00,0,10302,1999,1885,7695,0,65,59,41,51,56,13,100,1,1,0,0
154002,2026/03/24 00:00:00,0,10646,1987,1744,8267,0,79,75,56,63,70,6,100,1,1,0,0
154002,2026/03/25 00:00:00,0,10414,2053,1840,7973,0,75,72,53,59,66,6,100,1,1,0,0
154002,2026/03/26 00:00:00,0,11387,2272,2062,8104,0,63,57,38,48,54,14,100,1,1,0,0
154002,2026/03/27 00:00:00,0,11048,2132,1915,8130,0,72,68,50,58,63,8,100,1,1,0,0
154002,2026/03/28 00:00:00,0,5183,712,328,911,0,79,76,63,63,75,1,100,1,0,0,0
154002,2026/03/29 00:00:00,0,4709,446,161,362,0,80,79,66,65,78,0,100,1,0,0,0
154002,2026/03/30 00:00:00,0,10893,2124,2028,7781,0,61,55,36,46,51,15,100,1,1,0,0
154002,2026/03/31 00:00:00,0,11394,2253,2141,8426,0,70,66,48,56,61,10,100,1,1,0,0
154101,2026/03/01 00:00:00,0,3019,400,58,173,0,95,95,88,84,95,0,100,0,0,0,0
154101,2026/03/02 00:00:00,0,10624,1873,760,7453,0,83,84,77,75,80,8,100,1,0,1,0
154101,2026/03/03 00:00:00,0,10810,1963,783,7771,0,87,87,79,77,83,7,100,1,0,0,0
154101,2026/03/04 00:00:00,0,10133,1942,774,7469,0,80,81,72,75,77,9,100,1,0,2,0
154101,2026/03/05 00:00:00,0,11487,1970,856,7312,0,86,85,78,76,82,8,100,1,0,0,0
154101,2026/03/06 00:00:00,0,10881,1876,786,6531,0,89,88,81,78,85,6,100,1,0,3,0
154101,2026/03/07 00:00:00,0,4955,799,159,729,0,96,94,90,82,94,1,100,1,0,0,0
154101,2026/03/08 00:00:00,0,4065,572,98,252,0,96,95,91,83,95,0,100,0,0,0,0
154101,2026/03/09 00:00:00,0,10589,1945,815,7321,0,85,85,79,77,82,8,100,1,0,0,0
154101,2026/03/10 00:00:00,0,10856,1948,803,7344,0,86,86,79,77,82,7,100,1,0,0,0
154101,2026/03/11 00:00:00,0,10371,1891,709,6912,0,88,87,78,77,83,7,100,1,0,0,0
154101,2026/03/12 00:00:00,0,9972,1811,729,6198,0,90,89,80,78,85,6,100,1,1,1,0
154101,2026/03/13 00:00:00,0,11584,1942,680,6016,0,83,84,77,75,80,7,100,1,1,0,0
154101,2026/03/14 00:00:00,0,4081,633,133,557,0,95,94,89,81,93,1,100,0,0,0,0
154101,2026/03/15 00:00:00,0,3419,432,90,219,0,94,95,87,82,93,0,100,1,0,0,0
154101,2026/03/16 00:00:00,0,9053,1699,642,6817,0,89,88,80,78,84,7,100,1,0,1,0
154101,2026/03/17 00:00:00,0,9283,1618,643,6873,0,88,88,79,77,83,7,100,1,0,0,0
154101,2026/03/18 00:00:00,0,9336,1696,660,7132,0,90,89,80,78,85,7,100,1,0,7,0
154101,2026/03/19 00:00:00,0,11143,2055,754,7616,0,87,86,80,77,83,8,100,1,1,4,0
154101,2026/03/20 00:00:00,0,10464,1718,657,6246,0,91,90,82,79,86,6,100,1,0,5,0
154101,2026/03/21 00:00:00,0,2380,371,67,381,0,95,93,89,82,92,0,100,1,0,0,0
154101,2026/03/22 00:00:00,0,3863,552,97,249,0,95,95,90,84,94,0,100,1,0,22,0
154101,2026/03/23 00:00:00,0,9547,1756,708,7431,0,88,87,80,78,83,7,100,1,1,14,0
154101,2026/03/24 00:00:00,0,10855,1867,750,7968,0,85,84,77,76,81,8,100,1,2,7,0
154101,2026/03/25 00:00:00,0,11641,2018,828,8432,0,85,85,77,75,80,8,100,1,0,7,0
154101,2026/03/26 00:00:00,0,11610,1934,841,8049,0,84,83,78,75,80,8,100,1,2,12,0
154101,2026/03/27 00:00:00,0,11488,1927,830,7395,0,85,83,78,76,81,7,100,1,1,19,0
154101,2026/03/28 00:00:00,0,5031,809,187,889,0,94,93,87,79,90,1,100,1,1,0,0
154101,2026/03/29 00:00:00,0,4050,510,109,346,0,95,94,86,81,92,0,100,1,0,3,0
154101,2026/03/30 00:00:00,0,10005,1860,768,7810,0,86,85,78,76,81,8,100,1,1,3,0
154101,2026/03/31 00:00:00,0,10658,1882,797,7776,0,85,85,79,76,81,7,100,1,1,5,0
154201,2026/03/01 00:00:00,0,4762,347,78,272,0,95,94,86,82,94,1,100,0,0,0,0
154201,2026/03/02 00:00:00,0,10522,1695,989,7742,0,62,64,45,56,58,16,100,1,0,0,0
154201,2026/03/03 00:00:00,0,12327,1942,1146,8581,0,58,58,44,53,55,18,100,1,0,0,0
154201,2026/03/04 00:00:00,0,11801,2012,917,8552,0,65,65,54,60,62,15,100,1,0,0,0
154201,2026/03/05 00:00:00,0,12212,1996,1037,8677,0,70,69,57,62,66,13,100,1,0,0,0
154201,2026/03/06 00:00:00,0,11910,1991,1062,7772,0,74,72,60,65,70,12,100,1,0,0,0
154201,2026/03/07 00:00:00,0,4919,629,161,853,0,93,91,85,79,91,1,100,0,0,0,0
154201,2026/03/08 00:00:00,0,5114,448,95,290,0,95,93,88,82,94,1,100,0,0,0,0
154201,2026/03/09 00:00:00,0,11717,1854,976,7762,0,63,63,56,61,61,15,100,1,0,0,0
154201,2026/03/10 00:00:00,0,12199,2011,879,7856,0,78,77,68,68,74,10,100,1,0,0,0
154201,2026/03/11 00:00:00,0,11854,1911,813,7913,0,84,83,72,70,78,9,100,1,0,0,0
154201,2026/03/12 00:00:00,0,11913,2032,857,7656,0,89,87,77,74,82,8,100,1,0,0,0
154201,2026/03/13 00:00:00,0,11411,1902,681,6681,0,88,87,76,73,82,7,100,1,0,0,0
154201,2026/03/14 00:00:00,0,5149,634,142,685,0,93,91,86,80,91,1,100,0,0,0,0
154201,2026/03/15 00:00:00,0,5526,439,104,278,0,95,94,88,83,94,1,100,0,0,0,0
154201,2026/03/16 00:00:00,0,11438,1877,796,7686,0,85,83,72,71,79,8,100,1,0,0,0
154201,2026/03/17 00:00:00,0,11955,1941,772,7726,0,87,84,70,70,80,8,100,1,0,0,0
154201,2026/03/18 00:00:00,0,12285,2118,865,8843,0,86,83,70,68,78,9,100,1,0,0,0
154201,2026/03/19 00:00:00,0,12190,2026,826,8360,0,88,86,73,72,81,8,100,1,0,0,0
154201,2026/03/20 00:00:00,0,11656,1860,764,7632,0,86,84,70,69,79,9,100,1,0,0,0
154201,2026/03/21 00:00:00,0,2954,400,78,509,0,93,91,86,79,90,0,100,0,0,0,0
154201,2026/03/22 00:00:00,0,5725,532,106,324,0,94,92,87,82,93,1,100,0,0,0,0
154201,2026/03/23 00:00:00,0,12017,1887,983,8376,0,62,62,46,55,58,17,100,1,0,0,0
154201,2026/03/24 00:00:00,0,12074,1908,934,8766,0,69,69,59,63,66,14,100,1,0,0,0
154201,2026/03/25 00:00:00,0,12095,1911,943,8610,0,70,70,57,62,65,13,100,1,0,0,0
154201,2026/03/26 00:00:00,0,12848,2090,1121,8806,0,58,58,41,50,53,18,100,1,0,0,0
154201,2026/03/27 00:00:00,0,12578,2036,968,8308,0,74,73,61,67,70,12,100,1,0,0,0
154201,2026/03/28 00:00:00,0,5799,709,183,965,0,93,90,86,79,90,1,100,0,0,0,0
154201,2026/03/29 00:00:00,0,5101,406,105,342,0,94,93,87,81,93,1,100,1,0,0,0
154201,2026/03/30 00:00:00,0,12482,1960,1037,8639,0,57,55,38,47,51,19,100,1,0,0,0
154201,2026/03/31 00:00:00,0,12813,2095,1102,9031,0,65,65,55,59,61,15,100,1,0,0,0
154202,2026/03/01 00:00:00,0,317,16,1,3,0,103,103,81,95,103,0,100,0,0,0,0
154202,2026/03/02 00:00:00,0,6615,741,147,687,0,90,91,85,83,89,2,100,1,0,0,0
154202,2026/03/03 00:00:00,0,6518,763,128,674,0,92,92,86,84,91,2,100,1,0,0,0
154202,2026/03/04 00:00:00,0,6114,783,129,703,0,94,93,84,83,93,2,100,1,0,0,0
154202,2026/03/05 00:00:00,0,6850,845,147,616,0,92,91,85,83,91,2,100,0,0,0,0
154202,2026/03/06 00:00:00,0,6293,696,133,515,0,95,95,87,85,94,1,100,1,0,0,0
154202,2026/03/07 00:00:00,0,828,84,9,17,0,102,103,88,85,102,0,100,0,0,0,0
154202,2026/03/08 00:00:00,0,489,39,3,5,0,103,102,95,82,103,0,100,0,0,0,0
154202,2026/03/09 00:00:00,0,6588,754,136,626,0,91,91,87,84,90,2,100,1,0,0,0
154202,2026/03/10 00:00:00,0,6715,824,150,607,0,90,90,84,83,89,2,100,1,0,0,0
154202,2026/03/11 00:00:00,0,6327,735,120,579,0,92,92,83,82,91,2,100,1,0,0,0
154202,2026/03/12 00:00:00,0,5924,715,131,426,0,95,94,87,84,94,1,100,0,0,0,0
154202,2026/03/13 00:00:00,0,6959,764,130,461,0,89,89,84,81,88,2,100,0,0,0,0
154202,2026/03/14 00:00:00,0,651,54,10,8,0,102,102,88,83,101,0,100,0,0,0,0
154202,2026/03/15 00:00:00,0,410,19,1,3,0,103,104,91,95,103,0,100,0,0,0,0
154202,2026/03/16 00:00:00,0,5490,648,110,504,0,95,94,86,84,93,1,100,1,0,0,0
154202,2026/03/17 00:00:00,0,5573,644,117,573,0,94,93,85,84,93,2,100,0,0,0,0
154202,2026/03/18 00:00:00,0,5848,687,104,545,0,96,96,87,84,94,1,100,1,0,0,0
154202,2026/03/19 00:00:00,0,7267,875,151,654,0,92,90,85,83,91,2,100,1,0,0,0
154202,2026/03/20 00:00:00,0,6098,658,122,503,0,96,96,87,84,95,1,100,1,0,0,0
154202,2026/03/21 00:00:00,0,365,20,5,8,0,105,100,93,83,104,0,100,0,0,0,0
154202,2026/03/22 00:00:00,0,498,31,2,4,0,104,105,82,86,104,0,100,0,0,0,0
154202,2026/03/23 00:00:00,0,6275,750,147,629,0,94,93,86,84,93,2,100,1,0,0,0
154202,2026/03/24 00:00:00,0,7190,850,174,751,0,90,89,83,82,89,2,100,1,0,0,0
154202,2026/03/25 00:00:00,0,8021,997,182,885,0,91,90,85,82,90,2,100,1,0,0,0
154202,2026/03/26 00:00:00,0,8078,929,159,674,0,90,90,87,83,90,2,100,0,0,0,0
154202,2026/03/27 00:00:00,0,7704,840,153,637,0,92,91,85,82,91,2,100,1,0,0,0
154202,2026/03/28 00:00:00,0,1024,84,13,30,0,102,99,97,82,101,0,100,0,0,0,0
154202,2026/03/29 00:00:00,0,534,26,7,9,0,102,102,92,84,101,0,100,1,0,0,1
154202,2026/03/30 00:00:00,0,6773,832,141,686,0,92,91,85,83,91,2,100,1,0,0,0
154202,2026/03/31 00:00:00,0,7041,823,153,647,0,93,92,85,84,92,2,100,1,0,0,0
154301,2026/03/01 00:00:00,0,4964,338,76,386,0,97,96,86,79,95,0,100,1,0,0,0
154301,2026/03/02 00:00:00,0,10057,1515,917,7216,0,68,70,51,63,65,10,100,1,0,0,0
154301,2026/03/03 00:00:00,0,11961,1714,1066,7917,0,67,66,51,63,64,10,100,1,1,0,0
154301,2026/03/04 00:00:00,0,12039,1821,902,7910,0,72,73,61,69,70,8,100,1,0,0,0
154301,2026/03/05 00:00:00,0,12526,1806,932,8245,0,76,75,66,71,73,7,100,1,0,0,0
154301,2026/03/06 00:00:00,0,12203,1823,946,7179,0,84,81,71,74,79,6,100,1,0,0,0
154301,2026/03/07 00:00:00,0,5006,605,165,820,0,94,93,87,79,92,0,100,1,0,0,0
154301,2026/03/08 00:00:00,0,5132,439,96,321,0,96,94,90,80,95,0,100,1,0,0,0
154301,2026/03/09 00:00:00,0,11372,1624,951,7252,0,68,67,58,69,67,9,100,1,0,0,0
154301,2026/03/10 00:00:00,0,13183,1937,946,7729,0,85,84,75,76,81,6,100,1,0,0,0
154301,2026/03/11 00:00:00,0,13011,1866,882,8070,0,89,87,79,77,84,5,100,1,0,0,0
154301,2026/03/12 00:00:00,0,13197,2065,960,7720,0,91,89,80,79,86,5,100,1,0,0,0
154301,2026/03/13 00:00:00,0,12710,1896,758,6742,0,91,89,80,77,86,4,100,1,0,0,0
154301,2026/03/14 00:00:00,0,5588,643,156,897,0,94,91,86,77,91,0,100,0,0,0,0
154301,2026/03/15 00:00:00,0,5875,447,99,326,0,96,95,88,81,95,0,100,1,0,0,0
154301,2026/03/16 00:00:00,0,12769,1913,925,7890,0,89,86,78,77,84,5,100,1,0,0,0
154301,2026/03/17 00:00:00,0,13547,2016,869,8018,0,90,88,76,77,85,5,100,1,0,0,0
154301,2026/03/18 00:00:00,0,13825,2151,980,9114,0,89,86,76,75,83,6,100,1,0,0,0
154301,2026/03/19 00:00:00,0,13634,2055,900,8496,0,90,88,79,78,85,5,100,1,0,0,0
154301,2026/03/20 00:00:00,0,12942,1885,836,7735,0,89,87,74,75,83,5,100,1,0,0,0
154301,2026/03/21 00:00:00,0,3485,459,87,747,0,93,89,82,75,88,0,100,1,0,0,0
154301,2026/03/22 00:00:00,0,6020,520,104,370,0,95,92,88,81,93,0,100,1,0,0,0
154301,2026/03/23 00:00:00,0,11972,1698,1041,8000,0,67,66,49,60,63,11,100,1,0,0,0
154301,2026/03/24 00:00:00,0,11782,1754,905,8172,0,76,75,65,71,73,8,100,1,0,0,0
154301,2026/03/25 00:00:00,0,12304,1784,924,8157,0,77,76,66,71,74,7,100,1,0,0,0
154301,2026/03/26 00:00:00,0,13039,1901,1113,8267,0,63,63,50,59,60,11,100,1,0,0,0
154301,2026/03/27 00:00:00,0,12763,1865,874,7800,0,79,79,70,73,76,7,100,1,0,0,0
154301,2026/03/28 00:00:00,0,5903,666,177,985,0,95,93,88,79,92,1,100,1,0,0,0
154301,2026/03/29 00:00:00,0,5209,397,100,363,0,97,94,88,81,95,0,100,1,0,0,0
154301,2026/03/30 00:00:00,0,12472,1816,1039,8064,0,62,61,41,54,57,12,100,1,0,0,0
154301,2026/03/31 00:00:00,0,13053,1962,1059,8482,0,74,74,65,69,71,8,100,1,0,0,0
154401,2026/03/01 00:00:00,0,4912,372,84,360,0,92,94,81,74,87,0,100,1,0,0,0
154401,2026/03/02 00:00:00,0,10019,1618,946,6880,0,61,67,53,64,59,9,100,1,5,0,0
154401,2026/03/03 00:00:00,0,11906,1924,1175,7439,0,62,64,53,63,60,10,100,1,6,0,0
154401,2026/03/04 00:00:00,0,11996,1940,997,7517,0,69,72,62,69,67,8,100,1,4,0,0
154401,2026/03/05 00:00:00,0,12405,1973,1049,7833,0,73,73,64,71,70,7,100,1,6,0,0
154401,2026/03/06 00:00:00,0,12151,2020,1020,6744,0,76,78,66,72,72,6,100,1,8,0,0
154401,2026/03/07 00:00:00,0,4981,626,186,756,0,89,90,76,76,83,0,100,1,1,0,0
154401,2026/03/08 00:00:00,0,5066,461,104,283,0,95,93,84,78,90,0,100,1,1,0,0
154401,2026/03/09 00:00:00,0,11306,1753,1113,6799,0,63,65,57,68,63,10,100,1,6,0,0
154401,2026/03/10 00:00:00,0,13088,2031,1094,7576,0,83,82,73,75,79,6,100,1,2,0,0
154401,2026/03/11 00:00:00,0,12996,1954,1014,7820,0,82,82,74,74,78,5,100,1,2,0,0
154401,2026/03/12 00:00:00,0,13183,2206,1118,7338,0,83,84,75,76,79,5,100,1,5,0,0
154401,2026/03/13 00:00:00,0,12700,1958,870,6604,0,88,87,77,76,83,4,100,1,2,0,0
154401,2026/03/14 00:00:00,0,5599,643,173,881,0,92,91,82,76,88,1,100,1,0,0,0
154401,2026/03/15 00:00:00,0,5768,519,110,314,0,91,91,80,78,87,0,100,1,1,0,0
154401,2026/03/16 00:00:00,0,12783,2036,1049,7533,0,82,82,72,74,77,5,100,1,4,0,0
154401,2026/03/17 00:00:00,0,13468,2252,987,7536,0,84,84,74,75,79,5,100,1,8,0,0
154401,2026/03/18 00:00:00,0,13678,2383,1113,8684,0,83,81,72,74,78,6,100,1,6,0,0
154401,2026/03/19 00:00:00,0,13519,2293,1038,8060,0,83,82,73,76,78,5,100,1,8,0,0
154401,2026/03/20 00:00:00,0,12813,2041,1014,7284,0,83,85,69,73,78,5,100,1,8,0,0
154401,2026/03/21 00:00:00,0,3404,516,129,637,0,85,86,66,72,77,0,100,1,1,0,0
154401,2026/03/22 00:00:00,0,5908,600,135,345,0,92,90,76,77,88,0,100,1,1,0,0
154401,2026/03/23 00:00:00,0,11880,1911,1140,7600,0,61,64,50,60,58,10,100,1,5,0,0
154401,2026/03/24 00:00:00,0,11759,1911,1060,7663,0,69,71,60,71,67,8,100,1,7,0,0
154401,2026/03/25 00:00:00,0,12267,1850,1023,7887,0,75,74,64,71,72,7,100,1,3,0,0
154401,2026/03/26 00:00:00,0,12899,2030,1131,8208,0,62,61,53,61,60,10,100,1,2,0,0
154401,2026/03/27 00:00:00,0,12696,2018,1035,7426,0,73,75,61,72,70,7,100,1,4,0,0
154401,2026/03/28 00:00:00,0,5830,716,206,948,0,90,87,82,77,85,1,100,1,1,0,0
154401,2026/03/29 00:00:00,0,5120,463,113,347,0,94,92,78,77,91,0,100,1,1,0,0
154401,2026/03/30 00:00:00,0,12387,1958,1172,7796,0,60,59,43,55,55,12,100,1,4,0,0
154401,2026/03/31 00:00:00,0,13060,2119,1219,7995,0,69,73,63,70,67,7,100,1,7,0,0
154501,2026/03/01 00:00:00,0,3433,255,61,265,0,100,97,87,79,98,0,100,0,0,0,0
154501,2026/03/02 00:00:00,0,11051,1543,816,6676,0,89,88,79,77,84,5,100,1,1,0,0
154501,2026/03/03 00:00:00,0,11296,1546,884,6787,0,93,91,80,79,87,4,100,1,1,0,0
154501,2026/03/04 00:00:00,0,10629,1564,804,6705,0,94,91,80,79,87,4,100,1,0,0,0
154501,2026/03/05 00:00:00,0,11822,1611,882,6597,0,90,87,79,77,84,5,100,1,1,0,0
154501,2026/03/06 00:00:00,0,11670,1548,802,5791,0,95,92,81,79,89,4,100,1,1,0,0
154501,2026/03/07 00:00:00,0,5215,575,146,712,0,100,96,86,78,96,0,100,1,0,0,0
154501,2026/03/08 00:00:00,0,4254,366,94,262,0,100,98,90,81,99,0,100,0,0,0,0
154501,2026/03/09 00:00:00,0,10958,1586,858,6499,0,88,87,78,77,84,5,100,1,1,0,0
154501,2026/03/10 00:00:00,0,12707,1714,982,6801,0,82,82,74,74,78,6,100,1,1,0,0
154501,2026/03/11 00:00:00,0,12393,1709,893,6708,0,86,85,75,75,81,5,100,1,1,0,0
154501,2026/03/12 00:00:00,0,12315,1805,926,5998,0,92,88,78,77,86,4,100,1,0,0,0
154501,2026/03/13 00:00:00,0,13820,1771,857,5897,0,82,80,72,73,78,6,100,1,1,0,0
154501,2026/03/14 00:00:00,0,4870,534,153,662,0,99,95,86,77,95,0,100,1,0,0,0
154501,2026/03/15 00:00:00,0,4003,323,83,254,0,99,97,87,80,97,0,100,1,0,0,0
154501,2026/03/16 00:00:00,0,11216,1578,854,6709,0,90,88,78,77,85,5,100,1,1,0,0
154501,2026/03/17 00:00:00,0,11715,1583,882,6769,0,88,86,76,76,83,5,100,1,1,0,0
154501,2026/03/18 00:00:00,0,11960,1646,879,7043,0,93,90,79,78,87,4,100,1,1,0,0
154501,2026/03/19 00:00:00,0,13902,1976,1006,7429,0,86,83,77,76,82,6,100,1,1,0,0
154501,2026/03/20 00:00:00,0,12736,1701,852,6171,0,92,90,80,78,87,4,100,1,1,0,0
154501,2026/03/21 00:00:00,0,3199,355,95,559,0,101,96,84,76,96,0,100,0,0,0,0
154501,2026/03/22 00:00:00,0,4425,396,85,290,0,100,97,90,80,98,0,100,1,0,0,0
154501,2026/03/23 00:00:00,0,10788,1575,821,6664,0,94,92,81,79,88,4,100,1,0,0,0
154501,2026/03/24 00:00:00,0,12063,1673,822,6962,0,87,85,79,77,83,5,100,1,1,0,0
154501,2026/03/25 00:00:00,0,12663,1768,891,7565,0,89,86,78,77,84,5,100,1,1,0,0
154501,2026/03/26 00:00:00,0,13233,1754,961,7034,0,91,88,79,78,86,5,100,1,1,0,0
154501,2026/03/27 00:00:00,0,12974,1767,826,6516,0,91,88,80,78,86,4,100,1,0,0,0
154501,2026/03/28 00:00:00,0,5473,587,176,857,0,99,96,87,79,96,0,100,1,0,0,0
154501,2026/03/29 00:00:00,0,4334,330,97,319,0,99,96,87,81,97,0,100,1,0,0,0
154501,2026/03/30 00:00:00,0,10993,1651,775,6701,0,92,89,79,78,86,4,100,1,0,0,0
154501,2026/03/31 00:00:00,0,11834,1664,869,6727,0,92,90,81,79,87,4,100,1,0,0,0
158201,2026/03/01 00:00:00,0,13884,1100,208,286,0,110,108,97,87,109,1,100,1,0,0,0
158201,2026/03/02 00:00:00,0,13097,1753,607,3231,0,111,106,90,85,104,3,100,0,0,0,0
158201,2026/03/03 00:00:00,0,13229,1805,638,3042,0,110,106,91,85,104,3,100,1,0,0,0
158201,2026/03/04 00:00:00,0,13211,1760,589,3103,0,110,106,91,85,104,3,100,1,0,0,0
158201,2026/03/05 00:00:00,0,14020,1852,656,3281,0,110,106,91,85,104,3,100,1,0,0,0
158201,2026/03/06 00:00:00,0,16640,2152,735,3266,0,110,106,92,85,104,3,100,0,0,0,0
158201,2026/03/07 00:00:00,0,16062,1523,392,636,0,109,107,98,86,108,2,100,1,0,0,0
158201,2026/03/08 00:00:00,0,15107,1271,248,278,0,109,108,96,87,109,2,100,1,0,0,0
158201,2026/03/09 00:00:00,0,13190,1814,616,3240,0,110,106,91,85,104,3,100,0,0,0,0
158201,2026/03/10 00:00:00,0,12953,1822,602,3242,0,109,105,90,85,103,3,100,1,0,0,0
158201,2026/03/11 00:00:00,0,13008,1738,617,3150,0,109,105,90,84,103,3,100,0,0,0,0
158201,2026/03/12 00:00:00,0,13574,1804,624,2963,0,110,106,90,85,104,3,100,1,0,0,0
158201,2026/03/13 00:00:00,0,14511,1910,649,2753,0,109,105,91,84,104,3,100,1,0,0,0
158201,2026/03/14 00:00:00,0,14716,1407,334,653,0,108,106,96,85,107,2,100,1,0,0,0
158201,2026/03/15 00:00:00,0,14074,1106,205,285,0,110,107,96,87,109,2,100,1,0,0,0
158201,2026/03/16 00:00:00,0,13026,1833,591,3391,0,109,104,90,84,102,3,100,1,0,0,0
158201,2026/03/17 00:00:00,0,13981,1958,648,3507,0,102,100,82,82,97,5,100,1,0,0,0
158201,2026/03/18 00:00:00,0,13647,1805,636,3358,0,110,105,91,85,104,3,100,1,0,0,0
158201,2026/03/19 00:00:00,0,13828,1906,637,3163,0,110,106,91,85,104,3,100,1,0,0,0
158201,2026/03/20 00:00:00,0,16334,2051,699,3078,0,109,106,91,85,104,3,100,0,0,0,0
158201,2026/03/21 00:00:00,0,17539,1630,425,796,0,109,106,97,86,107,2,100,1,0,0,0
158201,2026/03/22 00:00:00,0,15179,1246,270,279,0,109,107,97,86,108,2,100,1,0,0,0
158201,2026/03/23 00:00:00,0,13660,1755,633,3305,0,109,105,90,85,103,3,100,1,0,0,0
158201,2026/03/24 00:00:00,0,13065,1776,628,3186,0,110,105,90,85,103,3,100,1,0,0,0
158201,2026/03/25 00:00:00,0,13410,1767,566,3258,0,107,103,89,84,101,3,100,1,0,0,0
158201,2026/03/26 00:00:00,0,13567,1770,626,3269,0,107,104,89,84,102,3,100,0,0,0,0
158201,2026/03/27 00:00:00,0,17001,2443,897,3264,0,109,106,91,85,104,3,100,0,0,0,0
158201,2026/03/28 00:00:00,0,16513,1728,664,839,0,106,103,92,85,104,2,100,0,0,0,0
158201,2026/03/29 00:00:00,0,14956,1264,371,289,0,108,105,93,87,107,2,100,1,0,0,1
158201,2026/03/30 00:00:00,0,14153,2028,659,3337,0,106,102,88,84,100,3,100,1,0,0,0
158201,2026/03/31 00:00:00,0,13746,1895,684,3357,0,109,105,89,85,103,3,100,1,0,0,0
159201,2026/03/01 00:00:00,0,3117,293,58,165,0,94,93,85,81,93,0,100,1,0,0,0
159201,2026/03/02 00:00:00,0,10988,1791,929,7236,0,83,83,75,73,79,8,100,1,0,0,0
159201,2026/03/03 00:00:00,0,11169,1842,932,7582,0,85,84,76,75,80,7,100,1,0,0,0
159201,2026/03/04 00:00:00,0,10451,1872,853,7332,0,84,83,75,74,80,7,100,1,0,0,0
159201,2026/03/05 00:00:00,0,11689,1844,990,7125,0,84,83,76,74,80,8,100,1,0,0,0
159201,2026/03/06 00:00:00,0,11444,1780,902,6371,0,87,85,77,76,83,7,100,1,0,0,0
159201,2026/03/07 00:00:00,0,5131,643,155,708,0,94,91,86,79,91,1,100,0,0,0,0
159201,2026/03/08 00:00:00,0,4199,435,95,244,0,94,93,86,80,93,0,100,0,0,0,0
159201,2026/03/09 00:00:00,0,10790,1853,920,7137,0,83,83,76,75,80,8,100,0,0,0,0
159201,2026/03/10 00:00:00,0,11081,1855,902,7171,0,85,83,76,74,80,8,100,1,0,0,0
159201,2026/03/11 00:00:00,0,10634,1767,828,6706,0,86,85,77,75,81,7,100,1,0,0,0
159201,2026/03/12 00:00:00,0,10503,1758,845,6020,0,89,87,78,76,84,6,100,1,0,0,0
159201,2026/03/13 00:00:00,0,12002,1840,759,5863,0,82,82,75,73,79,7,100,1,0,0,0
159201,2026/03/14 00:00:00,0,4260,497,134,534,0,94,92,86,79,92,1,100,0,0,0,0
159201,2026/03/15 00:00:00,0,3568,336,77,212,0,94,93,85,80,93,0,100,1,0,0,0
159201,2026/03/16 00:00:00,0,9367,1615,745,6641,0,88,86,78,76,82,7,100,1,0,0,0
159201,2026/03/17 00:00:00,0,9665,1529,762,6692,0,87,86,77,75,82,7,100,1,0,0,0
159201,2026/03/18 00:00:00,0,9967,1638,754,6978,0,89,87,78,76,83,7,100,1,0,0,0
159201,2026/03/19 00:00:00,0,11866,2005,884,7448,0,85,83,76,74,80,8,100,1,0,0,0
159201,2026/03/20 00:00:00,0,11105,1620,740,6104,0,89,87,79,76,84,6,100,1,0,0,0
159201,2026/03/21 00:00:00,0,2464,294,64,369,0,94,91,86,79,91,0,100,0,0,0,0
159201,2026/03/22 00:00:00,0,4032,397,86,242,0,94,92,87,81,93,0,100,0,0,0,0
159201,2026/03/23 00:00:00,0,10514,1724,856,7281,0,87,85,78,76,82,7,100,1,0,0,0
159201,2026/03/24 00:00:00,0,11799,1844,893,7830,0,84,82,76,74,79,8,100,1,0,0,0
159201,2026/03/25 00:00:00,0,12287,2013,953,8281,0,84,83,76,73,80,8,100,1,0,0,0
159201,2026/03/26 00:00:00,0,12713,1973,958,7853,0,83,82,76,73,79,8,100,1,0,0,0
159201,2026/03/27 00:00:00,0,12655,1997,980,7205,0,84,82,76,74,80,8,100,1,0,0,0
159201,2026/03/28 00:00:00,0,5369,670,182,872,0,94,91,86,79,91,1,100,0,0,0,0
159201,2026/03/29 00:00:00,0,4270,379,103,326,0,94,92,86,80,92,0,100,1,0,0,0
159201,2026/03/30 00:00:00,0,10726,1877,904,7616,0,85,84,75,74,80,8,100,1,0,0,0
159201,2026/03/31 00:00:00,0,11507,1894,959,7586,0,85,83,77,75,80,8,100,1,0,0,0
159202,2026/03/01 00:00:00,0,4729,403,79,273,0,94,93,87,84,93,0,100,1,0,0,0
159202,2026/03/02 00:00:00,0,10533,1780,945,7824,0,68,69,56,62,65,5,100,1,0,0,0
159202,2026/03/03 00:00:00,0,12325,2094,1001,8761,0,71,71,65,66,68,5,100,1,0,0,0
159202,2026/03/04 00:00:00,0,11790,2138,913,8642,0,73,73,66,67,70,5,100,1,0,0,0
159202,2026/03/05 00:00:00,0,12189,2130,1017,8770,0,75,75,67,67,71,5,100,1,0,0,0
159202,2026/03/06 00:00:00,0,11928,2052,990,7901,0,78,78,71,71,75,4,100,1,0,0,0
159202,2026/03/07 00:00:00,0,4864,712,160,855,0,93,91,86,83,91,0,100,0,0,0,0
159202,2026/03/08 00:00:00,0,5049,529,97,292,0,93,91,87,84,92,0,100,0,0,0,0
159202,2026/03/09 00:00:00,0,11691,1970,980,7793,0,73,73,66,69,71,5,100,1,0,0,0
159202,2026/03/10 00:00:00,0,12168,2101,922,7863,0,75,78,69,71,73,4,100,0,0,0,0
159202,2026/03/11 00:00:00,0,11844,1973,851,7942,0,81,82,73,73,78,4,100,1,0,0,0
159202,2026/03/12 00:00:00,0,11911,2105,904,7689,0,85,85,77,75,81,4,100,1,0,0,0
159202,2026/03/13 00:00:00,0,11385,1981,724,6722,0,86,85,77,75,82,3,100,0,0,0,0
159202,2026/03/14 00:00:00,0,5104,687,154,687,0,92,90,87,82,91,0,100,0,0,0,0
159202,2026/03/15 00:00:00,0,5482,510,102,279,0,94,92,88,85,93,0,100,0,0,0,0
159202,2026/03/16 00:00:00,0,11435,1957,835,7719,0,81,82,74,73,78,4,100,1,0,0,0
159202,2026/03/17 00:00:00,0,11973,2008,787,7754,0,84,83,71,73,79,4,100,1,0,0,0
159202,2026/03/18 00:00:00,0,12293,2193,900,8883,0,84,83,73,72,79,4,100,0,0,0,0
159202,2026/03/19 00:00:00,0,12207,2092,859,8403,0,85,85,75,75,81,4,100,1,0,0,0
159202,2026/03/20 00:00:00,0,11672,1924,789,7673,0,83,83,71,71,78,4,100,1,0,0,0
159202,2026/03/21 00:00:00,0,2952,430,79,512,0,92,90,87,82,90,0,100,0,0,0,0
159202,2026/03/22 00:00:00,0,5688,589,105,324,0,93,91,87,83,92,0,100,0,0,0,0
159202,2026/03/23 00:00:00,0,12015,1966,947,8498,0,70,71,61,64,67,5,100,1,0,0,0
159202,2026/03/24 00:00:00,0,12040,2036,966,8801,0,73,74,64,68,70,5,100,1,0,0,0
159202,2026/03/25 00:00:00,0,12066,2050,938,8657,0,74,76,65,68,71,5,100,0,0,0,0
159202,2026/03/26 00:00:00,0,12841,2186,1020,8936,0,69,70,61,63,66,5,100,1,0,0,0
159202,2026/03/27 00:00:00,0,12567,2149,929,8402,0,76,76,68,70,73,4,100,1,0,0,0
159202,2026/03/28 00:00:00,0,5740,774,189,974,0,92,90,87,82,90,0,100,0,0,0,0
159202,2026/03/29 00:00:00,0,5030,494,107,338,0,93,92,87,83,92,0,100,1,0,0,0
159202,2026/03/30 00:00:00,0,12481,2036,953,8791,0,67,67,56,60,64,6,100,1,0,0,0
159202,2026/03/31 00:00:00,0,12768,2216,1106,9136,0,67,69,58,63,65,6,100,1,0,0,0
159301,2026/03/01 00:00:00,0,3047,375,60,172,0,99,99,93,91,98,0,100,0,0,0,0
159301,2026/03/02 00:00:00,0,10849,1957,816,7485,0,89,90,85,85,87,7,100,1,0,0,0
159301,2026/03/03 00:00:00,0,10959,2029,846,7829,0,91,92,87,86,89,7,100,1,0,0,0
159301,2026/03/04 00:00:00,0,10263,2039,777,7559,0,86,87,84,83,85,7,100,1,0,0,0
159301,2026/03/05 00:00:00,0,11502,2035,930,7354,0,90,91,86,85,88,7,100,1,0,0,0
159301,2026/03/06 00:00:00,0,11273,1991,839,6588,0,93,92,87,86,90,6,100,1,0,0,0
159301,2026/03/07 00:00:00,0,5054,740,158,720,0,99,97,93,90,97,1,100,0,0,0,0
159301,2026/03/08 00:00:00,0,4123,524,95,251,0,99,98,94,90,98,0,100,0,0,0,0
159301,2026/03/09 00:00:00,0,10646,2001,878,7329,0,89,90,87,85,87,7,100,1,0,0,0
159301,2026/03/10 00:00:00,0,10899,2030,843,7387,0,90,91,87,85,88,7,100,1,0,0,0
159301,2026/03/11 00:00:00,0,10408,1951,764,6926,0,91,92,86,86,89,6,100,0,0,0,0
159301,2026/03/12 00:00:00,0,10339,1942,756,6247,0,94,94,88,87,91,6,100,1,0,0,0
159301,2026/03/13 00:00:00,0,11768,2058,702,6069,0,87,89,84,83,86,7,100,0,0,0,0
159301,2026/03/14 00:00:00,0,4174,594,135,562,0,99,98,94,89,98,0,100,0,0,0,0
159301,2026/03/15 00:00:00,0,3508,414,84,218,0,99,99,93,90,98,0,100,0,0,0,0
159301,2026/03/16 00:00:00,0,9204,1773,693,6844,0,93,93,87,86,90,6,100,0,0,0,0
159301,2026/03/17 00:00:00,0,9496,1694,687,6905,0,92,93,87,86,90,6,100,1,0,0,0
159301,2026/03/18 00:00:00,0,9818,1794,708,7165,0,95,94,88,87,91,6,100,1,0,0,0
159301,2026/03/19 00:00:00,0,11693,2187,821,7699,0,91,91,86,85,88,7,100,1,0,0,0
159301,2026/03/20 00:00:00,0,10902,1824,676,6287,0,94,94,88,87,91,6,100,0,0,0,0
159301,2026/03/21 00:00:00,0,2435,340,63,382,0,98,97,92,89,97,0,100,0,0,0,0
159301,2026/03/22 00:00:00,0,3972,482,88,250,0,99,98,95,90,98,0,100,0,0,0,0
159301,2026/03/23 00:00:00,0,10331,1926,787,7496,0,92,92,87,86,89,7,100,1,0,0,0
159301,2026/03/24 00:00:00,0,11636,2043,832,8047,0,89,90,86,85,87,7,100,0,0,0,0
159301,2026/03/25 00:00:00,0,12123,2180,880,8516,0,90,90,85,84,87,8,100,0,0,0,0
159301,2026/03/26 00:00:00,0,12531,2139,912,8102,0,88,89,85,83,86,8,100,0,0,0,0
159301,2026/03/27 00:00:00,0,12459,2168,889,7464,0,90,89,85,84,88,7,100,1,0,0,0
159301,2026/03/28 00:00:00,0,5264,785,183,884,0,99,97,93,89,97,1,100,0,0,0,0
159301,2026/03/29 00:00:00,0,4179,478,99,340,0,99,98,94,89,98,0,100,1,0,0,0
159301,2026/03/30 00:00:00,0,10544,2066,799,7859,0,90,91,86,85,88,7,100,1,0,0,0
159301,2026/03/31 00:00:00,0,11323,2090,870,7850,0,90,91,86,85,88,7,100,0,0,0,0
159302,2026/03/01 00:00:00,0,4608,521,86,277,0,94,94,87,84,93,0,100,0,0,0,0
159302,2026/03/02 00:00:00,0,10297,1996,910,7978,0,66,67,54,61,63,6,100,1,0,0,0
159302,2026/03/03 00:00:00,0,12051,2331,967,8910,0,69,70,64,66,68,5,100,0,0,0,0
159302,2026/03/04 00:00:00,0,11538,2369,883,8786,0,70,71,65,67,69,5,100,1,0,0,0
159302,2026/03/05 00:00:00,0,11949,2357,1040,8883,0,72,74,66,67,70,5,100,1,0,0,0
159302,2026/03/06 00:00:00,0,11648,2321,973,8043,0,77,77,72,71,75,4,100,1,0,0,0
159302,2026/03/07 00:00:00,0,4745,826,168,867,0,93,92,87,82,91,0,100,1,0,0,0
159302,2026/03/08 00:00:00,0,4925,643,105,291,0,93,93,88,84,93,0,100,0,0,0,0
159302,2026/03/09 00:00:00,0,11423,2212,947,7938,0,71,72,66,68,70,5,100,0,0,0,0
159302,2026/03/10 00:00:00,0,11894,2332,905,7994,0,73,76,69,71,72,5,100,1,0,0,0
159302,2026/03/11 00:00:00,0,11484,2288,835,8074,0,80,82,74,73,77,4,100,1,0,0,0
159302,2026/03/12 00:00:00,0,11591,2363,908,7826,0,85,85,77,76,81,4,100,0,0,0,0
159302,2026/03/13 00:00:00,0,11041,2284,703,6863,0,86,86,79,77,83,3,100,0,0,0,0
159302,2026/03/14 00:00:00,0,4961,813,167,702,0,93,92,88,83,91,0,100,0,0,0,0
159302,2026/03/15 00:00:00,0,5349,637,114,281,0,94,94,89,85,93,0,100,0,0,0,0
159302,2026/03/16 00:00:00,0,11080,2242,795,7879,0,80,82,74,74,78,4,100,1,0,0,0
159302,2026/03/17 00:00:00,0,11660,2292,747,7911,0,84,83,74,74,80,4,100,0,0,0,0
159302,2026/03/18 00:00:00,0,11929,2532,893,9005,0,83,83,73,72,78,4,100,0,0,0,0
159302,2026/03/19 00:00:00,0,11885,2390,836,8537,0,85,86,77,75,81,4,100,0,0,0,0
159302,2026/03/20 00:00:00,0,11351,2226,765,7793,0,83,83,74,72,78,4,100,0,0,0,0
159302,2026/03/21 00:00:00,0,2892,494,84,519,0,93,92,89,82,91,0,100,0,0,0,0
159302,2026/03/22 00:00:00,0,5570,705,118,328,0,94,93,89,83,93,0,100,0,0,0,0
159302,2026/03/23 00:00:00,0,11733,2197,886,8675,0,69,71,63,65,67,6,100,1,0,0,0
159302,2026/03/24 00:00:00,0,11805,2242,908,8953,0,71,72,64,66,69,5,100,1,0,0,0
159302,2026/03/25 00:00:00,0,11791,2283,900,8813,0,73,76,67,68,71,5,100,1,0,0,0
159302,2026/03/26 00:00:00,0,12529,2444,1013,9131,0,67,70,59,63,65,6,100,1,0,0,0
159302,2026/03/27 00:00:00,0,12241,2415,919,8527,0,74,75,68,69,72,5,100,1,0,0,0
159302,2026/03/28 00:00:00,0,5598,910,208,974,0,92,91,88,82,91,0,100,0,0,0,0
159302,2026/03/29 00:00:00,0,4909,610,113,343,0,94,93,89,84,93,0,100,1,0,0,0
159302,2026/03/30 00:00:00,0,12158,2321,883,8971,0,65,67,58,61,63,6,100,1,0,0,0
159302,2026/03/31 00:00:00,0,12521,2403,1073,9334,0,65,66,59,62,63,6,100,1,0,0,0
159401,2026/03/01 00:00:00,0,3090,331,57,169,0,95,95,87,83,94,0,100,0,0,0,0
159401,2026/03/02 00:00:00,0,11047,1783,913,7259,0,84,84,76,75,80,8,100,1,0,0,0
159401,2026/03/03 00:00:00,0,11188,1848,933,7583,0,86,86,77,77,82,7,100,0,0,0,0
159401,2026/03/04 00:00:00,0,10468,1843,894,7309,0,81,82,75,75,78,8,100,1,0,0,0
159401,2026/03/05 00:00:00,0,11680,1864,978,7139,0,85,85,77,76,81,8,100,1,0,0,0
159401,2026/03/06 00:00:00,0,11476,1805,879,6403,0,89,87,79,78,84,6,100,0,0,0,0
159401,2026/03/07 00:00:00,0,5110,683,155,706,0,95,92,88,82,93,1,100,0,0,0,0
159401,2026/03/08 00:00:00,0,4189,460,96,246,0,95,94,88,83,94,0,100,0,0,0,0
159401,2026/03/09 00:00:00,0,10841,1849,934,7147,0,85,85,78,77,81,8,100,1,0,0,0
159401,2026/03/10 00:00:00,0,11133,1828,897,7189,0,86,85,77,76,81,7,100,1,0,0,0
159401,2026/03/11 00:00:00,0,10660,1739,826,6731,0,87,86,77,76,82,7,100,1,0,0,0
159401,2026/03/12 00:00:00,0,10535,1771,837,6061,0,90,89,78,78,85,6,100,1,0,0,0
159401,2026/03/13 00:00:00,0,12031,1818,740,5897,0,83,83,76,75,80,7,100,1,0,0,0
159401,2026/03/14 00:00:00,0,4243,531,133,540,0,95,92,88,81,93,1,100,0,0,0,0
159401,2026/03/15 00:00:00,0,3557,363,82,215,0,95,94,86,81,94,0,100,0,0,0,0
159401,2026/03/16 00:00:00,0,9372,1614,764,6626,0,88,87,79,77,83,6,100,1,0,0,0
159401,2026/03/17 00:00:00,0,9678,1539,737,6722,0,88,87,78,77,83,7,100,0,0,0,0
159401,2026/03/18 00:00:00,0,9983,1639,745,6992,0,90,89,79,78,85,6,100,1,0,0,0
159401,2026/03/19 00:00:00,0,11906,2026,828,7513,0,87,86,78,76,82,8,100,1,0,0,0
159401,2026/03/20 00:00:00,0,11086,1643,716,6135,0,90,89,80,79,86,6,100,0,0,0,0
159401,2026/03/21 00:00:00,0,2470,312,63,371,0,95,92,87,81,92,0,100,0,0,0,0
159401,2026/03/22 00:00:00,0,4014,440,86,244,0,95,94,90,83,94,0,100,0,0,0,0
159401,2026/03/23 00:00:00,0,10525,1747,870,7296,0,87,86,79,78,83,7,100,1,0,0,0
159401,2026/03/24 00:00:00,0,11827,1831,894,7832,0,85,84,77,76,81,8,100,1,0,0,0
159401,2026/03/25 00:00:00,0,12355,1973,951,8285,0,85,84,76,75,80,8,100,1,0,0,0
159401,2026/03/26 00:00:00,0,12763,1953,956,7885,0,84,83,76,75,80,8,100,1,0,0,0
159401,2026/03/27 00:00:00,0,12687,1994,972,7231,0,86,84,77,76,82,7,100,1,0,0,0
159401,2026/03/28 00:00:00,0,5357,707,184,874,0,95,92,87,80,92,1,100,0,0,0,0
159401,2026/03/29 00:00:00,0,4247,420,100,328,0,95,93,86,82,93,0,100,1,0,0,0
159401,2026/03/30 00:00:00,0,10767,1856,882,7642,0,86,85,76,75,81,8,100,1,0,0,0
159401,2026/03/31 00:00:00,0,11544,1894,972,7594,0,86,85,78,77,82,7,100,1,0,0,0
159402,2026/03/01 00:00:00,0,4682,446,76,275,0,92,92,84,79,91,1,100,0,0,0,0
159402,2026/03/02 00:00:00,0,10395,1844,948,7729,0,65,65,49,58,61,12,100,1,0,0,0
159402,2026/03/03 00:00:00,0,12174,2183,946,8799,0,70,70,63,64,67,10,100,1,0,0,0
159402,2026/03/04 00:00:00,0,11650,2198,857,8686,0,71,71,65,65,68,10,100,1,0,0,0
159402,2026/03/05 00:00:00,0,12058,2206,963,8773,0,73,72,64,64,69,10,100,1,0,0,0
159402,2026/03/06 00:00:00,0,11773,2177,927,7930,0,76,75,69,68,72,9,100,1,0,0,0
159402,2026/03/07 00:00:00,0,4818,742,172,852,0,90,88,82,77,87,1,100,0,0,0,0
159402,2026/03/08 00:00:00,0,5007,569,104,290,0,91,90,84,79,90,1,100,0,0,0,0
159402,2026/03/09 00:00:00,0,11540,2024,929,7840,0,71,71,64,65,68,10,100,1,0,0,0
159402,2026/03/10 00:00:00,0,12063,2151,884,7881,0,74,75,67,67,71,9,100,0,0,0,0
159402,2026/03/11 00:00:00,0,11692,2066,824,7965,0,80,80,71,69,75,9,100,0,0,0,0
159402,2026/03/12 00:00:00,0,11731,2207,868,7702,0,82,82,73,70,77,8,100,1,0,0,0
159402,2026/03/13 00:00:00,0,11244,2080,705,6741,0,84,83,74,71,79,7,100,0,0,0,0
159402,2026/03/14 00:00:00,0,5044,731,160,681,0,91,89,84,78,89,1,100,0,0,0,0
159402,2026/03/15 00:00:00,0,5429,555,106,277,0,92,91,85,80,91,1,100,0,0,0,0
159402,2026/03/16 00:00:00,0,11249,2069,793,7735,0,79,79,70,69,75,8,100,1,0,0,0
159402,2026/03/17 00:00:00,0,11871,2091,785,7749,0,81,80,70,69,76,8,100,1,0,0,0
159402,2026/03/18 00:00:00,0,12150,2296,871,8897,0,81,80,70,68,75,9,100,0,0,0,0
159402,2026/03/19 00:00:00,0,12051,2196,831,8399,0,83,82,72,70,77,8,100,0,0,0,0
159402,2026/03/20 00:00:00,0,11529,2028,753,7682,0,81,81,72,69,76,8,100,0,0,0,0
159402,2026/03/21 00:00:00,0,2916,463,80,507,0,90,90,84,77,88,0,100,0,0,0,0
159402,2026/03/22 00:00:00,0,5634,632,118,323,0,91,90,85,79,90,1,100,1,0,0,0
159402,2026/03/23 00:00:00,0,11874,2017,868,8570,0,70,70,63,63,67,11,100,1,0,0,0
159402,2026/03/24 00:00:00,0,11909,2098,922,8808,0,72,72,65,65,68,10,100,1,0,0,0
159402,2026/03/25 00:00:00,0,11913,2120,884,8715,0,73,74,66,66,70,10,100,0,0,0,0
159402,2026/03/26 00:00:00,0,12650,2293,999,8945,0,68,69,59,62,65,11,100,1,0,0,0
159402,2026/03/27 00:00:00,0,12353,2259,916,8378,0,74,73,66,66,70,10,100,1,0,0,0
159402,2026/03/28 00:00:00,0,5694,819,191,970,0,90,88,83,77,87,1,100,0,0,0,0
159402,2026/03/29 00:00:00,0,4998,519,107,344,0,91,91,84,78,90,1,100,1,0,0,0
159402,2026/03/30 00:00:00,0,12283,2157,851,8880,0,67,68,60,61,65,11,100,0,0,0,0
159402,2026/03/31 00:00:00,0,12657,2256,1056,9179,0,68,69,62,62,65,11,100,1,0,0,0
159501,2026/03/01 00:00:00,0,4091,544,98,315,0,94,94,80,83,93,0,100,1,0,25,0
159501,2026/03/02 00:00:00,0,9372,2751,1640,7444,0,80,80,64,68,74,4,100,1,0,25,0
159501,2026/03/03 00:00:00,0,9919,2855,1716,7569,0,81,81,67,71,76,4,100,1,0,25,0
159501,2026/03/04 00:00:00,0,9377,2813,1658,7341,0,78,78,66,69,73,4,100,1,0,25,0
159501,2026/03/05 00:00:00,0,9936,2854,1648,7033,0,83,82,69,72,78,4,100,1,0,25,0
159501,2026/03/06 00:00:00,0,9861,2797,1394,6429,0,85,84,71,73,79,3,100,1,0,25,0
159501,2026/03/07 00:00:00,0,5670,894,186,746,0,94,92,84,82,92,0,100,1,0,25,0
159501,2026/03/08 00:00:00,0,4860,626,122,363,0,94,92,83,83,92,0,100,1,0,25,0
159501,2026/03/09 00:00:00,0,8968,2630,1618,7175,0,80,79,66,70,75,4,100,1,0,25,0
159501,2026/03/10 00:00:00,0,9651,2838,1644,7501,0,79,78,64,69,73,4,100,1,0,25,0
159501,2026/03/11 00:00:00,0,9653,2858,1581,7354,0,80,81,65,69,75,4,100,1,0,25,0
159501,2026/03/12 00:00:00,0,10031,2855,1483,6739,0,84,82,69,71,78,4,100,1,0,25,0
159501,2026/03/13 00:00:00,0,11427,3165,1338,6349,0,81,78,64,66,74,4,100,1,0,25,0
159501,2026/03/14 00:00:00,0,4840,762,178,614,0,94,93,83,81,92,0,100,1,0,25,0
159501,2026/03/15 00:00:00,0,3999,528,123,322,0,94,93,81,82,92,0,100,1,0,25,0
159501,2026/03/16 00:00:00,0,8846,2533,1544,7120,0,79,79,65,69,74,4,100,1,0,25,0
159501,2026/03/17 00:00:00,0,8464,2346,1516,6864,0,77,77,61,68,71,4,100,1,0,25,0
159501,2026/03/18 00:00:00,0,9487,2715,1549,7374,0,83,82,69,72,77,4,100,1,0,25,0
159501,2026/03/19 00:00:00,0,10917,3304,1766,8217,0,83,83,67,70,77,4,100,1,0,25,0
159501,2026/03/20 00:00:00,0,10664,2733,1398,6939,0,88,87,73,75,82,3,100,1,0,25,0
159501,2026/03/21 00:00:00,0,941,194,28,174,0,90,86,79,83,88,0,100,1,0,25,0
159501,2026/03/22 00:00:00,0,4348,562,106,347,0,93,92,84,83,92,0,100,1,0,25,0
159501,2026/03/23 00:00:00,0,9032,2618,1600,7659,0,82,82,69,72,76,4,100,1,0,25,0
159501,2026/03/24 00:00:00,0,9826,2754,1706,7577,0,84,84,69,73,78,4,100,1,0,25,0
159501,2026/03/25 00:00:00,0,9966,3078,1699,8328,0,75,75,61,66,70,5,100,1,0,25,0
159501,2026/03/26 00:00:00,0,10704,3108,1637,7962,0,79,79,66,69,74,4,100,1,0,25,0
159501,2026/03/27 00:00:00,0,10747,3078,1631,7197,0,88,87,73,75,82,3,100,1,0,25,0
159501,2026/03/28 00:00:00,0,5360,889,251,732,0,93,92,83,81,91,0,100,1,0,25,0
159501,2026/03/29 00:00:00,0,4328,599,156,389,0,93,92,83,82,92,0,100,1,0,25,0
159501,2026/03/30 00:00:00,0,9226,2890,1712,7622,0,79,79,65,68,73,4,100,1,0,25,0
159501,2026/03/31 00:00:00,0,9946,2996,1747,7562,0,83,83,71,72,78,4,100,1,0,25,0
159502,2026/03/01 00:00:00,0,5912,381,140,341,0,93,91,79,80,92,0,100,1,0,0,25
159502,2026/03/02 00:00:00,0,12032,1653,2501,6789,0,76,73,63,68,71,4,100,1,0,0,25
159502,2026/03/03 00:00:00,0,13665,1854,2730,7750,0,69,66,59,63,65,6,100,1,0,0,25
159502,2026/03/04 00:00:00,0,13066,1855,2559,7726,0,72,70,61,65,68,5,100,1,0,0,25
159502,2026/03/05 00:00:00,0,13278,1809,2615,7605,0,73,71,60,65,69,5,100,1,0,0,25
159502,2026/03/06 00:00:00,0,13272,1758,2532,7359,0,72,70,61,66,68,5,100,1,0,0,25
159502,2026/03/07 00:00:00,0,6493,685,309,844,0,92,90,77,79,90,0,100,1,0,0,25
159502,2026/03/08 00:00:00,0,6362,471,151,348,0,93,91,80,79,92,0,100,1,0,0,25
159502,2026/03/09 00:00:00,0,12666,1644,2531,6843,0,70,68,58,63,66,5,100,1,0,0,25
159502,2026/03/10 00:00:00,0,13188,1806,2554,7319,0,72,71,60,65,68,5,100,1,0,0,25
159502,2026/03/11 00:00:00,0,13100,1730,2437,7374,0,72,71,59,64,68,5,100,1,0,0,25
159502,2026/03/12 00:00:00,0,13219,1820,2514,7051,0,70,67,59,64,66,6,100,1,0,0,25
159502,2026/03/13 00:00:00,0,12821,1770,2119,6490,0,77,74,61,65,71,4,100,1,0,0,25
159502,2026/03/14 00:00:00,0,6529,613,308,690,0,92,90,77,79,90,0,100,1,0,0,25
159502,2026/03/15 00:00:00,0,6189,425,160,316,0,93,90,80,79,92,0,100,1,0,0,25
159502,2026/03/16 00:00:00,0,12742,1694,2518,6757,0,72,70,60,65,68,5,100,1,0,0,25
159502,2026/03/17 00:00:00,0,13331,1707,2536,6917,0,64,62,52,58,60,6,100,1,0,0,25
159502,2026/03/18 00:00:00,0,13800,1947,2595,8156,0,74,71,59,65,69,5,100,1,0,0,25
159502,2026/03/19 00:00:00,0,13523,1843,2674,7945,0,72,70,60,64,67,5,100,1,0,0,25
159502,2026/03/20 00:00:00,0,13322,1737,2433,7830,0,75,73,62,66,71,5,100,1,0,0,25
159502,2026/03/21 00:00:00,0,930,101,73,263,0,92,88,71,78,87,0,100,1,0,0,25
159502,2026/03/22 00:00:00,0,6290,473,148,334,0,93,91,81,79,92,0,100,1,0,0,25
159502,2026/03/23 00:00:00,0,12748,1725,2643,7440,0,64,61,55,59,61,7,100,1,0,0,25
159502,2026/03/24 00:00:00,0,13238,1789,2740,7797,0,68,67,58,64,65,6,100,1,0,0,25
159502,2026/03/25 00:00:00,0,13209,1854,2733,7695,0,68,67,58,62,65,6,100,1,0,0,25
159502,2026/03/26 00:00:00,0,14212,1924,2765,8053,0,65,62,53,58,61,7,100,1,0,0,25
159502,2026/03/27 00:00:00,0,13816,1851,2788,7865,0,65,65,56,62,63,6,100,1,0,0,25
159502,2026/03/28 00:00:00,0,6194,652,368,870,0,75,74,68,71,74,0,100,1,0,0,25
159502,2026/03/29 00:00:00,0,5362,413,207,325,0,75,75,71,71,75,0,100,1,0,0,25
159502,2026/03/30 00:00:00,0,13430,1770,2787,7532,0,61,57,51,54,57,7,100,1,0,0,25
159502,2026/03/31 00:00:00,0,14037,1904,3081,8080,0,67,65,58,61,63,6,100,1,0,0,25
159601,2026/03/01 00:00:00,0,14542,1646,233,456,0,105,104,96,86,104,2,100,1,0,0,0
159601,2026/03/02 00:00:00,0,17631,3125,955,6491,0,94,93,82,79,89,8,100,1,0,0,0
159601,2026/03/03 00:00:00,0,19333,3353,1009,6914,0,88,86,81,77,85,10,100,1,0,0,0
159601,2026/03/04 00:00:00,0,19441,3326,968,7186,0,92,91,84,78,88,9,100,1,0,0,0
159601,2026/03/05 00:00:00,0,19470,3196,1037,6829,0,90,89,81,77,86,9,100,1,0,0,0
159601,2026/03/06 00:00:00,0,19955,3341,941,6240,0,100,97,88,83,95,7,100,1,0,0,0
159601,2026/03/07 00:00:00,0,16906,2163,417,995,0,105,104,96,86,104,2,100,0,0,0,0
159601,2026/03/08 00:00:00,0,16793,2156,341,507,0,105,104,96,86,105,2,100,1,0,0,0
159601,2026/03/09 00:00:00,0,18999,3356,1039,6672,0,92,92,83,79,88,9,100,1,0,0,0
159601,2026/03/10 00:00:00,0,18536,3195,982,6576,0,87,88,79,76,84,10,100,1,1,0,0
159601,2026/03/11 00:00:00,0,18901,3379,1026,6702,0,94,94,84,80,90,8,100,1,0,0,0
159601,2026/03/12 00:00:00,0,18587,3284,1017,6119,0,90,90,81,77,86,9,100,1,0,0,0
159601,2026/03/13 00:00:00,0,17967,2988,873,5380,0,87,86,77,74,83,10,100,1,0,0,0
159601,2026/03/14 00:00:00,0,14591,1858,371,858,0,106,105,95,85,104,2,100,1,0,0,0
159601,2026/03/15 00:00:00,0,15458,1828,286,438,0,106,105,94,86,105,2,100,1,0,0,0
159601,2026/03/16 00:00:00,0,18238,3231,946,6438,0,88,88,81,77,85,9,100,1,1,0,0
159601,2026/03/17 00:00:00,0,19561,3375,930,6833,0,92,91,84,79,88,9,100,1,0,0,0
159601,2026/03/18 00:00:00,0,18478,3125,1061,6938,0,85,84,74,74,81,11,100,1,0,0,0
159601,2026/03/19 00:00:00,0,19396,3251,1007,6542,0,91,91,79,77,87,9,100,1,0,0,0
159601,2026/03/20 00:00:00,0,21360,3435,1012,6724,0,98,97,86,82,94,7,100,1,0,0,0
159601,2026/03/21 00:00:00,0,18445,2128,479,1064,0,105,104,95,85,103,3,100,1,0,0,0
159601,2026/03/22 00:00:00,0,18506,2442,415,581,0,105,104,94,87,104,3,100,1,0,0,0
159601,2026/03/23 00:00:00,0,18869,3206,1010,6816,0,88,88,78,75,84,10,100,1,0,0,0
159601,2026/03/24 00:00:00,0,19417,3331,988,7142,0,91,91,81,78,87,9,100,1,0,0,0
159601,2026/03/25 00:00:00,0,19405,3411,990,6980,0,96,95,86,81,91,8,100,1,0,0,0
159601,2026/03/26 00:00:00,0,19883,3284,1076,7044,0,82,80,71,71,78,11,100,1,0,0,0
159601,2026/03/27 00:00:00,0,21496,3639,1043,6736,0,93,92,83,78,89,9,100,1,0,0,0
159601,2026/03/28 00:00:00,0,17444,2135,459,1061,0,105,105,95,86,104,2,100,1,0,0,0
159601,2026/03/29 00:00:00,0,15750,1895,357,513,0,106,106,95,87,105,2,100,1,0,0,1
159601,2026/03/30 00:00:00,0,18789,3360,947,6851,0,87,87,77,76,83,10,100,1,1,0,0
159601,2026/03/31 00:00:00,0,20286,3569,1132,7324,0,93,93,82,80,89,9,100,1,0,0,0
159602,2026/03/01 00:00:00,0,119,27,1,2,0,64,65,55,46,63,0,100,0,0,0,0
159602,2026/03/02 00:00:00,0,689,157,132,450,0,58,57,52,48,54,2,100,1,0,0,0
159602,2026/03/03 00:00:00,0,805,182,125,530,0,59,58,49,48,54,2,100,0,0,0,0
159602,2026/03/04 00:00:00,0,715,149,102,381,0,59,57,52,48,54,2,100,0,0,0,0
159602,2026/03/05 00:00:00,0,763,216,112,484,0,59,56,51,48,54,2,100,1,0,0,0
159602,2026/03/06 00:00:00,0,647,149,87,397,0,61,58,51,49,55,1,100,1,0,0,0
159602,2026/03/07 00:00:00,0,163,48,1,10,0,62,59,60,48,61,0,100,0,0,0,0
159602,2026/03/08 00:00:00,0,177,37,5,4,0,65,63,56,49,63,0,100,0,0,0,0
159602,2026/03/09 00:00:00,0,750,178,127,434,0,59,58,51,49,54,2,100,0,0,0,0
159602,2026/03/10 00:00:00,0,907,197,127,510,0,58,57,49,48,54,2,100,1,0,0,0
159602,2026/03/11 00:00:00,0,740,157,76,416,0,59,56,49,48,54,2,100,1,0,0,0
159602,2026/03/12 00:00:00,0,748,184,106,395,0,59,59,51,48,55,2,100,0,0,0,0
159602,2026/03/13 00:00:00,0,714,162,92,345,0,60,58,50,48,55,1,100,1,0,0,0
159602,2026/03/14 00:00:00,0,188,40,1,7,0,61,61,54,48,60,0,100,0,0,0,0
159602,2026/03/15 00:00:00,0,114,26,1,4,0,63,62,57,55,62,0,100,0,0,0,0
159602,2026/03/16 00:00:00,0,743,181,103,452,0,59,60,51,48,54,2,100,0,0,0,0
159602,2026/03/17 00:00:00,0,763,196,96,409,0,59,58,54,50,55,2,100,0,0,0,0
159602,2026/03/18 00:00:00,0,742,205,106,510,0,58,57,51,47,53,2,100,0,0,0,0
159602,2026/03/19 00:00:00,0,684,163,107,475,0,59,58,52,47,54,2,100,1,0,0,0
159602,2026/03/20 00:00:00,0,529,141,69,412,0,61,58,52,48,54,1,100,1,0,0,0
159602,2026/03/21 00:00:00,0,127,29,3,12,0,65,61,56,53,63,0,100,0,0,0,0
159602,2026/03/22 00:00:00,0,125,19,5,3,0,63,62,53,50,62,0,100,0,0,0,0
159602,2026/03/23 00:00:00,0,656,159,119,405,0,60,59,52,49,55,2,100,1,0,0,0
159602,2026/03/24 00:00:00,0,670,156,90,415,0,60,58,51,48,55,2,100,1,0,0,0
159602,2026/03/25 00:00:00,0,687,153,106,440,0,59,59,51,48,54,2,100,0,0,0,0
159602,2026/03/26 00:00:00,0,697,174,106,499,0,59,58,52,48,54,2,100,1,0,0,0
159602,2026/03/27 00:00:00,0,558,117,80,491,0,60,59,51,48,54,2,100,0,0,0,0
159602,2026/03/28 00:00:00,0,88,22,4,9,0,64,66,61,52,63,0,100,0,0,0,0
159602,2026/03/29 00:00:00,0,81,19,3,4,0,64,63,51,54,63,0,100,1,0,0,0
159602,2026/03/30 00:00:00,0,736,185,113,531,0,58,59,50,48,53,2,100,0,0,0,0
159602,2026/03/31 00:00:00,0,659,173,139,517,0,60,58,52,49,55,2,100,1,0,0,0
159603,2026/03/01 00:00:00,0,137,14,8,3,0,62,59,53,40,60,0,100,0,0,0,0
159603,2026/03/02 00:00:00,0,1157,182,104,296,0,56,55,45,41,52,2,100,0,0,0,0
159603,2026/03/03 00:00:00,0,1267,216,104,274,0,57,54,45,42,53,2,100,1,0,0,0
159603,2026/03/04 00:00:00,0,1112,178,79,258,0,59,55,46,42,54,2,100,1,0,0,0
159603,2026/03/05 00:00:00,0,1190,207,80,294,0,57,55,44,42,53,2,100,0,0,0,0
159603,2026/03/06 00:00:00,0,1072,176,73,224,0,60,55,43,41,55,1,100,0,0,0,0
159603,2026/03/07 00:00:00,0,222,25,4,6,0,62,56,38,39,61,0,100,0,0,0,0
159603,2026/03/08 00:00:00,0,179,17,1,6,0,63,60,56,38,62,0,100,0,0,0,0
159603,2026/03/09 00:00:00,0,1182,165,87,293,0,58,54,46,42,54,2,100,0,0,0,0
159603,2026/03/10 00:00:00,0,1351,189,91,318,0,56,53,45,45,53,2,100,0,0,0,0
159603,2026/03/11 00:00:00,0,1136,165,57,298,0,58,53,43,40,53,2,100,0,0,0,0
159603,2026/03/12 00:00:00,0,1181,195,73,273,0,58,55,45,42,54,2,100,0,0,0,0
159603,2026/03/13 00:00:00,0,1159,181,69,233,0,52,52,41,39,49,3,100,0,0,0,0
159603,2026/03/14 00:00:00,0,229,24,4,8,0,61,55,55,36,59,0,100,0,0,0,0
159603,2026/03/15 00:00:00,0,134,17,3,3,0,61,59,44,47,60,0,100,0,0,0,0
159603,2026/03/16 00:00:00,0,1173,171,79,298,0,55,54,45,42,52,2,100,1,0,0,0
159603,2026/03/17 00:00:00,0,1199,204,68,277,0,59,56,45,42,55,2,100,0,0,0,0
159603,2026/03/18 00:00:00,0,1263,229,72,305,0,51,49,41,39,48,4,100,0,0,0,0
159603,2026/03/19 00:00:00,0,1077,191,77,296,0,56,53,44,41,52,2,100,0,0,0,0
159603,2026/03/20 00:00:00,0,853,130,53,245,0,60,55,44,40,54,1,100,0,0,0,0
159603,2026/03/21 00:00:00,0,254,27,3,11,0,62,58,58,40,61,0,100,0,0,0,0
159603,2026/03/22 00:00:00,0,120,13,1,5,0,64,59,29,38,63,0,100,0,0,0,0
159603,2026/03/23 00:00:00,0,1171,201,83,296,0,54,54,44,41,50,3,100,1,0,0,0
159603,2026/03/24 00:00:00,0,1159,188,71,300,0,57,55,45,40,52,2,100,1,0,0,0
159603,2026/03/25 00:00:00,0,1054,148,56,320,0,58,56,43,41,53,2,100,0,0,0,0
159603,2026/03/26 00:00:00,0,1236,201,66,339,0,53,51,46,41,50,3,100,0,0,0,0
159603,2026/03/27 00:00:00,0,927,134,72,288,0,58,55,45,42,53,2,100,1,0,0,0
159603,2026/03/28 00:00:00,0,207,28,7,11,0,63,60,46,35,61,0,100,0,0,0,0
159603,2026/03/29 00:00:00,0,153,23,6,15,0,64,58,48,38,60,0,100,1,0,0,0
159603,2026/03/30 00:00:00,0,1085,173,75,290,0,55,53,43,41,51,2,100,0,0,0,0
159603,2026/03/31 00:00:00,0,961,143,83,285,0,58,55,45,41,52,2,100,0,0,0,0
159701,2026/03/01 00:00:00,0,4329,497,99,315,0,94,93,80,83,93,0,100,0,0,0,0
159701,2026/03/02 00:00:00,0,11603,2349,1635,7292,0,79,76,63,68,73,5,100,1,0,0,0
159701,2026/03/03 00:00:00,0,12100,2453,1654,7391,0,80,77,67,71,75,4,100,0,0,0,0
159701,2026/03/04 00:00:00,0,11384,2429,1602,7160,0,77,73,66,69,72,5,100,0,0,0,0
159701,2026/03/05 00:00:00,0,12167,2380,1593,6828,0,83,79,68,72,78,4,100,1,0,0,0
159701,2026/03/06 00:00:00,0,11827,2309,1351,6268,0,85,81,71,73,80,4,100,1,0,0,0
159701,2026/03/07 00:00:00,0,6070,870,183,743,0,94,92,84,82,92,0,100,1,0,0,0
159701,2026/03/08 00:00:00,0,5066,604,125,362,0,94,92,84,83,93,0,100,0,0,0,0
159701,2026/03/09 00:00:00,0,11060,2296,1578,6989,0,78,74,65,71,74,5,100,1,0,0,0
159701,2026/03/10 00:00:00,0,11992,2478,1579,7341,0,77,74,64,69,72,5,100,0,0,0,0
159701,2026/03/11 00:00:00,0,11899,2429,1523,7172,0,79,76,65,70,74,5,100,1,0,0,0
159701,2026/03/12 00:00:00,0,12064,2431,1451,6625,0,84,79,68,71,78,4,100,1,0,0,0
159701,2026/03/13 00:00:00,0,13487,2527,1298,6229,0,81,76,64,66,75,4,100,1,0,0,0
159701,2026/03/14 00:00:00,0,5155,728,176,615,0,94,92,83,81,92,0,100,1,0,0,0
159701,2026/03/15 00:00:00,0,4205,487,120,322,0,94,92,81,82,92,0,100,0,0,0,0
159701,2026/03/16 00:00:00,0,11037,2218,1511,6963,0,77,74,65,69,73,5,100,1,0,0,0
159701,2026/03/17 00:00:00,0,10273,2067,1502,6757,0,76,72,60,68,71,5,100,1,0,0,0
159701,2026/03/18 00:00:00,0,11719,2289,1497,7216,0,82,78,68,72,77,4,100,1,0,0,0
159701,2026/03/19 00:00:00,0,13418,2735,1691,8014,0,82,80,67,70,77,5,100,1,0,0,0
159701,2026/03/20 00:00:00,0,12462,2261,1370,6851,0,89,87,73,75,83,3,100,1,0,0,0
159701,2026/03/21 00:00:00,0,1052,198,30,173,0,91,86,79,84,89,0,100,1,0,0,0
159701,2026/03/22 00:00:00,0,4518,522,106,349,0,94,91,84,83,92,0,100,1,0,0,0
159701,2026/03/23 00:00:00,0,11133,2270,1562,7474,0,81,78,68,72,76,5,100,1,0,0,0
159701,2026/03/24 00:00:00,0,12028,2343,1673,7443,0,83,81,69,73,78,4,100,1,0,0,0
159701,2026/03/25 00:00:00,0,12316,2636,1671,8074,0,72,70,61,66,68,6,100,1,0,0,0
159701,2026/03/26 00:00:00,0,13104,2574,1588,7783,0,78,74,65,69,73,5,100,1,0,0,0
159701,2026/03/27 00:00:00,0,12859,2529,1587,7049,0,89,86,73,75,83,3,100,0,0,0,0
159701,2026/03/28 00:00:00,0,5729,847,249,731,0,93,91,83,81,91,0,100,0,0,0,0
159701,2026/03/29 00:00:00,0,4561,548,152,392,0,93,92,83,82,92,0,100,1,0,0,0
159701,2026/03/30 00:00:00,0,11493,2491,1671,7479,0,77,75,64,69,72,5,100,0,0,0,0
159701,2026/03/31 00:00:00,0,12245,2536,1712,7403,0,83,81,71,73,78,4,100,1,0,0,0
159702,2026/03/01 00:00:00,0,5789,512,108,376,0,90,89,76,74,88,0,100,0,0,0,0
159702,2026/03/02 00:00:00,0,11853,1863,2001,7227,0,76,73,58,62,69,4,100,1,0,0,0
159702,2026/03/03 00:00:00,0,13436,2089,2271,8121,0,71,68,55,59,65,6,100,1,0,0,0
159702,2026/03/04 00:00:00,0,12874,2021,2164,8096,0,72,70,56,59,66,5,100,1,0,0,0
159702,2026/03/05 00:00:00,0,13104,2006,2222,7934,0,73,70,55,59,66,5,100,1,0,0,0
159702,2026/03/06 00:00:00,0,13034,1946,2151,7717,0,73,71,56,60,66,5,100,1,0,0,0
159702,2026/03/07 00:00:00,0,6357,806,219,961,0,89,86,74,71,85,0,100,1,0,0,0
159702,2026/03/08 00:00:00,0,6223,604,116,392,0,89,87,77,73,88,0,100,0,0,0,0
159702,2026/03/09 00:00:00,0,12537,1794,2082,7214,0,72,69,55,59,65,5,100,1,0,0,0
159702,2026/03/10 00:00:00,0,12974,1992,2178,7618,0,73,70,56,60,67,5,100,1,0,0,0
159702,2026/03/11 00:00:00,0,12864,1924,2061,7699,0,73,71,55,59,66,5,100,1,0,0,0
159702,2026/03/12 00:00:00,0,12960,2062,2093,7408,0,73,70,57,60,67,5,100,1,0,0,0
159702,2026/03/13 00:00:00,0,12681,1970,1800,6741,0,75,72,56,59,68,5,100,1,0,0,0
159702,2026/03/14 00:00:00,0,6408,727,221,800,0,89,87,74,72,86,0,100,0,0,0,0
159702,2026/03/15 00:00:00,0,6069,557,120,358,0,89,87,77,72,88,0,100,1,0,0,0
159702,2026/03/16 00:00:00,0,12570,1844,2169,7039,0,74,71,57,60,67,5,100,1,0,0,0
159702,2026/03/17 00:00:00,0,13201,1930,2173,7183,0,69,66,51,56,63,5,100,1,0,0,0
159702,2026/03/18 00:00:00,0,13543,2196,2106,8632,0,73,70,55,58,66,5,100,1,0,0,0
159702,2026/03/19 00:00:00,0,13336,2018,2260,8297,0,72,70,55,59,65,5,100,1,0,0,0
159702,2026/03/20 00:00:00,0,13179,1884,2136,8085,0,73,71,56,60,66,5,100,1,0,0,0
159702,2026/03/21 00:00:00,0,918,115,39,311,0,89,86,71,71,83,0,100,0,0,0,0
159702,2026/03/22 00:00:00,0,6181,572,129,371,0,89,87,78,73,88,0,100,1,0,0,0
159702,2026/03/23 00:00:00,0,12613,1839,2298,7703,0,70,68,54,58,64,6,100,1,0,0,0
159702,2026/03/24 00:00:00,0,13029,1973,2362,8115,0,72,71,55,60,66,5,100,1,0,0,0
159702,2026/03/25 00:00:00,0,13036,2013,2325,8017,0,71,69,54,58,64,5,100,1,0,0,0
159702,2026/03/26 00:00:00,0,14044,2121,2278,8485,0,69,67,53,56,63,6,100,1,0,0,0
159702,2026/03/27 00:00:00,0,13596,2047,2294,8280,0,69,68,54,58,63,6,100,1,0,0,0
159702,2026/03/28 00:00:00,0,6083,753,266,989,0,70,69,64,64,69,1,100,0,0,0,0
159702,2026/03/29 00:00:00,0,5288,496,163,372,0,70,69,66,63,69,0,100,1,0,0,1
159702,2026/03/30 00:00:00,0,13342,1955,2338,7852,0,67,64,51,55,61,6,100,1,1,0,0
159702,2026/03/31 00:00:00,0,13852,2084,2601,8502,0,71,69,55,58,64,6,100,1,0,0,0
159801,2026/03/01 00:00:00,0,922,44,5,3,0,64,60,52,52,63,0,100,0,0,0,0
159801,2026/03/02 00:00:00,0,1834,107,17,8,0,65,61,47,46,64,1,100,0,0,0,0
159801,2026/03/03 00:00:00,0,1919,164,22,3,0,65,59,54,42,64,1,100,0,0,0,0
159801,2026/03/04 00:00:00,0,1878,143,29,6,0,64,58,54,42,63,1,100,1,0,0,0
159801,2026/03/05 00:00:00,0,1821,157,15,9,0,65,60,56,45,64,1,100,0,0,0,0
159801,2026/03/06 00:00:00,0,1835,130,30,8,0,65,59,51,44,64,1,100,0,0,0,0
159801,2026/03/07 00:00:00,0,1230,86,17,3,0,64,59,57,55,64,0,100,1,0,0,0
159801,2026/03/08 00:00:00,0,984,37,7,4,0,64,59,56,46,63,0,100,0,0,0,0
159801,2026/03/09 00:00:00,0,1736,132,22,8,0,65,60,52,43,64,1,100,0,0,0,0
159801,2026/03/10 00:00:00,0,1840,137,30,14,0,64,59,53,48,64,1,100,0,0,0,0
159801,2026/03/11 00:00:00,0,1821,136,42,9,0,64,60,53,43,64,1,100,0,0,0,0
159801,2026/03/12 00:00:00,0,1797,137,29,7,0,65,60,53,41,64,1,100,0,0,0,0
159801,2026/03/13 00:00:00,0,1812,147,25,8,0,64,59,50,43,63,1,100,1,0,0,0
159801,2026/03/14 00:00:00,0,1192,76,21,2,0,64,60,58,52,64,0,100,1,0,0,0
159801,2026/03/15 00:00:00,0,778,43,9,3,0,64,60,44,45,63,0,100,0,0,0,0
159801,2026/03/16 00:00:00,0,1683,130,24,6,0,64,60,52,45,63,1,100,0,0,0,0
159801,2026/03/17 00:00:00,0,1735,127,30,9,0,65,61,54,48,65,1,100,0,0,0,0
159801,2026/03/18 00:00:00,0,1721,124,24,6,0,65,60,53,46,64,1,100,0,0,0,0
159801,2026/03/19 00:00:00,0,1891,154,28,14,0,65,59,54,45,64,1,100,0,0,0,0
159801,2026/03/20 00:00:00,0,1824,128,29,6,0,64,59,54,45,63,1,100,0,0,0,0
159801,2026/03/21 00:00:00,0,1052,71,22,1,0,64,59,58,55,64,0,100,0,0,0,0
159801,2026/03/22 00:00:00,0,962,48,7,4,0,64,61,50,46,63,0,100,1,0,0,0
159801,2026/03/23 00:00:00,0,1589,123,23,8,0,64,60,44,41,63,1,100,0,0,0,0
159801,2026/03/24 00:00:00,0,1856,137,32,4,0,65,59,52,45,64,1,100,1,0,0,0
159801,2026/03/25 00:00:00,0,1886,153,31,6,0,64,60,49,44,63,1,100,0,0,0,0
159801,2026/03/26 00:00:00,0,1777,136,22,10,0,64,59,50,44,63,1,100,0,0,0,0
159801,2026/03/27 00:00:00,0,1787,140,33,6,0,64,60,55,42,64,1,100,0,0,0,0
159801,2026/03/28 00:00:00,0,1124,72,26,2,0,64,59,56,35,63,0,100,0,0,0,0
159801,2026/03/29 00:00:00,0,914,46,11,3,0,64,61,55,52,64,0,100,1,0,0,0
159801,2026/03/30 00:00:00,0,1732,117,24,6,0,64,60,49,48,63,1,100,0,0,0,0
159801,2026/03/31 00:00:00,0,1889,143,27,6,0,64,59,52,45,64,1,100,0,0,0,0
159803,2026/03/01 00:00:00,0,14986,1466,243,442,0,110,109,96,87,109,2,100,1,0,0,0
159803,2026/03/02 00:00:00,0,18885,3062,942,6538,0,106,102,88,84,99,7,100,1,0,0,0
159803,2026/03/03 00:00:00,0,19205,3127,1027,6373,0,107,103,89,85,100,6,100,1,0,0,0
159803,2026/03/04 00:00:00,0,18640,2968,947,6489,0,103,98,86,83,96,7,100,1,0,0,0
159803,2026/03/05 00:00:00,0,19689,3128,999,6553,0,107,103,90,85,101,6,100,1,0,0,0
159803,2026/03/06 00:00:00,0,22463,3446,1127,6426,0,107,103,91,85,101,6,100,1,0,0,0
159803,2026/03/07 00:00:00,0,18007,2080,454,1028,0,111,108,98,86,109,2,100,1,0,0,0
159803,2026/03/08 00:00:00,0,16659,1686,304,462,0,111,109,98,87,110,2,100,1,0,0,0
159803,2026/03/09 00:00:00,0,18409,3105,934,6229,0,106,101,89,84,99,7,100,1,0,0,0
159803,2026/03/10 00:00:00,0,18806,3095,1022,6477,0,105,101,88,84,99,6,100,1,0,0,0
159803,2026/03/11 00:00:00,0,18342,2947,938,6306,0,105,101,88,84,98,6,100,1,0,0,0
159803,2026/03/12 00:00:00,0,19408,3086,1017,5970,0,106,102,89,84,100,6,100,1,0,0,0
159803,2026/03/13 00:00:00,0,20622,3310,995,5607,0,104,101,87,83,99,6,100,1,0,0,0
159803,2026/03/14 00:00:00,0,16017,1931,391,946,0,109,107,95,86,107,2,100,1,0,0,0
159803,2026/03/15 00:00:00,0,15209,1481,240,422,0,110,108,96,87,109,2,100,1,0,0,0
159803,2026/03/16 00:00:00,0,18542,3089,919,6234,0,104,100,88,83,98,7,100,0,0,0,0
159803,2026/03/17 00:00:00,0,18494,3078,959,6455,0,107,103,89,85,100,6,100,1,0,0,0
159803,2026/03/18 00:00:00,0,19024,3124,992,6488,0,108,104,90,85,101,6,100,1,0,0,0
159803,2026/03/19 00:00:00,0,20202,3337,1097,6764,0,107,104,90,85,100,7,100,1,0,0,0
159803,2026/03/20 00:00:00,0,21635,3264,1024,6043,0,107,104,90,85,101,6,100,1,0,0,0
159803,2026/03/21 00:00:00,0,17625,1963,472,1001,0,110,108,98,86,108,2,100,1,0,0,0
159803,2026/03/22 00:00:00,0,16272,1626,320,431,0,110,108,98,87,109,2,100,1,0,0,0
159803,2026/03/23 00:00:00,0,19094,2988,970,6411,0,105,101,88,84,98,7,100,1,0,0,0
159803,2026/03/24 00:00:00,0,18856,3022,1001,6459,0,105,101,88,84,98,6,100,1,0,0,0
159803,2026/03/25 00:00:00,0,19332,3127,932,6844,0,102,99,87,83,96,7,100,0,0,0,0
159803,2026/03/26 00:00:00,0,19985,3110,1025,6674,0,104,101,88,84,98,7,100,1,0,0,0
159803,2026/03/27 00:00:00,0,22903,3861,1236,6426,0,105,103,90,84,100,6,100,1,0,0,0
159803,2026/03/28 00:00:00,0,17918,2266,740,1254,0,108,105,93,86,105,3,100,1,0,0,0
159803,2026/03/29 00:00:00,0,15872,1617,412,459,0,109,106,95,87,107,2,100,1,0,0,1
159803,2026/03/30 00:00:00,0,20066,3392,1012,6596,0,103,99,87,83,97,7,100,0,0,0,0
159803,2026/03/31 00:00:00,0,19760,3292,1121,6704,0,106,103,89,84,100,7,100,1,0,0,0
159804,2026/03/01 00:00:00,0,15213,1065,257,343,0,100,102,81,74,99,1,100,1,0,0,0
159804,2026/03/02 00:00:00,0,19418,2714,2449,5102,0,91,89,68,68,83,5,100,0,0,0,0
159804,2026/03/03 00:00:00,0,21239,2998,2436,5540,0,86,84,66,66,80,6,100,1,0,0,0
159804,2026/03/04 00:00:00,0,21149,2965,2400,5757,0,90,87,67,68,82,6,100,1,0,0,0
159804,2026/03/05 00:00:00,0,21292,2906,2409,5492,0,88,87,67,67,81,6,100,1,0,0,0
159804,2026/03/06 00:00:00,0,21709,2942,2268,4888,0,98,95,72,72,90,4,100,1,0,0,0
159804,2026/03/07 00:00:00,0,17723,1576,487,759,0,101,101,81,74,99,1,100,0,0,0,0
159804,2026/03/08 00:00:00,0,17573,1492,361,366,0,101,103,83,74,100,1,100,1,0,0,0
159804,2026/03/09 00:00:00,0,20892,2938,2401,5346,0,91,90,68,68,83,6,100,1,0,0,0
159804,2026/03/10 00:00:00,0,20579,2839,2324,5303,0,84,83,65,66,77,6,100,1,0,0,0
159804,2026/03/11 00:00:00,0,20776,2948,2332,5426,0,91,89,68,68,83,5,100,1,0,0,0
159804,2026/03/12 00:00:00,0,20572,2767,2133,5004,0,88,86,67,67,81,6,100,1,0,0,0
159804,2026/03/13 00:00:00,0,19813,2607,1892,4405,0,81,78,62,62,75,7,100,1,0,0,0
159804,2026/03/14 00:00:00,0,15409,1309,405,689,0,101,102,80,73,99,1,100,1,0,0,0
159804,2026/03/15 00:00:00,0,16226,1160,313,323,0,101,102,82,74,100,1,100,0,0,0,0
159804,2026/03/16 00:00:00,0,20057,2810,2233,5237,0,83,83,65,65,77,6,100,1,0,0,0
159804,2026/03/17 00:00:00,0,21513,2957,2336,5464,0,91,89,68,68,84,5,100,1,0,0,0
159804,2026/03/18 00:00:00,0,20422,2829,2389,5658,0,83,81,63,64,76,7,100,1,0,0,0
159804,2026/03/19 00:00:00,0,21127,2873,2244,5334,0,88,86,66,66,81,6,100,1,0,0,0
159804,2026/03/20 00:00:00,0,22842,3009,2342,5371,0,94,92,69,69,86,5,100,1,0,0,0
159804,2026/03/21 00:00:00,0,19203,1668,513,849,0,101,101,81,74,99,2,100,0,0,0,0
159804,2026/03/22 00:00:00,0,19381,1659,445,434,0,101,101,83,74,100,2,100,1,0,0,0
159804,2026/03/23 00:00:00,0,20693,2871,2449,5437,0,86,83,65,65,79,6,100,1,0,0,0
159804,2026/03/24 00:00:00,0,21347,2857,2425,5744,0,88,86,66,67,81,6,100,1,0,0,0
159804,2026/03/25 00:00:00,0,21143,3000,2442,5573,0,92,89,69,69,84,5,100,1,0,0,0
159804,2026/03/26 00:00:00,0,21790,2980,2452,5781,0,81,79,62,62,75,7,100,1,1,0,0
159804,2026/03/27 00:00:00,0,23236,3117,2381,5407,0,91,88,68,67,84,6,100,1,0,0,0
159804,2026/03/28 00:00:00,0,18258,1571,549,815,0,101,101,79,74,99,1,100,0,0,0,0
159804,2026/03/29 00:00:00,0,16568,1292,366,384,0,101,102,82,74,100,1,100,1,0,0,1
159804,2026/03/30 00:00:00,0,20668,2904,2414,5450,0,84,83,64,65,78,7,100,1,0,0,0
159804,2026/03/31 00:00:00,0,21956,3104,2759,5740,0,90,89,68,68,83,6,100,1,0,0,0
169601,2026/03/01 00:00:00,0,3111,301,55,172,0,96,96,88,86,95,0,100,0,0,0,0
169601,2026/03/02 00:00:00,0,10892,1910,975,7305,0,86,87,80,79,83,7,100,1,0,0,0
169601,2026/03/03 00:00:00,0,11024,1979,996,7631,0,87,88,81,80,84,7,100,1,0,0,0
169601,2026/03/04 00:00:00,0,10357,1943,932,7371,0,84,84,79,79,81,8,100,1,0,0,0
169601,2026/03/05 00:00:00,0,11545,1982,1021,7205,0,87,87,81,79,84,7,100,1,0,0,0
169601,2026/03/06 00:00:00,0,11312,1914,923,6450,0,90,89,82,81,86,6,100,1,0,0,0
169601,2026/03/07 00:00:00,0,5114,661,154,712,0,96,94,89,84,94,1,100,0,0,0,0
169601,2026/03/08 00:00:00,0,4188,448,98,248,0,96,95,90,85,95,0,100,0,0,0,0
169601,2026/03/09 00:00:00,0,10706,1940,968,7207,0,86,87,81,80,83,7,100,0,0,0,0
169601,2026/03/10 00:00:00,0,10979,1957,965,7225,0,87,87,81,80,84,7,100,1,0,0,0
169601,2026/03/11 00:00:00,0,10506,1868,851,6789,0,88,89,81,80,85,7,100,1,0,0,0
169601,2026/03/12 00:00:00,0,10381,1877,866,6102,0,91,91,83,81,87,6,100,1,0,0,0
169601,2026/03/13 00:00:00,0,11901,1939,781,5949,0,84,85,79,78,82,7,100,0,0,0,0
169601,2026/03/14 00:00:00,0,4236,535,140,545,0,97,95,90,84,95,0,100,0,0,0,0
169601,2026/03/15 00:00:00,0,3557,349,85,216,0,96,96,90,85,95,0,100,0,0,0,0
169601,2026/03/16 00:00:00,0,9247,1723,774,6737,0,90,90,83,81,86,6,100,0,0,0,0
169601,2026/03/17 00:00:00,0,9543,1646,771,6792,0,89,89,82,81,86,6,100,1,0,0,0
169601,2026/03/18 00:00:00,0,9858,1724,800,7045,0,92,91,83,82,87,6,100,0,0,0,0
169601,2026/03/19 00:00:00,0,11717,2153,921,7554,0,88,87,81,80,84,7,100,1,0,0,0
169601,2026/03/20 00:00:00,0,10955,1768,758,6183,0,91,91,83,82,88,6,100,1,0,0,0
169601,2026/03/21 00:00:00,0,2456,307,63,382,0,96,93,89,84,94,0,100,0,0,0,0
169601,2026/03/22 00:00:00,0,4008,425,87,246,0,96,95,91,86,95,0,100,0,0,0,0
169601,2026/03/23 00:00:00,0,10366,1883,874,7367,0,89,89,82,81,85,7,100,1,0,0,0
169601,2026/03/24 00:00:00,0,11671,1988,917,7919,0,85,86,81,80,83,8,100,1,0,0,0
169601,2026/03/25 00:00:00,0,12169,2122,1019,8349,0,87,87,80,79,83,8,100,1,0,0,0
169601,2026/03/26 00:00:00,0,12603,2074,1022,7941,0,85,85,80,78,82,8,100,1,0,0,0
169601,2026/03/27 00:00:00,0,12526,2127,1009,7291,0,86,85,80,79,83,7,100,1,0,0,0
169601,2026/03/28 00:00:00,0,5347,719,180,876,0,96,94,89,84,94,1,100,0,0,0,0
169601,2026/03/29 00:00:00,0,4227,418,104,328,0,96,95,90,84,95,0,100,1,0,0,0
169601,2026/03/30 00:00:00,0,10584,1991,922,7701,0,87,87,81,79,84,7,100,1,0,0,0
169601,2026/03/31 00:00:00,0,11386,2025,992,7687,0,87,87,81,80,84,7,100,0,0,0,0
169602,2026/03/01 00:00:00,0,4599,523,83,278,0,96,96,91,88,96,0,100,0,0,0,0
169602,2026/03/02 00:00:00,0,10358,1928,951,7933,0,70,71,57,65,67,5,100,1,0,0,0
169602,2026/03/03 00:00:00,0,12126,2254,989,8872,0,74,74,69,71,72,5,100,1,0,0,0
169602,2026/03/04 00:00:00,0,11606,2299,867,8760,0,74,75,69,72,73,5,100,1,0,0,0
169602,2026/03/05 00:00:00,0,12038,2248,1016,8880,0,77,78,71,72,75,5,100,1,0,0,0
169602,2026/03/06 00:00:00,0,11701,2249,965,7994,0,81,81,76,76,79,4,100,1,0,0,0
169602,2026/03/07 00:00:00,0,4758,807,173,864,0,95,94,91,87,94,0,100,0,0,0,0
169602,2026/03/08 00:00:00,0,4930,650,102,293,0,96,95,91,87,95,0,100,1,0,0,0
169602,2026/03/09 00:00:00,0,11515,2123,953,7893,0,75,76,71,73,74,5,100,1,0,0,0
169602,2026/03/10 00:00:00,0,11984,2261,898,7961,0,77,80,74,75,76,4,100,1,0,0,0
169602,2026/03/11 00:00:00,0,11559,2213,832,8050,0,84,85,77,78,82,4,100,1,0,0,0
169602,2026/03/12 00:00:00,0,11658,2303,887,7799,0,88,88,81,80,85,3,100,0,0,0,0
169602,2026/03/13 00:00:00,0,11127,2203,715,6819,0,90,89,82,81,86,3,100,1,0,0,0
169602,2026/03/14 00:00:00,0,4986,784,164,701,0,95,94,91,87,94,0,100,1,0,0,0
169602,2026/03/15 00:00:00,0,5369,620,109,284,0,96,96,91,89,96,0,100,0,0,0,0
169602,2026/03/16 00:00:00,0,11208,2122,816,7829,0,84,85,78,78,82,4,100,1,0,0,0
169602,2026/03/17 00:00:00,0,11762,2185,778,7861,0,87,86,77,77,83,4,100,1,0,0,0
169602,2026/03/18 00:00:00,0,12055,2396,890,8966,0,87,87,77,77,82,4,100,1,0,0,0
169602,2026/03/19 00:00:00,0,11970,2287,837,8497,0,89,89,80,80,85,3,100,1,0,0,0
169602,2026/03/20 00:00:00,0,11470,2102,776,7746,0,86,86,77,76,82,4,100,0,0,0,0
169602,2026/03/21 00:00:00,0,2878,513,83,517,0,95,94,91,87,94,0,100,0,0,0,0
169602,2026/03/22 00:00:00,0,5547,714,115,327,0,96,95,92,87,95,0,100,1,0,0,0
169602,2026/03/23 00:00:00,0,11829,2121,882,8655,0,72,74,66,68,70,5,100,1,0,0,0
169602,2026/03/24 00:00:00,0,11863,2176,928,8921,0,75,76,67,70,73,5,100,1,0,0,0
169602,2026/03/25 00:00:00,0,11847,2216,922,8764,0,77,79,70,72,75,5,100,1,0,0,0
169602,2026/03/26 00:00:00,0,12575,2395,996,9098,0,71,72,63,67,69,5,100,0,0,0,0
169602,2026/03/27 00:00:00,0,12300,2365,923,8502,0,78,78,71,73,76,5,100,1,0,0,0
169602,2026/03/28 00:00:00,0,5595,909,204,976,0,95,93,91,87,93,0,100,1,0,0,0
169602,2026/03/29 00:00:00,0,4904,616,117,341,0,96,95,91,88,95,0,100,1,0,0,0
169602,2026/03/30 00:00:00,0,12261,2225,909,8916,0,69,70,59,65,66,6,100,1,0,0,0
169602,2026/03/31 00:00:00,0,12577,2355,1097,9237,0,67,69,60,65,66,6,100,1,0,0,0
169701,2026/03/01 00:00:00,0,2994,420,55,177,0,98,98,92,88,97,0,100,0,0,0,0
169701,2026/03/02 00:00:00,0,10697,2054,813,7468,0,88,89,83,81,85,7,100,1,0,0,0
169701,2026/03/03 00:00:00,0,10832,2142,810,7796,0,90,91,84,82,87,7,100,1,0,0,0
169701,2026/03/04 00:00:00,0,10136,2121,778,7518,0,85,87,82,80,83,8,100,1,0,0,0
169701,2026/03/05 00:00:00,0,11362,2142,910,7290,0,89,90,84,82,86,7,100,0,0,0,0
169701,2026/03/06 00:00:00,0,11135,2077,820,6553,0,92,92,85,83,89,6,100,1,0,0,0
169701,2026/03/07 00:00:00,0,4946,831,167,720,0,98,96,92,86,96,1,100,0,0,0,0
169701,2026/03/08 00:00:00,0,4044,596,97,252,0,98,97,92,87,97,0,100,0,0,0,0
169701,2026/03/09 00:00:00,0,10511,2091,863,7302,0,88,89,84,82,86,7,100,0,0,0,0
169701,2026/03/10 00:00:00,0,10788,2108,832,7337,0,90,90,84,82,86,7,100,1,0,0,0
169701,2026/03/11 00:00:00,0,10277,2041,740,6899,0,91,91,84,82,87,7,100,0,0,0,0
169701,2026/03/12 00:00:00,0,10168,2053,755,6210,0,94,94,85,83,90,6,100,1,0,0,0
169701,2026/03/13 00:00:00,0,11644,2143,707,6017,0,87,88,82,80,84,7,100,0,0,0,0
169701,2026/03/14 00:00:00,0,4059,682,140,558,0,98,97,92,86,96,0,100,0,0,0,0
169701,2026/03/15 00:00:00,0,3434,468,94,219,0,98,98,92,86,97,0,100,0,0,0,0
169701,2026/03/16 00:00:00,0,9081,1855,678,6808,0,92,92,85,83,88,6,100,1,0,0,0
169701,2026/03/17 00:00:00,0,9369,1793,673,6872,0,92,92,85,83,88,6,100,1,0,0,0
169701,2026/03/18 00:00:00,0,9684,1875,696,7148,0,94,94,85,84,90,6,100,1,0,0,0
169701,2026/03/19 00:00:00,0,11536,2293,814,7643,0,91,91,84,82,87,7,100,0,0,0,0
169701,2026/03/20 00:00:00,0,10770,1923,674,6263,0,94,93,86,84,90,6,100,0,0,0,0
169701,2026/03/21 00:00:00,0,2377,380,69,382,0,97,96,92,86,96,0,100,0,0,0,0
169701,2026/03/22 00:00:00,0,3842,590,96,249,0,98,97,93,88,97,0,100,0,0,0,0
169701,2026/03/23 00:00:00,0,10177,2009,770,7477,0,91,91,85,83,88,7,100,0,0,0,0
169701,2026/03/24 00:00:00,0,11485,2121,810,8018,0,88,89,84,82,86,7,100,1,0,0,0
169701,2026/03/25 00:00:00,0,11929,2295,887,8469,0,89,89,83,81,85,8,100,0,0,0,0
169701,2026/03/26 00:00:00,0,12372,2258,896,8057,0,88,88,83,80,85,8,100,0,0,0,0
169701,2026/03/27 00:00:00,0,12303,2277,898,7402,0,89,88,84,81,86,7,100,1,0,0,0
169701,2026/03/28 00:00:00,0,5136,901,192,886,0,98,96,92,86,96,1,100,0,0,0,0
169701,2026/03/29 00:00:00,0,4093,550,109,342,0,98,97,93,86,97,0,100,1,0,0,0
169701,2026/03/30 00:00:00,0,10461,2095,809,7797,0,90,90,83,81,86,7,100,0,0,0,0
169701,2026/03/31 00:00:00,0,11199,2157,856,7801,0,89,90,84,82,86,7,100,0,0,0,0
169702,2026/03/01 00:00:00,0,4692,436,79,270,0,92,92,84,80,92,0,100,1,0,0,0
169702,2026/03/02 00:00:00,0,10463,1865,978,7766,0,65,65,52,58,61,6,100,1,0,0,0
169702,2026/03/03 00:00:00,0,12262,2184,992,8743,0,68,69,62,63,66,5,100,1,0,0,0
169702,2026/03/04 00:00:00,0,11725,2207,896,8624,0,69,71,65,65,67,5,100,1,0,0,0
169702,2026/03/05 00:00:00,0,12185,2187,1035,8699,0,71,73,64,64,68,5,100,1,0,0,0
169702,2026/03/06 00:00:00,0,11843,2153,993,7823,0,75,76,69,68,72,4,100,0,0,0,0
169702,2026/03/07 00:00:00,0,4847,726,170,850,0,90,89,84,78,88,0,100,0,0,0,0
169702,2026/03/08 00:00:00,0,5021,553,100,288,0,91,91,85,80,91,0,100,0,0,0,0
169702,2026/03/09 00:00:00,0,11623,2066,975,7775,0,70,71,63,65,67,5,100,0,0,0,0
169702,2026/03/10 00:00:00,0,12159,2155,921,7814,0,71,75,66,66,69,5,100,1,0,0,0
169702,2026/03/11 00:00:00,0,11737,2082,844,7909,0,78,80,70,69,74,4,100,0,0,0,0
169702,2026/03/12 00:00:00,0,11841,2182,910,7645,0,81,82,73,71,77,4,100,0,0,0,0
169702,2026/03/13 00:00:00,0,11327,2076,738,6666,0,82,83,74,71,78,3,100,1,0,0,0
169702,2026/03/14 00:00:00,0,5087,706,161,676,0,91,90,85,79,89,0,100,0,0,0,0
169702,2026/03/15 00:00:00,0,5454,537,108,275,0,92,92,86,81,92,0,100,0,0,0,0
169702,2026/03/16 00:00:00,0,11355,2031,838,7666,0,78,79,70,69,74,4,100,1,0,0,0
169702,2026/03/17 00:00:00,0,11902,2096,783,7728,0,80,81,69,69,76,4,100,1,0,0,0
169702,2026/03/18 00:00:00,0,12226,2292,887,8848,0,80,80,70,68,75,4,100,1,0,0,0
169702,2026/03/19 00:00:00,0,12147,2168,879,8346,0,82,83,73,71,77,4,100,0,0,0,0
169702,2026/03/20 00:00:00,0,11593,2017,782,7628,0,81,81,72,69,76,4,100,0,0,0,0
169702,2026/03/21 00:00:00,0,2928,458,81,504,0,91,91,85,78,89,0,100,0,0,0,0
169702,2026/03/22 00:00:00,0,5659,624,116,322,0,92,90,86,80,91,0,100,0,0,0,0
169702,2026/03/23 00:00:00,0,11932,2060,892,8516,0,68,70,63,62,66,5,100,1,0,0,0
169702,2026/03/24 00:00:00,0,11989,2120,946,8749,0,70,71,63,64,67,5,100,0,0,0,0
169702,2026/03/25 00:00:00,0,11990,2126,907,8660,0,71,74,65,65,68,5,100,0,0,0,0
169702,2026/03/26 00:00:00,0,12735,2275,1041,8927,0,66,68,59,61,64,5,100,1,0,0,0
169702,2026/03/27 00:00:00,0,12472,2261,941,8349,0,72,74,66,66,69,5,100,1,0,0,0
169702,2026/03/28 00:00:00,0,5726,799,191,962,0,90,89,84,78,88,0,100,1,0,0,0
169702,2026/03/29 00:00:00,0,4999,522,110,339,0,92,92,85,80,91,0,100,1,0,0,0
169702,2026/03/30 00:00:00,0,12385,2134,914,8802,0,66,67,58,60,63,6,100,1,0,0,0
169702,2026/03/31 00:00:00,0,12758,2257,1082,9116,0,65,67,59,60,63,6,100,1,0,0,0
190001,2026/03/01 00:00:00,0,45,1712,71,19,0,96,99,101,85,99,0,100,1,1,0,0
190001,2026/03/02 00:00:00,0,120,3972,502,828,0,92,92,91,83,90,4,100,1,1,0,0
190001,2026/03/03 00:00:00,0,180,4536,568,1117,0,86,88,85,76,85,5,100,1,0,0,0
190001,2026/03/04 00:00:00,0,146,3864,484,756,0,95,94,92,84,92,3,100,1,0,0,0
190001,2026/03/05 00:00:00,0,134,4198,511,797,0,93,93,92,83,91,4,100,1,0,0,0
190001,2026/03/06 00:00:00,0,140,3712,452,611,0,95,96,95,84,94,3,100,1,1,0,0
190001,2026/03/07 00:00:00,0,63,2110,136,43,0,95,99,99,88,99,1,100,1,0,0,0
190001,2026/03/08 00:00:00,0,71,1661,91,20,0,97,99,99,84,99,0,100,1,0,0,0
190001,2026/03/09 00:00:00,0,122,3957,464,732,0,91,92,91,82,90,4,100,1,0,0,0
190001,2026/03/10 00:00:00,0,132,4427,563,802,0,92,92,90,83,90,4,100,1,0,0,0
190001,2026/03/11 00:00:00,0,139,4255,486,763,0,89,92,89,81,90,4,100,1,0,0,0
190001,2026/03/12 00:00:00,0,147,4272,554,759,0,93,93,91,82,91,4,100,1,0,0,0
190001,2026/03/13 00:00:00,0,134,4305,555,793,0,89,91,88,80,89,4,100,1,0,0,0
190001,2026/03/14 00:00:00,0,52,2250,130,54,0,93,99,100,84,99,1,100,1,1,0,0
190001,2026/03/15 00:00:00,0,52,1843,75,22,0,101,99,101,88,99,0,100,0,0,0,0
190001,2026/03/16 00:00:00,0,120,4316,524,965,0,90,93,92,82,91,4,100,1,1,0,0
190001,2026/03/17 00:00:00,0,171,4548,576,973,0,91,92,91,83,91,4,100,1,0,0,0
190001,2026/03/18 00:00:00,0,171,4332,608,1054,0,76,89,85,76,85,6,100,1,0,0,0
190001,2026/03/19 00:00:00,0,148,4690,614,976,0,89,92,90,81,90,4,100,1,0,0,0
190001,2026/03/20 00:00:00,0,110,3632,441,582,0,94,95,93,83,93,2,100,1,1,0,0
190001,2026/03/21 00:00:00,0,76,2284,125,54,0,99,98,99,82,97,1,100,1,1,0,0
190001,2026/03/22 00:00:00,0,71,1876,106,35,0,97,98,98,82,97,1,100,1,0,0,0
190001,2026/03/23 00:00:00,0,135,4118,574,1017,0,76,86,82,73,83,5,100,1,0,0,0
190001,2026/03/24 00:00:00,0,173,4589,588,944,0,93,91,90,83,89,4,100,1,0,0,0
190001,2026/03/25 00:00:00,0,133,4433,584,1100,0,91,92,90,83,90,4,100,1,0,0,0
190001,2026/03/26 00:00:00,0,219,5201,736,1418,0,56,83,81,73,80,7,100,1,1,0,0
190001,2026/03/27 00:00:00,0,153,4282,496,765,0,91,92,90,83,91,3,100,1,0,0,0
190001,2026/03/28 00:00:00,0,74,2242,125,57,0,100,99,98,89,98,1,100,1,1,0,0
190001,2026/03/29 00:00:00,0,57,1698,90,17,0,95,97,99,90,97,0,100,1,0,0,0
190001,2026/03/30 00:00:00,0,145,4592,625,1218,0,74,86,85,75,83,5,100,1,1,0,0
190001,2026/03/31 00:00:00,0,130,4719,585,967,0,86,88,88,80,87,5,100,1,0,0,0
190002,2026/03/01 00:00:00,0,1917,25,13,11,0,87,82,72,67,87,0,100,0,0,0,0
190002,2026/03/02 00:00:00,0,3239,141,216,234,0,85,82,71,69,83,1,100,1,0,0,0
190002,2026/03/03 00:00:00,0,3759,156,293,294,0,84,81,71,70,82,2,100,0,0,0,0
190002,2026/03/04 00:00:00,0,3420,150,216,241,0,86,80,72,70,83,1,100,1,0,0,0
190002,2026/03/05 00:00:00,0,3535,169,176,243,0,86,83,73,70,84,1,100,0,0,0,0
190002,2026/03/06 00:00:00,0,3509,165,150,236,0,86,82,73,71,84,1,100,0,0,0,0
190002,2026/03/07 00:00:00,0,2320,66,28,39,0,87,84,80,70,86,0,100,0,0,0,0
190002,2026/03/08 00:00:00,0,1840,26,14,6,0,88,83,81,73,88,0,100,0,0,0,0
190002,2026/03/09 00:00:00,0,3390,158,194,244,0,85,80,73,69,83,1,100,0,0,0,0
190002,2026/03/10 00:00:00,0,3584,147,171,272,0,85,80,72,69,83,1,100,1,0,0,0
190002,2026/03/11 00:00:00,0,3439,160,190,232,0,85,80,71,68,83,1,100,0,0,0,0
190002,2026/03/12 00:00:00,0,3502,151,166,226,0,85,80,72,69,83,1,100,0,0,0,0
190002,2026/03/13 00:00:00,0,3573,153,169,212,0,84,80,71,69,83,1,100,1,0,0,0
190002,2026/03/14 00:00:00,0,2482,50,29,23,0,87,83,78,69,86,0,100,0,0,0,0
190002,2026/03/15 00:00:00,0,1945,22,18,4,0,88,83,79,68,88,0,100,0,0,0,0
190002,2026/03/16 00:00:00,0,3416,160,245,246,0,84,79,70,68,82,1,100,1,0,0,0
190002,2026/03/17 00:00:00,0,3506,154,244,258,0,86,81,72,69,83,1,100,1,0,0,0
190002,2026/03/18 00:00:00,0,3622,170,220,256,0,86,82,72,70,84,1,100,1,0,0,0
190002,2026/03/19 00:00:00,0,3617,166,178,266,0,85,82,72,70,83,1,100,0,0,0,0
190002,2026/03/20 00:00:00,0,3545,183,133,214,0,85,81,72,70,84,1,100,0,0,0,0
190002,2026/03/21 00:00:00,0,2610,61,32,25,0,87,86,77,68,87,0,100,0,0,0,0
190002,2026/03/22 00:00:00,0,1825,32,19,5,0,88,86,78,65,88,0,100,0,0,0,0
190002,2026/03/23 00:00:00,0,3482,173,213,306,0,84,80,71,70,82,1,100,1,0,0,0
190002,2026/03/24 00:00:00,0,3549,165,185,240,0,85,81,73,69,83,1,100,1,0,0,0
190002,2026/03/25 00:00:00,0,3401,173,208,225,0,84,79,70,68,82,1,100,0,0,0,0
190002,2026/03/26 00:00:00,0,3794,194,189,298,0,83,80,70,68,81,1,100,0,0,0,0
190002,2026/03/27 00:00:00,0,3795,159,214,226,0,84,80,74,69,83,1,100,1,0,0,0
190002,2026/03/28 00:00:00,0,2474,66,37,28,0,85,81,78,71,85,0,100,0,0,0,0
190002,2026/03/29 00:00:00,0,1968,31,26,8,0,86,83,77,66,86,0,100,1,0,0,3
190002,2026/03/30 00:00:00,0,3626,212,195,266,0,82,78,72,67,81,2,100,1,0,0,0
190002,2026/03/31 00:00:00,0,3728,158,215,241,0,85,80,72,69,83,1,100,0,0,0,0
190005,2026/03/01 00:00:00,0,7121,6268,307,356,0,92,95,91,85,93,2,100,0,0,0,0
190005,2026/03/02 00:00:00,0,6393,8238,1160,6682,0,94,96,88,84,91,6,100,1,0,0,0
190005,2026/03/03 00:00:00,0,6181,8019,1147,6725,0,95,96,89,84,92,6,100,0,0,0,0
190005,2026/03/04 00:00:00,0,6345,8314,1219,7134,0,95,97,89,85,92,6,100,1,0,0,0
190005,2026/03/05 00:00:00,0,6701,9065,1329,7338,0,95,96,89,84,91,6,100,1,0,0,0
190005,2026/03/06 00:00:00,0,7572,10028,1356,6383,0,94,96,89,84,92,6,100,1,0,0,0
190005,2026/03/07 00:00:00,0,6744,7585,510,1028,0,93,96,91,85,94,2,100,1,0,0,0
190005,2026/03/08 00:00:00,0,6441,6640,326,337,0,93,95,91,86,94,2,100,1,0,0,0
190005,2026/03/09 00:00:00,0,6134,7864,1193,6253,0,95,97,88,84,92,6,100,1,0,0,0
190005,2026/03/10 00:00:00,0,6317,8462,1192,6759,0,94,96,88,84,91,6,100,1,0,0,0
190005,2026/03/11 00:00:00,0,6309,8195,1131,6596,0,93,96,87,83,90,6,100,1,0,0,0
190005,2026/03/12 00:00:00,0,6789,7973,1269,6287,0,94,96,88,84,91,5,100,1,0,0,0
190005,2026/03/13 00:00:00,0,7421,8962,1093,5492,0,93,96,87,83,91,5,100,1,0,0,0
190005,2026/03/14 00:00:00,0,6746,7479,492,1026,0,92,95,90,84,93,2,100,1,0,0,0
190005,2026/03/15 00:00:00,0,6817,6525,305,335,0,92,95,90,86,93,2,100,1,0,0,0
190005,2026/03/16 00:00:00,0,6380,8202,1182,6431,0,94,96,87,83,91,6,100,1,0,0,0
190005,2026/03/17 00:00:00,0,6596,8544,1224,6956,0,94,96,88,84,91,6,100,1,0,0,0
190005,2026/03/18 00:00:00,0,6542,8955,1341,7517,0,94,96,89,84,91,6,100,1,0,0,0
190005,2026/03/19 00:00:00,0,6627,9084,1232,6959,0,95,97,89,84,92,6,100,1,0,0,0
190005,2026/03/20 00:00:00,0,7817,10443,1247,6538,0,94,96,88,84,92,6,100,0,0,0,0
190005,2026/03/21 00:00:00,0,7464,8333,629,1093,0,93,96,90,84,94,3,100,1,0,0,0
190005,2026/03/22 00:00:00,0,6741,7104,409,376,0,93,96,90,86,94,2,100,1,0,0,0
190005,2026/03/23 00:00:00,0,6035,8093,1208,6784,0,94,97,88,84,91,6,100,1,0,0,0
190005,2026/03/24 00:00:00,0,6307,8005,1199,7396,0,94,97,87,83,91,6,100,1,0,0,0
190005,2026/03/25 00:00:00,0,6075,8000,1170,7064,0,93,95,86,82,90,6,100,1,0,0,0
190005,2026/03/26 00:00:00,0,6136,8660,1257,6760,0,93,96,87,83,90,6,100,0,0,0,0
190005,2026/03/27 00:00:00,0,7841,9930,1320,6433,0,93,96,88,83,91,6,100,1,0,0,0
190005,2026/03/28 00:00:00,0,7054,8236,694,1247,0,92,94,88,84,92,3,100,0,0,0,0
190005,2026/03/29 00:00:00,0,6872,6692,449,380,0,92,94,88,85,93,2,100,1,0,0,1
190005,2026/03/30 00:00:00,0,6042,8595,1220,6723,0,93,95,86,82,90,6,100,1,0,0,0
190005,2026/03/31 00:00:00,0,6571,8902,1294,7081,0,94,96,87,83,91,6,100,1,0,0,0
190006,2026/03/01 00:00:00,0,5526,9905,395,307,0,104,107,99,85,105,2,100,1,0,0,0
190006,2026/03/02 00:00:00,0,5376,8426,1132,5759,0,103,105,89,81,96,5,100,1,0,0,0
190006,2026/03/03 00:00:00,0,4858,7068,1057,5138,0,96,102,83,76,90,6,100,1,0,0,0
190006,2026/03/04 00:00:00,0,5174,7772,1130,6000,0,103,105,90,81,96,5,100,1,0,0,0
190006,2026/03/05 00:00:00,0,5484,8532,1207,5972,0,103,105,89,81,96,5,100,1,0,0,0
190006,2026/03/06 00:00:00,0,5691,8415,1240,5168,0,104,106,92,82,98,5,100,1,0,0,0
190006,2026/03/07 00:00:00,0,5905,9240,610,1004,0,105,108,99,84,105,2,100,1,0,0,0
190006,2026/03/08 00:00:00,0,6241,10543,448,345,0,105,108,99,85,106,2,100,0,0,0,0
190006,2026/03/09 00:00:00,0,5649,8603,1238,5659,0,100,104,87,80,94,6,100,1,1,0,0
190006,2026/03/10 00:00:00,0,5058,8189,1188,5595,0,103,105,90,81,96,5,100,1,0,0,0
190006,2026/03/11 00:00:00,0,5067,8437,1140,5901,0,102,104,89,81,95,5,100,1,0,0,0
190006,2026/03/12 00:00:00,0,5103,8255,1252,5124,0,103,105,90,81,96,5,100,1,0,0,0
190006,2026/03/13 00:00:00,0,5357,8667,1143,4755,0,102,104,89,81,96,5,100,1,0,0,0
190006,2026/03/14 00:00:00,0,5236,8919,561,892,0,105,108,98,84,105,2,100,1,0,0,0
190006,2026/03/15 00:00:00,0,5108,10100,364,318,0,105,108,99,85,106,2,100,1,0,0,0
190006,2026/03/16 00:00:00,0,4821,7737,1128,5311,0,103,106,89,80,95,5,100,1,0,0,0
190006,2026/03/17 00:00:00,0,5162,8173,1100,5868,0,104,106,90,81,96,5,100,1,0,0,0
190006,2026/03/18 00:00:00,0,4626,6965,1098,5474,0,99,103,85,78,92,5,100,1,0,0,0
190006,2026/03/19 00:00:00,0,5588,8553,1228,6124,0,101,104,89,80,94,6,100,1,0,0,0
190006,2026/03/20 00:00:00,0,6034,9098,1171,5461,0,102,104,91,81,96,5,100,1,0,0,0
190006,2026/03/21 00:00:00,0,6477,10063,682,1104,0,103,106,96,83,103,2,100,1,0,0,0
190006,2026/03/22 00:00:00,0,6405,11102,505,360,0,103,106,97,84,104,3,100,1,0,0,0
190006,2026/03/23 00:00:00,0,4588,6823,1008,4984,0,95,101,82,75,89,6,100,1,0,0,0
190006,2026/03/24 00:00:00,0,4901,7937,1074,5888,0,101,103,89,80,94,5,100,1,0,0,0
190006,2026/03/25 00:00:00,0,5056,7930,1053,6325,0,100,103,87,79,93,6,100,1,0,0,0
190006,2026/03/26 00:00:00,0,4314,6538,935,4714,0,90,96,77,71,84,6,100,1,0,0,0
190006,2026/03/27 00:00:00,0,5803,9023,1211,5510,0,101,103,90,81,95,5,100,1,0,0,0
190006,2026/03/28 00:00:00,0,5827,9343,677,1206,0,103,106,98,84,103,2,100,1,0,0,0
190006,2026/03/29 00:00:00,0,5832,10429,521,421,0,102,105,97,85,104,2,100,1,0,0,1
190006,2026/03/30 00:00:00,0,4445,6523,977,4726,0,93,99,79,73,87,6,100,1,0,0,0
190006,2026/03/31 00:00:00,0,4950,7439,1067,5413,0,99,103,88,80,93,5,100,1,0,0,0
190101,2026/03/01 00:00:00,0,14302,1262,269,295,0,79,96,77,73,80,2,100,1,0,0,0
190101,2026/03/02 00:00:00,0,14490,3936,1836,6223,0,81,95,73,72,80,7,100,1,0,0,0
190101,2026/03/03 00:00:00,0,14546,4079,1823,6374,0,81,96,74,73,80,7,100,1,0,0,0
190101,2026/03/04 00:00:00,0,14396,4298,1811,6713,0,81,97,74,73,80,7,100,1,0,0,0
190101,2026/03/05 00:00:00,0,15409,4566,1890,6881,0,81,97,75,73,81,7,100,1,0,0,0
190101,2026/03/06 00:00:00,0,16858,4927,1825,6006,0,81,97,76,73,81,7,100,1,0,0,0
190101,2026/03/07 00:00:00,0,14803,2182,484,959,0,80,100,79,72,81,2,100,1,0,0,0
190101,2026/03/08 00:00:00,0,13729,1485,261,282,0,80,100,79,74,81,2,100,1,0,0,0
190101,2026/03/09 00:00:00,0,13921,4124,1739,5845,0,81,97,74,73,81,6,100,1,0,0,0
190101,2026/03/10 00:00:00,0,14521,4402,1795,6350,0,80,95,73,72,79,7,100,1,0,0,0
190101,2026/03/11 00:00:00,0,14606,3910,1690,6217,0,80,95,72,71,79,7,100,1,0,0,0
190101,2026/03/12 00:00:00,0,14866,3972,1826,5849,0,80,94,73,72,79,6,100,1,0,0,0
190101,2026/03/13 00:00:00,0,16477,4050,1567,5150,0,79,94,72,71,79,6,100,1,0,0,0
190101,2026/03/14 00:00:00,0,15073,1983,474,915,0,79,98,77,70,80,3,100,0,0,0,0
190101,2026/03/15 00:00:00,0,14345,1219,254,281,0,79,99,78,74,80,2,100,0,0,0,0
190101,2026/03/16 00:00:00,0,14399,4217,1814,6013,0,80,95,72,72,79,7,100,1,0,0,0
190101,2026/03/17 00:00:00,0,14825,4433,1866,6546,0,81,96,73,72,80,7,100,1,0,0,0
190101,2026/03/18 00:00:00,0,15179,4634,1960,7049,0,81,97,74,73,80,7,100,1,0,0,0
190101,2026/03/19 00:00:00,0,15170,4801,1764,6560,0,81,98,74,73,81,7,100,1,0,0,0
190101,2026/03/20 00:00:00,0,17145,5325,1700,6161,0,80,97,75,73,81,7,100,1,0,0,0
190101,2026/03/21 00:00:00,0,16196,2630,586,1000,0,80,100,77,72,81,3,100,1,0,0,0
190101,2026/03/22 00:00:00,0,14193,1762,329,307,0,80,100,77,73,81,2,100,1,0,0,0
190101,2026/03/23 00:00:00,0,13792,4440,1866,6407,0,81,97,73,73,80,7,100,1,0,0,0
190101,2026/03/24 00:00:00,0,14127,4313,1881,6910,0,80,96,72,72,79,7,100,1,0,0,0
190101,2026/03/25 00:00:00,0,13864,4210,1774,6638,0,79,95,72,71,78,7,100,1,0,0,0
190101,2026/03/26 00:00:00,0,14891,4362,1777,6435,0,79,95,73,71,79,7,100,1,0,0,0
190101,2026/03/27 00:00:00,0,17533,4668,1912,5974,0,79,95,73,72,79,7,100,0,0,0,0
190101,2026/03/28 00:00:00,0,16050,2189,678,1075,0,78,95,76,71,79,3,100,1,0,0,0
190101,2026/03/29 00:00:00,0,14358,1407,397,301,0,78,96,77,73,79,2,100,1,0,0,1
190101,2026/03/30 00:00:00,0,14600,4329,1744,6365,0,79,94,72,71,78,7,100,1,0,0,0
190101,2026/03/31 00:00:00,0,15229,4599,1910,6623,0,80,96,73,72,80,7,100,1,0,0,0
